{"type":"FeatureCollection","generated_at":"2026-09-26T17:01:04.256Z","source":"iNaturalist v1 /observations — research-grade, photos=true","region":"nyc","bbox":[-74.1,40.55,-73.7,40.92],"feature_count":2000,"by_kingdom":{"Aves":652,"Mammalia":83,"Insecta":444,"Plantae":648,"Arachnida":15,"Reptilia":22,"Fungi":39,"Mollusca":27,"Animalia":39,"Actinopterygii":28,"Other":1,"Amphibia":2},"features":[{"type":"Feature","properties":{"id":"inat-403565752","inat_id":403565752,"observed_on":"2026-09-26","taxon_id":14850,"name":"European Starling","sci_name":"Sturnus vulgaris","iconic_taxon":"Aves","rank":"species","user":"pigeon_appreciator","photo":"https://inaturalist-open-data.s3.amazonaws.com/photos/740988946/medium.jpg","url":"https://www.inaturalist.org/observations/403565752"},"geometry":{"type":"Point","coordinates":[-73.9717116667,40.80098]}},{"type":"Feature","properties":{"id":"inat-403565295","inat_id":403565295,"observed_on":"2026-09-26","taxon_id":3017,"name":"Rock Pigeon","sci_name":"Columba livia","iconic_taxon":"Aves","rank":"species","user":"pigeon_appreciator","photo":"https://inaturalist-open-data.s3.amazonaws.com/photos/740988193/medium.jpg","url":"https://www.inaturalist.org/observations/403565295"},"geometry":{"type":"Point","coordinates":[-73.9717866667,40.8012116667]}},{"type":"Feature","properties":{"id":"inat-403565956","inat_id":403565956,"observed_on":"2026-09-26","taxon_id":3017,"name":"Rock Pigeon","sci_name":"Columba livia","iconic_taxon":"Aves","rank":"species","user":"pigeon_appreciator","photo":"https://inaturalist-open-data.s3.amazonaws.com/photos/740989232/medium.jpg","url":"https://www.inaturalist.org/observations/403565956"},"geometry":{"type":"Point","coordinates":[-73.97168,40.801355]}},{"type":"Feature","properties":{"id":"inat-403565591","inat_id":403565591,"observed_on":"2026-09-26","taxon_id":13858,"name":"House Sparrow","sci_name":"Passer domesticus","iconic_taxon":"Aves","rank":"species","user":"pigeon_appreciator","photo":"https://inaturalist-open-data.s3.amazonaws.com/photos/740988631/medium.jpg","url":"https://www.inaturalist.org/observations/403565591"},"geometry":{"type":"Point","coordinates":[-73.9716633333,40.801395]}},{"type":"Feature","properties":{"id":"inat-403565360","inat_id":403565360,"observed_on":"2026-09-26","taxon_id":46017,"name":"Eastern Gray Squirrel","sci_name":"Sciurus carolinensis","iconic_taxon":"Mammalia","rank":"species","user":"pigeon_appreciator","photo":"https://inaturalist-open-data.s3.amazonaws.com/photos/740988304/medium.jpg","url":"https://www.inaturalist.org/observations/403565360"},"geometry":{"type":"Point","coordinates":[-73.9717116667,40.8014466667]}},{"type":"Feature","properties":{"id":"inat-403558074","inat_id":403558074,"observed_on":"2026-09-26","taxon_id":324726,"name":"Spotted Lanternfly","sci_name":"Lycorma delicatula","iconic_taxon":"Insecta","rank":"species","user":"scottedmunds","photo":"https://inaturalist-open-data.s3.amazonaws.com/photos/741031379/medium.jpg","url":"https://www.inaturalist.org/observations/403558074"},"geometry":{"type":"Point","coordinates":[-73.9440133333,40.8109366667]}},{"type":"Feature","properties":{"id":"inat-403557290","inat_id":403557290,"observed_on":"2026-09-26","taxon_id":48599,"name":"American pokeweed","sci_name":"Phytolacca americana","iconic_taxon":"Plantae","rank":"species","user":"jj_teixeira","photo":"https://inaturalist-open-data.s3.amazonaws.com/photos/740972648/medium.jpg","url":"https://www.inaturalist.org/observations/403557290"},"geometry":{"type":"Point","coordinates":[-73.7528576238,40.7625780714]}},{"type":"Feature","properties":{"id":"inat-403552990","inat_id":403552990,"observed_on":"2026-09-26","taxon_id":3454,"name":"Mourning Dove","sci_name":"Zenaida macroura","iconic_taxon":"Aves","rank":"species","user":"pigeon_appreciator","photo":"https://inaturalist-open-data.s3.amazonaws.com/photos/740964958/medium.jpg","url":"https://www.inaturalist.org/observations/403552990"},"geometry":{"type":"Point","coordinates":[-73.97152,40.8019216667]}},{"type":"Feature","properties":{"id":"inat-403567555","inat_id":403567555,"observed_on":"2026-09-26","taxon_id":53582,"name":"American tuliptree","sci_name":"Liriodendron tulipifera","iconic_taxon":"Plantae","rank":"species","user":"alicats149","photo":"https://inaturalist-open-data.s3.amazonaws.com/photos/740991844/medium.jpg","url":"https://www.inaturalist.org/observations/403567555"},"geometry":{"type":"Point","coordinates":[-73.7528581844,40.7625751442]}},{"type":"Feature","properties":{"id":"inat-403555183","inat_id":403555183,"observed_on":"2026-09-26","taxon_id":10247,"name":"American Redstart","sci_name":"Setophaga ruticilla","iconic_taxon":"Aves","rank":"species","user":"gorbert","photo":"https://static.inaturalist.org/photos/740968590/medium.jpg","url":"https://www.inaturalist.org/observations/403555183"},"geometry":{"type":"Point","coordinates":[-74.0001511165,40.8365800968]}},{"type":"Feature","properties":{"id":"inat-403548513","inat_id":403548513,"observed_on":"2026-09-26","taxon_id":146797,"name":"Tufted Apple Bud Moth","sci_name":"Platynota idaeusalis","iconic_taxon":"Insecta","rank":"species","user":"timmyg2kx","photo":"https://inaturalist-open-data.s3.amazonaws.com/photos/740956282/medium.jpg","url":"https://www.inaturalist.org/observations/403548513"},"geometry":{"type":"Point","coordinates":[-73.8691466667,40.9003033333]}},{"type":"Feature","properties":{"id":"inat-403552906","inat_id":403552906,"observed_on":"2026-09-26","taxon_id":122767,"name":"Feral Pigeon","sci_name":"Columba livia domestica","iconic_taxon":"Aves","rank":"variety","user":"pigeon_appreciator","photo":"https://inaturalist-open-data.s3.amazonaws.com/photos/740964826/medium.jpg","url":"https://www.inaturalist.org/observations/403552906"},"geometry":{"type":"Point","coordinates":[-73.9678283333,40.8002466667]}},{"type":"Feature","properties":{"id":"inat-403480553","inat_id":403480553,"observed_on":"2026-09-26","taxon_id":81579,"name":"Triangulate Combfoot","sci_name":"Steatoda triangulosa","iconic_taxon":"Arachnida","rank":"species","user":"dariusnau","photo":"https://inaturalist-open-data.s3.amazonaws.com/photos/740826327/medium.jpg","url":"https://www.inaturalist.org/observations/403480553"},"geometry":{"type":"Point","coordinates":[-73.8358319993,40.7052473136]}},{"type":"Feature","properties":{"id":"inat-403424282","inat_id":403424282,"observed_on":"2026-09-25","taxon_id":51110,"name":"Eastern Carpenter Bee","sci_name":"Xylocopa virginica","iconic_taxon":"Insecta","rank":"species","user":"tz72743","photo":"https://inaturalist-open-data.s3.amazonaws.com/photos/740713523/medium.jpg","url":"https://www.inaturalist.org/observations/403424282"},"geometry":{"type":"Point","coordinates":[-73.8604944444,40.72375]}},{"type":"Feature","properties":{"id":"inat-403412786","inat_id":403412786,"observed_on":"2026-09-25","taxon_id":792988,"name":"Downy Woodpecker","sci_name":"Dryobates pubescens","iconic_taxon":"Aves","rank":"species","user":"marenhaw","photo":"https://inaturalist-open-data.s3.amazonaws.com/photos/740689012/medium.jpg","url":"https://www.inaturalist.org/observations/403412786"},"geometry":{"type":"Point","coordinates":[-73.9708298792,40.7765358644]}},{"type":"Feature","properties":{"id":"inat-403412619","inat_id":403412619,"observed_on":"2026-09-25","taxon_id":14850,"name":"European Starling","sci_name":"Sturnus vulgaris","iconic_taxon":"Aves","rank":"species","user":"marenhaw","photo":"https://inaturalist-open-data.s3.amazonaws.com/photos/740689165/medium.jpg","url":"https://www.inaturalist.org/observations/403412619"},"geometry":{"type":"Point","coordinates":[-73.9707702296,40.7767620316]}},{"type":"Feature","properties":{"id":"inat-403411994","inat_id":403411994,"observed_on":"2026-09-25","taxon_id":6921,"name":"Mute Swan","sci_name":"Cygnus olor","iconic_taxon":"Aves","rank":"species","user":"marenhaw","photo":"https://inaturalist-open-data.s3.amazonaws.com/photos/740689093/medium.jpg","url":"https://www.inaturalist.org/observations/403411994"},"geometry":{"type":"Point","coordinates":[-73.9733807749,40.774987217]}},{"type":"Feature","properties":{"id":"inat-403410940","inat_id":403410940,"observed_on":"2026-09-25","taxon_id":9083,"name":"Northern Cardinal","sci_name":"Cardinalis cardinalis","iconic_taxon":"Aves","rank":"species","user":"marenhaw","photo":"https://inaturalist-open-data.s3.amazonaws.com/photos/740684716/medium.jpg","url":"https://www.inaturalist.org/observations/403410940"},"geometry":{"type":"Point","coordinates":[-73.9721211709,40.7730427353]}},{"type":"Feature","properties":{"id":"inat-403405091","inat_id":403405091,"observed_on":"2026-09-25","taxon_id":6432,"name":"Ruby-throated Hummingbird","sci_name":"Archilochus colubris","iconic_taxon":"Aves","rank":"species","user":"jiwon61785","photo":"https://inaturalist-open-data.s3.amazonaws.com/photos/740672318/medium.jpg","url":"https://www.inaturalist.org/observations/403405091"},"geometry":{"type":"Point","coordinates":[-73.9527462437,40.7931748057]}},{"type":"Feature","properties":{"id":"inat-403413540","inat_id":403413540,"observed_on":"2026-09-25","taxon_id":3454,"name":"Mourning Dove","sci_name":"Zenaida macroura","iconic_taxon":"Aves","rank":"species","user":"benc0410","photo":"https://inaturalist-open-data.s3.amazonaws.com/photos/740691078/medium.jpg","url":"https://www.inaturalist.org/observations/403413540"},"geometry":{"type":"Point","coordinates":[-73.9402783333,40.70842]}},{"type":"Feature","properties":{"id":"inat-403590966","inat_id":403590966,"observed_on":"2026-09-25","taxon_id":14995,"name":"Gray Catbird","sci_name":"Dumetella carolinensis","iconic_taxon":"Aves","rank":"species","user":"luke33516","photo":"https://inaturalist-open-data.s3.amazonaws.com/photos/741036865/medium.jpg","url":"https://www.inaturalist.org/observations/403590966"},"geometry":{"type":"Point","coordinates":[-73.9905543011,40.736044624]}},{"type":"Feature","properties":{"id":"inat-403383808","inat_id":403383808,"observed_on":"2026-09-25","taxon_id":133280,"name":"Versute Sharpshooter","sci_name":"Graphocephala versuta","iconic_taxon":"Insecta","rank":"species","user":"wyu","photo":"https://inaturalist-open-data.s3.amazonaws.com/photos/740786728/medium.jpg","url":"https://www.inaturalist.org/observations/403383808"},"geometry":{"type":"Point","coordinates":[-73.7538613379,40.7623207374]}},{"type":"Feature","properties":{"id":"inat-403377755","inat_id":403377755,"observed_on":"2026-09-25","taxon_id":906,"name":"Wild Turkey","sci_name":"Meleagris gallopavo","iconic_taxon":"Aves","rank":"species","user":"mariesayles2","photo":"https://static.inaturalist.org/photos/740617946/medium.jpg","url":"https://www.inaturalist.org/observations/403377755"},"geometry":{"type":"Point","coordinates":[-74.0154800415,40.7022285461]}},{"type":"Feature","properties":{"id":"inat-403403800","inat_id":403403800,"observed_on":"2026-09-25","taxon_id":55556,"name":"Large Milkweed Bug","sci_name":"Oncopeltus fasciatus","iconic_taxon":"Insecta","rank":"species","user":"aberkov","photo":"https://inaturalist-open-data.s3.amazonaws.com/photos/740669506/medium.jpg","url":"https://www.inaturalist.org/observations/403403800"},"geometry":{"type":"Point","coordinates":[-73.9838166667,40.7334783333]}},{"type":"Feature","properties":{"id":"inat-403409630","inat_id":403409630,"observed_on":"2026-09-25","taxon_id":128032,"name":"Paper mulberry","sci_name":"Broussonetia papyrifera","iconic_taxon":"Plantae","rank":"species","user":"dummisauce","photo":"https://inaturalist-open-data.s3.amazonaws.com/photos/740682065/medium.jpg","url":"https://www.inaturalist.org/observations/403409630"},"geometry":{"type":"Point","coordinates":[-73.9685608,40.6668759]}},{"type":"Feature","properties":{"id":"inat-403374235","inat_id":403374235,"observed_on":"2026-09-25","taxon_id":48987,"name":"Convergent Lady Beetle","sci_name":"Hippodamia convergens","iconic_taxon":"Insecta","rank":"species","user":"empiron","photo":"https://inaturalist-open-data.s3.amazonaws.com/photos/740611067/medium.jpg","url":"https://www.inaturalist.org/observations/403374235"},"geometry":{"type":"Point","coordinates":[-73.9924087524,40.7511672974]}},{"type":"Feature","properties":{"id":"inat-403385138","inat_id":403385138,"observed_on":"2026-09-25","taxon_id":13858,"name":"House Sparrow","sci_name":"Passer domesticus","iconic_taxon":"Aves","rank":"species","user":"nickserv","photo":"https://inaturalist-open-data.s3.amazonaws.com/photos/740631363/medium.jpg","url":"https://www.inaturalist.org/observations/403385138"},"geometry":{"type":"Point","coordinates":[-74.0720373613,40.63553074]}},{"type":"Feature","properties":{"id":"inat-403373464","inat_id":403373464,"observed_on":"2026-09-25","taxon_id":142783,"name":"Long-necked Seed Bug","sci_name":"Myodocha serripes","iconic_taxon":"Insecta","rank":"species","user":"minasystems","photo":"https://inaturalist-open-data.s3.amazonaws.com/photos/740609486/medium.jpg","url":"https://www.inaturalist.org/observations/403373464"},"geometry":{"type":"Point","coordinates":[-73.94998,40.6552583333]}},{"type":"Feature","properties":{"id":"inat-403550106","inat_id":403550106,"observed_on":"2026-09-25","taxon_id":119048,"name":"white snakeroot","sci_name":"Ageratina altissima","iconic_taxon":"Plantae","rank":"species","user":"hotelfordogs214","photo":"https://static.inaturalist.org/photos/740959407/medium.jpg","url":"https://www.inaturalist.org/observations/403550106"},"geometry":{"type":"Point","coordinates":[-73.8343985,40.6160841]}},{"type":"Feature","properties":{"id":"inat-403372268","inat_id":403372268,"observed_on":"2026-09-25","taxon_id":7107,"name":"Wood Duck","sci_name":"Aix sponsa","iconic_taxon":"Aves","rank":"species","user":"nonavianry","photo":"https://inaturalist-open-data.s3.amazonaws.com/photos/740606912/medium.jpg","url":"https://www.inaturalist.org/observations/403372268"},"geometry":{"type":"Point","coordinates":[-73.8898185346,40.8926999143]}},{"type":"Feature","properties":{"id":"inat-403412012","inat_id":403412012,"observed_on":"2026-09-25","taxon_id":46017,"name":"Eastern Gray Squirrel","sci_name":"Sciurus carolinensis","iconic_taxon":"Mammalia","rank":"species","user":"dummisauce","photo":"https://inaturalist-open-data.s3.amazonaws.com/photos/740686959/medium.jpg","url":"https://www.inaturalist.org/observations/403412012"},"geometry":{"type":"Point","coordinates":[-73.9677587997,40.6643277]}},{"type":"Feature","properties":{"id":"inat-403452517","inat_id":403452517,"observed_on":"2026-09-25","taxon_id":14850,"name":"European Starling","sci_name":"Sturnus vulgaris","iconic_taxon":"Aves","rank":"species","user":"aussiemarg","photo":"https://inaturalist-open-data.s3.amazonaws.com/photos/740771349/medium.jpg","url":"https://www.inaturalist.org/observations/403452517"},"geometry":{"type":"Point","coordinates":[-73.9773033333,40.7669616667]}},{"type":"Feature","properties":{"id":"inat-403550541","inat_id":403550541,"observed_on":"2026-09-25","taxon_id":122603,"name":"little bluestem","sci_name":"Schizachyrium scoparium","iconic_taxon":"Plantae","rank":"species","user":"hotelfordogs214","photo":"https://static.inaturalist.org/photos/740960348/medium.jpg","url":"https://www.inaturalist.org/observations/403550541"},"geometry":{"type":"Point","coordinates":[-73.8309044391,40.6156421276]}},{"type":"Feature","properties":{"id":"inat-403409108","inat_id":403409108,"observed_on":"2026-09-25","taxon_id":62207,"name":"common evening-primrose","sci_name":"Oenothera biennis","iconic_taxon":"Plantae","rank":"species","user":"rojasburke","photo":"https://inaturalist-open-data.s3.amazonaws.com/photos/740680764/medium.jpg","url":"https://www.inaturalist.org/observations/403409108"},"geometry":{"type":"Point","coordinates":[-73.973555,40.662945]}},{"type":"Feature","properties":{"id":"inat-403410424","inat_id":403410424,"observed_on":"2026-09-25","taxon_id":119048,"name":"white snakeroot","sci_name":"Ageratina altissima","iconic_taxon":"Plantae","rank":"species","user":"dummisauce","photo":"https://inaturalist-open-data.s3.amazonaws.com/photos/740683628/medium.jpg","url":"https://www.inaturalist.org/observations/403410424"},"geometry":{"type":"Point","coordinates":[-73.9679031997,40.6597602]}},{"type":"Feature","properties":{"id":"inat-403368168","inat_id":403368168,"observed_on":"2026-09-25","taxon_id":4368,"name":"Great Black-backed Gull","sci_name":"Larus marinus","iconic_taxon":"Aves","rank":"species","user":"jacob39483","photo":"https://inaturalist-open-data.s3.amazonaws.com/photos/740598500/medium.jpg","url":"https://www.inaturalist.org/observations/403368168"},"geometry":{"type":"Point","coordinates":[-73.7880383333,40.588245]}},{"type":"Feature","properties":{"id":"inat-403368208","inat_id":403368208,"observed_on":"2026-09-25","taxon_id":4368,"name":"Great Black-backed Gull","sci_name":"Larus marinus","iconic_taxon":"Aves","rank":"species","user":"jacob39483","photo":"https://inaturalist-open-data.s3.amazonaws.com/photos/740598567/medium.jpg","url":"https://www.inaturalist.org/observations/403368208"},"geometry":{"type":"Point","coordinates":[-73.7880033333,40.588255]}},{"type":"Feature","properties":{"id":"inat-403365822","inat_id":403365822,"observed_on":"2026-09-25","taxon_id":51712,"name":"Devil's Beggarticks","sci_name":"Bidens frondosa","iconic_taxon":"Plantae","rank":"species","user":"betsyyyy","photo":"https://inaturalist-open-data.s3.amazonaws.com/photos/740593847/medium.jpg","url":"https://www.inaturalist.org/observations/403365822"},"geometry":{"type":"Point","coordinates":[-73.892424359,40.9011773116]}},{"type":"Feature","properties":{"id":"inat-403369404","inat_id":403369404,"observed_on":"2026-09-25","taxon_id":48627,"name":"purple coneflower","sci_name":"Echinacea purpurea","iconic_taxon":"Plantae","rank":"species","user":"kilah2","photo":"https://inaturalist-open-data.s3.amazonaws.com/photos/740601196/medium.jpg","url":"https://www.inaturalist.org/observations/403369404"},"geometry":{"type":"Point","coordinates":[-73.9473832433,40.7454181041]}},{"type":"Feature","properties":{"id":"inat-403365511","inat_id":403365511,"observed_on":"2026-09-25","taxon_id":128695,"name":"rattlesnake master","sci_name":"Eryngium yuccifolium","iconic_taxon":"Plantae","rank":"species","user":"kilah2","photo":"https://inaturalist-open-data.s3.amazonaws.com/photos/740593168/medium.jpg","url":"https://www.inaturalist.org/observations/403365511"},"geometry":{"type":"Point","coordinates":[-73.947377577,40.7454261184]}},{"type":"Feature","properties":{"id":"inat-403412132","inat_id":403412132,"observed_on":"2026-09-25","taxon_id":39782,"name":"Pond Slider","sci_name":"Trachemys scripta","iconic_taxon":"Reptilia","rank":"species","user":"dummisauce","photo":"https://inaturalist-open-data.s3.amazonaws.com/photos/740687334/medium.jpg","url":"https://www.inaturalist.org/observations/403412132"},"geometry":{"type":"Point","coordinates":[-73.9683337997,40.6591255]}},{"type":"Feature","properties":{"id":"inat-403452553","inat_id":403452553,"observed_on":"2026-09-25","taxon_id":46017,"name":"Eastern Gray Squirrel","sci_name":"Sciurus carolinensis","iconic_taxon":"Mammalia","rank":"species","user":"aussiemarg","photo":"https://inaturalist-open-data.s3.amazonaws.com/photos/740771004/medium.jpg","url":"https://www.inaturalist.org/observations/403452553"},"geometry":{"type":"Point","coordinates":[-73.9722616667,40.770675]}},{"type":"Feature","properties":{"id":"inat-403363752","inat_id":403363752,"observed_on":"2026-09-25","taxon_id":117433,"name":"winged euonymus","sci_name":"Euonymus alatus","iconic_taxon":"Plantae","rank":"species","user":"betsyyyy","photo":"https://inaturalist-open-data.s3.amazonaws.com/photos/740589327/medium.jpg","url":"https://www.inaturalist.org/observations/403363752"},"geometry":{"type":"Point","coordinates":[-73.8898829547,40.8990863052]}},{"type":"Feature","properties":{"id":"inat-403411943","inat_id":403411943,"observed_on":"2026-09-25","taxon_id":48599,"name":"American pokeweed","sci_name":"Phytolacca americana","iconic_taxon":"Plantae","rank":"species","user":"dummisauce","photo":"https://inaturalist-open-data.s3.amazonaws.com/photos/740686800/medium.jpg","url":"https://www.inaturalist.org/observations/403411943"},"geometry":{"type":"Point","coordinates":[-73.9677573997,40.6599020997]}},{"type":"Feature","properties":{"id":"inat-403560096","inat_id":403560096,"observed_on":"2026-09-25","taxon_id":324726,"name":"Spotted Lanternfly","sci_name":"Lycorma delicatula","iconic_taxon":"Insecta","rank":"species","user":"rojasburke","photo":"https://inaturalist-open-data.s3.amazonaws.com/photos/740978270/medium.jpg","url":"https://www.inaturalist.org/observations/403560096"},"geometry":{"type":"Point","coordinates":[-73.968575,40.6681283333]}},{"type":"Feature","properties":{"id":"inat-403376004","inat_id":403376004,"observed_on":"2026-09-25","taxon_id":117442,"name":"Wingstem","sci_name":"Verbesina alternifolia","iconic_taxon":"Plantae","rank":"species","user":"betsyyyy","photo":"https://inaturalist-open-data.s3.amazonaws.com/photos/740614561/medium.jpg","url":"https://www.inaturalist.org/observations/403376004"},"geometry":{"type":"Point","coordinates":[-73.8895620634,40.8995380968]}},{"type":"Feature","properties":{"id":"inat-403411846","inat_id":403411846,"observed_on":"2026-09-25","taxon_id":127685,"name":"White Wood Aster","sci_name":"Eurybia divaricata","iconic_taxon":"Plantae","rank":"species","user":"dummisauce","photo":"https://inaturalist-open-data.s3.amazonaws.com/photos/740686587/medium.jpg","url":"https://www.inaturalist.org/observations/403411846"},"geometry":{"type":"Point","coordinates":[-73.967645,40.6599007]}},{"type":"Feature","properties":{"id":"inat-403409294","inat_id":403409294,"observed_on":"2026-09-25","taxon_id":324726,"name":"Spotted Lanternfly","sci_name":"Lycorma delicatula","iconic_taxon":"Insecta","rank":"species","user":"rojasburke","photo":"https://inaturalist-open-data.s3.amazonaws.com/photos/740681150/medium.jpg","url":"https://www.inaturalist.org/observations/403409294"},"geometry":{"type":"Point","coordinates":[-73.9685583333,40.6681466667]}},{"type":"Feature","properties":{"id":"inat-403410908","inat_id":403410908,"observed_on":"2026-09-25","taxon_id":46017,"name":"Eastern Gray Squirrel","sci_name":"Sciurus carolinensis","iconic_taxon":"Mammalia","rank":"species","user":"dummisauce","photo":"https://inaturalist-open-data.s3.amazonaws.com/photos/740684686/medium.jpg","url":"https://www.inaturalist.org/observations/403410908"},"geometry":{"type":"Point","coordinates":[-73.9675696,40.6601775]}},{"type":"Feature","properties":{"id":"inat-403361264","inat_id":403361264,"observed_on":"2026-09-25","taxon_id":143803,"name":"low smartweed","sci_name":"Persicaria longiseta","iconic_taxon":"Plantae","rank":"species","user":"catscity","photo":"https://inaturalist-open-data.s3.amazonaws.com/photos/740584374/medium.jpg","url":"https://www.inaturalist.org/observations/403361264"},"geometry":{"type":"Point","coordinates":[-73.8783849,40.8403678]}},{"type":"Feature","properties":{"id":"inat-403376277","inat_id":403376277,"observed_on":"2026-09-25","taxon_id":117442,"name":"Wingstem","sci_name":"Verbesina alternifolia","iconic_taxon":"Plantae","rank":"species","user":"betsyyyy","photo":"https://inaturalist-open-data.s3.amazonaws.com/photos/740614806/medium.jpg","url":"https://www.inaturalist.org/observations/403376277"},"geometry":{"type":"Point","coordinates":[-73.8895750158,40.8995344931]}},{"type":"Feature","properties":{"id":"inat-403376154","inat_id":403376154,"observed_on":"2026-09-25","taxon_id":117442,"name":"Wingstem","sci_name":"Verbesina alternifolia","iconic_taxon":"Plantae","rank":"species","user":"betsyyyy","photo":"https://inaturalist-open-data.s3.amazonaws.com/photos/740614654/medium.jpg","url":"https://www.inaturalist.org/observations/403376154"},"geometry":{"type":"Point","coordinates":[-73.8895949512,40.8995259522]}},{"type":"Feature","properties":{"id":"inat-403408913","inat_id":403408913,"observed_on":"2026-09-25","taxon_id":54134,"name":"turkey-tail","sci_name":"Trametes versicolor","iconic_taxon":"Fungi","rank":"species","user":"rojasburke","photo":"https://inaturalist-open-data.s3.amazonaws.com/photos/740680344/medium.jpg","url":"https://www.inaturalist.org/observations/403408913"},"geometry":{"type":"Point","coordinates":[-73.9684216667,40.6683583333]}},{"type":"Feature","properties":{"id":"inat-403361009","inat_id":403361009,"observed_on":"2026-09-25","taxon_id":145310,"name":"American Goldfinch","sci_name":"Spinus tristis","iconic_taxon":"Aves","rank":"species","user":"superidst_rx0","photo":"https://inaturalist-open-data.s3.amazonaws.com/photos/740583726/medium.jpg","url":"https://www.inaturalist.org/observations/403361009"},"geometry":{"type":"Point","coordinates":[-74.0177223438,40.6930489598]}},{"type":"Feature","properties":{"id":"inat-403360766","inat_id":403360766,"observed_on":"2026-09-25","taxon_id":52856,"name":"common mugwort","sci_name":"Artemisia vulgaris","iconic_taxon":"Plantae","rank":"species","user":"tracy_yu","photo":"https://inaturalist-open-data.s3.amazonaws.com/photos/740583207/medium.jpg","url":"https://www.inaturalist.org/observations/403360766"},"geometry":{"type":"Point","coordinates":[-74.0903667336,40.6091892522]}},{"type":"Feature","properties":{"id":"inat-403376354","inat_id":403376354,"observed_on":"2026-09-25","taxon_id":119048,"name":"white snakeroot","sci_name":"Ageratina altissima","iconic_taxon":"Plantae","rank":"species","user":"betsyyyy","photo":"https://inaturalist-open-data.s3.amazonaws.com/photos/740614899/medium.jpg","url":"https://www.inaturalist.org/observations/403376354"},"geometry":{"type":"Point","coordinates":[-73.8893440201,40.8999480663]}},{"type":"Feature","properties":{"id":"inat-403376395","inat_id":403376395,"observed_on":"2026-09-25","taxon_id":125489,"name":"black raspberry","sci_name":"Rubus occidentalis","iconic_taxon":"Plantae","rank":"species","user":"betsyyyy","photo":"https://inaturalist-open-data.s3.amazonaws.com/photos/740614969/medium.jpg","url":"https://www.inaturalist.org/observations/403376395"},"geometry":{"type":"Point","coordinates":[-73.8893211665,40.8999325361]}},{"type":"Feature","properties":{"id":"inat-403443076","inat_id":403443076,"observed_on":"2026-09-25","taxon_id":12727,"name":"American Robin","sci_name":"Turdus migratorius","iconic_taxon":"Aves","rank":"species","user":"aussiemarg","photo":"https://inaturalist-open-data.s3.amazonaws.com/photos/740752104/medium.jpg","url":"https://www.inaturalist.org/observations/403443076"},"geometry":{"type":"Point","coordinates":[-73.97448,40.76825]}},{"type":"Feature","properties":{"id":"inat-403376472","inat_id":403376472,"observed_on":"2026-09-25","taxon_id":82342,"name":"Amur honeysuckle","sci_name":"Lonicera maackii","iconic_taxon":"Plantae","rank":"species","user":"betsyyyy","photo":"https://inaturalist-open-data.s3.amazonaws.com/photos/740615128/medium.jpg","url":"https://www.inaturalist.org/observations/403376472"},"geometry":{"type":"Point","coordinates":[-73.8893638648,40.8999396845]}},{"type":"Feature","properties":{"id":"inat-403452568","inat_id":403452568,"observed_on":"2026-09-25","taxon_id":6930,"name":"Mallard","sci_name":"Anas platyrhynchos","iconic_taxon":"Aves","rank":"species","user":"aussiemarg","photo":"https://inaturalist-open-data.s3.amazonaws.com/photos/740771038/medium.jpg","url":"https://www.inaturalist.org/observations/403452568"},"geometry":{"type":"Point","coordinates":[-73.9738866667,40.7669033333]}},{"type":"Feature","properties":{"id":"inat-403443542","inat_id":403443542,"observed_on":"2026-09-25","taxon_id":7089,"name":"Canada Goose","sci_name":"Branta canadensis","iconic_taxon":"Aves","rank":"species","user":"aussiemarg","photo":"https://inaturalist-open-data.s3.amazonaws.com/photos/740752812/medium.jpg","url":"https://www.inaturalist.org/observations/403443542"},"geometry":{"type":"Point","coordinates":[-73.9737383333,40.766945]}},{"type":"Feature","properties":{"id":"inat-403452590","inat_id":403452590,"observed_on":"2026-09-25","taxon_id":6930,"name":"Mallard","sci_name":"Anas platyrhynchos","iconic_taxon":"Aves","rank":"species","user":"aussiemarg","photo":"https://inaturalist-open-data.s3.amazonaws.com/photos/740771083/medium.jpg","url":"https://www.inaturalist.org/observations/403452590"},"geometry":{"type":"Point","coordinates":[-73.97373,40.7669416667]}},{"type":"Feature","properties":{"id":"inat-403354664","inat_id":403354664,"observed_on":"2026-09-25","taxon_id":48599,"name":"American pokeweed","sci_name":"Phytolacca americana","iconic_taxon":"Plantae","rank":"species","user":"elharo","photo":"https://static.inaturalist.org/photos/740570897/medium.jpg","url":"https://www.inaturalist.org/observations/403354664"},"geometry":{"type":"Point","coordinates":[-73.9197617218,40.5847558118]}},{"type":"Feature","properties":{"id":"inat-403391425","inat_id":403391425,"observed_on":"2026-09-25","taxon_id":324726,"name":"Spotted Lanternfly","sci_name":"Lycorma delicatula","iconic_taxon":"Insecta","rank":"species","user":"elharo","photo":"https://static.inaturalist.org/photos/740644134/medium.jpg","url":"https://www.inaturalist.org/observations/403391425"},"geometry":{"type":"Point","coordinates":[-73.9283066667,40.5835833333]}},{"type":"Feature","properties":{"id":"inat-403354502","inat_id":403354502,"observed_on":"2026-09-25","taxon_id":84813,"name":"groundsel tree","sci_name":"Baccharis halimifolia","iconic_taxon":"Plantae","rank":"species","user":"elharo","photo":"https://static.inaturalist.org/photos/740570501/medium.jpg","url":"https://www.inaturalist.org/observations/403354502"},"geometry":{"type":"Point","coordinates":[-73.9198920731,40.5841031612]}},{"type":"Feature","properties":{"id":"inat-403560414","inat_id":403560414,"observed_on":"2026-09-25","taxon_id":56166,"name":"spotted lady's thumb","sci_name":"Persicaria maculosa","iconic_taxon":"Plantae","rank":"species","user":"yg3042","photo":"https://inaturalist-open-data.s3.amazonaws.com/photos/740978834/medium.jpg","url":"https://www.inaturalist.org/observations/403560414"},"geometry":{"type":"Point","coordinates":[-73.8850330779,40.8229626696]}},{"type":"Feature","properties":{"id":"inat-403560556","inat_id":403560556,"observed_on":"2026-09-25","taxon_id":52856,"name":"common mugwort","sci_name":"Artemisia vulgaris","iconic_taxon":"Plantae","rank":"species","user":"yg3042","photo":"https://inaturalist-open-data.s3.amazonaws.com/photos/740979136/medium.jpg","url":"https://www.inaturalist.org/observations/403560556"},"geometry":{"type":"Point","coordinates":[-73.8850173841,40.8229684276]}},{"type":"Feature","properties":{"id":"inat-403353355","inat_id":403353355,"observed_on":"2026-09-25","taxon_id":119792,"name":"princess tree","sci_name":"Paulownia tomentosa","iconic_taxon":"Plantae","rank":"species","user":"yg3042","photo":"https://inaturalist-open-data.s3.amazonaws.com/photos/740568138/medium.jpg","url":"https://www.inaturalist.org/observations/403353355"},"geometry":{"type":"Point","coordinates":[-73.8852674317,40.8235309386]}},{"type":"Feature","properties":{"id":"inat-403388953","inat_id":403388953,"observed_on":"2026-09-25","taxon_id":155106,"name":"Black-shouldered Drone Fly","sci_name":"Eristalis dimidiata","iconic_taxon":"Insecta","rank":"species","user":"elharo","photo":"https://static.inaturalist.org/photos/740639556/medium.jpg","url":"https://www.inaturalist.org/observations/403388953"},"geometry":{"type":"Point","coordinates":[-73.9283066667,40.5835833333]}},{"type":"Feature","properties":{"id":"inat-403443322","inat_id":403443322,"observed_on":"2026-09-25","taxon_id":46017,"name":"Eastern Gray Squirrel","sci_name":"Sciurus carolinensis","iconic_taxon":"Mammalia","rank":"species","user":"aussiemarg","photo":"https://inaturalist-open-data.s3.amazonaws.com/photos/740752545/medium.jpg","url":"https://www.inaturalist.org/observations/403443322"},"geometry":{"type":"Point","coordinates":[-73.97193,40.767205]}},{"type":"Feature","properties":{"id":"inat-403391427","inat_id":403391427,"observed_on":"2026-09-25","taxon_id":4940,"name":"Snowy Egret","sci_name":"Egretta thula","iconic_taxon":"Aves","rank":"species","user":"elharo","photo":"https://static.inaturalist.org/photos/740644131/medium.jpg","url":"https://www.inaturalist.org/observations/403391427"},"geometry":{"type":"Point","coordinates":[-73.9283066667,40.5835833333]}},{"type":"Feature","properties":{"id":"inat-403352836","inat_id":403352836,"observed_on":"2026-09-25","taxon_id":82231,"name":"American Cockroach","sci_name":"Periplaneta americana","iconic_taxon":"Insecta","rank":"species","user":"threetreez","photo":"https://inaturalist-open-data.s3.amazonaws.com/photos/740567210/medium.jpg","url":"https://www.inaturalist.org/observations/403352836"},"geometry":{"type":"Point","coordinates":[-74.0138083333,40.71772]}},{"type":"Feature","properties":{"id":"inat-403561499","inat_id":403561499,"observed_on":"2026-09-25","taxon_id":52856,"name":"common mugwort","sci_name":"Artemisia vulgaris","iconic_taxon":"Plantae","rank":"species","user":"yg3042","photo":"https://inaturalist-open-data.s3.amazonaws.com/photos/740981097/medium.jpg","url":"https://www.inaturalist.org/observations/403561499"},"geometry":{"type":"Point","coordinates":[-73.8853197302,40.8244333764]}},{"type":"Feature","properties":{"id":"inat-403391429","inat_id":403391429,"observed_on":"2026-09-25","taxon_id":144455,"name":"Great Egret","sci_name":"Ardea alba","iconic_taxon":"Aves","rank":"species","user":"elharo","photo":"https://static.inaturalist.org/photos/740644140/medium.jpg","url":"https://www.inaturalist.org/observations/403391429"},"geometry":{"type":"Point","coordinates":[-73.9283066667,40.5835833333]}},{"type":"Feature","properties":{"id":"inat-403352722","inat_id":403352722,"observed_on":"2026-09-25","taxon_id":57278,"name":"tree-of-heaven","sci_name":"Ailanthus altissima","iconic_taxon":"Plantae","rank":"species","user":"dougnaturalist","photo":"https://static.inaturalist.org/photos/740567136/medium.jpg","url":"https://www.inaturalist.org/observations/403352722"},"geometry":{"type":"Point","coordinates":[-73.920152676,40.5832048868]}},{"type":"Feature","properties":{"id":"inat-403352660","inat_id":403352660,"observed_on":"2026-09-25","taxon_id":324726,"name":"Spotted Lanternfly","sci_name":"Lycorma delicatula","iconic_taxon":"Insecta","rank":"species","user":"dougnaturalist","photo":"https://static.inaturalist.org/photos/740566948/medium.jpg","url":"https://www.inaturalist.org/observations/403352660"},"geometry":{"type":"Point","coordinates":[-73.9201668347,40.5832235223]}},{"type":"Feature","properties":{"id":"inat-403352507","inat_id":403352507,"observed_on":"2026-09-25","taxon_id":324726,"name":"Spotted Lanternfly","sci_name":"Lycorma delicatula","iconic_taxon":"Insecta","rank":"species","user":"dougnaturalist","photo":"https://static.inaturalist.org/photos/740566531/medium.jpg","url":"https://www.inaturalist.org/observations/403352507"},"geometry":{"type":"Point","coordinates":[-73.9201502574,40.5832178504]}},{"type":"Feature","properties":{"id":"inat-403352443","inat_id":403352443,"observed_on":"2026-09-25","taxon_id":324726,"name":"Spotted Lanternfly","sci_name":"Lycorma delicatula","iconic_taxon":"Insecta","rank":"species","user":"dougnaturalist","photo":"https://static.inaturalist.org/photos/740566448/medium.jpg","url":"https://www.inaturalist.org/observations/403352443"},"geometry":{"type":"Point","coordinates":[-73.9194410938,40.5828724802]}},{"type":"Feature","properties":{"id":"inat-403368993","inat_id":403368993,"observed_on":"2026-09-25","taxon_id":82342,"name":"Amur honeysuckle","sci_name":"Lonicera maackii","iconic_taxon":"Plantae","rank":"species","user":"betsyyyy","photo":"https://inaturalist-open-data.s3.amazonaws.com/photos/740600350/medium.jpg","url":"https://www.inaturalist.org/observations/403368993"},"geometry":{"type":"Point","coordinates":[-73.8918709294,40.900043726]}},{"type":"Feature","properties":{"id":"inat-403391432","inat_id":403391432,"observed_on":"2026-09-25","taxon_id":1454382,"name":"Double-crested Cormorant","sci_name":"Nannopterum auritum","iconic_taxon":"Aves","rank":"species","user":"elharo","photo":"https://static.inaturalist.org/photos/740644151/medium.jpg","url":"https://www.inaturalist.org/observations/403391432"},"geometry":{"type":"Point","coordinates":[-73.9283066667,40.5835833333]}},{"type":"Feature","properties":{"id":"inat-403349300","inat_id":403349300,"observed_on":"2026-09-25","taxon_id":5020,"name":"Green Heron","sci_name":"Butorides virescens","iconic_taxon":"Aves","rank":"species","user":"nycnatureobserver","photo":"https://static.inaturalist.org/photos/740560602/medium.jpg","url":"https://www.inaturalist.org/observations/403349300"},"geometry":{"type":"Point","coordinates":[-73.9684100756,40.7801982139]}},{"type":"Feature","properties":{"id":"inat-403361727","inat_id":403361727,"observed_on":"2026-09-25","taxon_id":6921,"name":"Mute Swan","sci_name":"Cygnus olor","iconic_taxon":"Aves","rank":"species","user":"mel0114","photo":"https://inaturalist-open-data.s3.amazonaws.com/photos/740585430/medium.jpg","url":"https://www.inaturalist.org/observations/403361727"},"geometry":{"type":"Point","coordinates":[-73.9718466667,40.6633133333]}},{"type":"Feature","properties":{"id":"inat-403349192","inat_id":403349192,"observed_on":"2026-09-25","taxon_id":13858,"name":"House Sparrow","sci_name":"Passer domesticus","iconic_taxon":"Aves","rank":"species","user":"lourdestanon","photo":"https://inaturalist-open-data.s3.amazonaws.com/photos/740560590/medium.jpg","url":"https://www.inaturalist.org/observations/403349192"},"geometry":{"type":"Point","coordinates":[-73.9318916667,40.8645883333]}},{"type":"Feature","properties":{"id":"inat-403361697","inat_id":403361697,"observed_on":"2026-09-25","taxon_id":17008,"name":"Eastern Phoebe","sci_name":"Sayornis phoebe","iconic_taxon":"Aves","rank":"species","user":"mel0114","photo":"https://inaturalist-open-data.s3.amazonaws.com/photos/740585359/medium.jpg","url":"https://www.inaturalist.org/observations/403361697"},"geometry":{"type":"Point","coordinates":[-73.971825,40.66335]}},{"type":"Feature","properties":{"id":"inat-403391435","inat_id":403391435,"observed_on":"2026-09-25","taxon_id":4840,"name":"American Oystercatcher","sci_name":"Haematopus palliatus","iconic_taxon":"Aves","rank":"species","user":"elharo","photo":"https://static.inaturalist.org/photos/740644153/medium.jpg","url":"https://www.inaturalist.org/observations/403391435"},"geometry":{"type":"Point","coordinates":[-73.9283066667,40.5835833333]}},{"type":"Feature","properties":{"id":"inat-403348178","inat_id":403348178,"observed_on":"2026-09-25","taxon_id":914942,"name":"Asian jumpseed","sci_name":"Persicaria filiformis","iconic_taxon":"Plantae","rank":"species","user":"betsyyyy","photo":"https://inaturalist-open-data.s3.amazonaws.com/photos/740558302/medium.jpg","url":"https://www.inaturalist.org/observations/403348178"},"geometry":{"type":"Point","coordinates":[-73.8929112671,40.9014866991]}},{"type":"Feature","properties":{"id":"inat-403348157","inat_id":403348157,"observed_on":"2026-09-25","taxon_id":119791,"name":"sycamore maple","sci_name":"Acer pseudoplatanus","iconic_taxon":"Plantae","rank":"species","user":"mpaimi01","photo":"https://inaturalist-open-data.s3.amazonaws.com/photos/740558460/medium.jpg","url":"https://www.inaturalist.org/observations/403348157"},"geometry":{"type":"Point","coordinates":[-73.9304070175,40.8634402184]}},{"type":"Feature","properties":{"id":"inat-403391439","inat_id":403391439,"observed_on":"2026-09-25","taxon_id":9744,"name":"Red-winged Blackbird","sci_name":"Agelaius phoeniceus","iconic_taxon":"Aves","rank":"species","user":"elharo","photo":"https://static.inaturalist.org/photos/740644170/medium.jpg","url":"https://www.inaturalist.org/observations/403391439"},"geometry":{"type":"Point","coordinates":[-73.9283066667,40.5835833333]}},{"type":"Feature","properties":{"id":"inat-403391436","inat_id":403391436,"observed_on":"2026-09-25","taxon_id":70005,"name":"Eastern Mudsnail","sci_name":"Ilyanassa obsoleta","iconic_taxon":"Mollusca","rank":"species","user":"elharo","photo":"https://static.inaturalist.org/photos/740644162/medium.jpg","url":"https://www.inaturalist.org/observations/403391436"},"geometry":{"type":"Point","coordinates":[-73.9283066667,40.5835833333]}},{"type":"Feature","properties":{"id":"inat-403361829","inat_id":403361829,"observed_on":"2026-09-25","taxon_id":9083,"name":"Northern Cardinal","sci_name":"Cardinalis cardinalis","iconic_taxon":"Aves","rank":"species","user":"mel0114","photo":"https://inaturalist-open-data.s3.amazonaws.com/photos/740585567/medium.jpg","url":"https://www.inaturalist.org/observations/403361829"},"geometry":{"type":"Point","coordinates":[-73.972,40.6626166667]}},{"type":"Feature","properties":{"id":"inat-403391441","inat_id":403391441,"observed_on":"2026-09-25","taxon_id":3849,"name":"Sanderling","sci_name":"Calidris alba","iconic_taxon":"Aves","rank":"species","user":"elharo","photo":"https://static.inaturalist.org/photos/740644179/medium.jpg","url":"https://www.inaturalist.org/observations/403391441"},"geometry":{"type":"Point","coordinates":[-73.9283066667,40.5835833333]}},{"type":"Feature","properties":{"id":"inat-403386526","inat_id":403386526,"observed_on":"2026-09-25","taxon_id":4647,"name":"Peregrine Falcon","sci_name":"Falco peregrinus","iconic_taxon":"Aves","rank":"species","user":"elharo","photo":"https://static.inaturalist.org/photos/740634790/medium.jpg","url":"https://www.inaturalist.org/observations/403386526"},"geometry":{"type":"Point","coordinates":[-73.9283066667,40.5835833333]}},{"type":"Feature","properties":{"id":"inat-403361628","inat_id":403361628,"observed_on":"2026-09-25","taxon_id":48484,"name":"Asian Lady Beetle","sci_name":"Harmonia axyridis","iconic_taxon":"Insecta","rank":"species","user":"mel0114","photo":"https://inaturalist-open-data.s3.amazonaws.com/photos/740585174/medium.jpg","url":"https://www.inaturalist.org/observations/403361628"},"geometry":{"type":"Point","coordinates":[-73.972245,40.6620166667]}},{"type":"Feature","properties":{"id":"inat-403411341","inat_id":403411341,"observed_on":"2026-09-25","taxon_id":12727,"name":"American Robin","sci_name":"Turdus migratorius","iconic_taxon":"Aves","rank":"species","user":"marenhaw","photo":"https://inaturalist-open-data.s3.amazonaws.com/photos/740685331/medium.jpg","url":"https://www.inaturalist.org/observations/403411341"},"geometry":{"type":"Point","coordinates":[-73.9722969221,40.7723214359]}},{"type":"Feature","properties":{"id":"inat-403345227","inat_id":403345227,"observed_on":"2026-09-25","taxon_id":63518,"name":"Differential Grasshopper","sci_name":"Melanoplus differentialis","iconic_taxon":"Insecta","rank":"species","user":"coddoc11","photo":"https://inaturalist-open-data.s3.amazonaws.com/photos/740552053/medium.jpg","url":"https://www.inaturalist.org/observations/403345227"},"geometry":{"type":"Point","coordinates":[-73.983545,40.7336416667]}},{"type":"Feature","properties":{"id":"inat-403350023","inat_id":403350023,"observed_on":"2026-09-25","taxon_id":54854,"name":"basswood","sci_name":"Tilia americana","iconic_taxon":"Plantae","rank":"species","user":"betsyyyy","photo":"https://inaturalist-open-data.s3.amazonaws.com/photos/740561825/medium.jpg","url":"https://www.inaturalist.org/observations/403350023"},"geometry":{"type":"Point","coordinates":[-73.8939217831,40.9023449424]}},{"type":"Feature","properties":{"id":"inat-403385300","inat_id":403385300,"observed_on":"2026-09-25","taxon_id":4457,"name":"Forster's Tern","sci_name":"Sterna forsteri","iconic_taxon":"Aves","rank":"species","user":"elharo","photo":"https://static.inaturalist.org/photos/740632071/medium.jpg","url":"https://www.inaturalist.org/observations/403385300"},"geometry":{"type":"Point","coordinates":[-73.9283066667,40.5835833333]}},{"type":"Feature","properties":{"id":"inat-403452119","inat_id":403452119,"observed_on":"2026-09-25","taxon_id":145231,"name":"Cape May Warbler","sci_name":"Setophaga tigrina","iconic_taxon":"Aves","rank":"species","user":"oldirtybasbird","photo":"https://inaturalist-open-data.s3.amazonaws.com/photos/740770007/medium.jpg","url":"https://www.inaturalist.org/observations/403452119"},"geometry":{"type":"Point","coordinates":[-73.8043174744,40.7460557218]}},{"type":"Feature","properties":{"id":"inat-403343964","inat_id":403343964,"observed_on":"2026-09-25","taxon_id":71254,"name":"Stout Tagelus","sci_name":"Tagelus plebeius","iconic_taxon":"Mollusca","rank":"species","user":"elharo","photo":"https://static.inaturalist.org/photos/740549612/medium.jpg","url":"https://www.inaturalist.org/observations/403343964"},"geometry":{"type":"Point","coordinates":[-73.9136229773,40.5814677264]}},{"type":"Feature","properties":{"id":"inat-403361482","inat_id":403361482,"observed_on":"2026-09-25","taxon_id":8229,"name":"Blue Jay","sci_name":"Cyanocitta cristata","iconic_taxon":"Aves","rank":"species","user":"mel0114","photo":"https://inaturalist-open-data.s3.amazonaws.com/photos/740584842/medium.jpg","url":"https://www.inaturalist.org/observations/403361482"},"geometry":{"type":"Point","coordinates":[-73.9712366667,40.661955]}},{"type":"Feature","properties":{"id":"inat-403361457","inat_id":403361457,"observed_on":"2026-09-25","taxon_id":9083,"name":"Northern Cardinal","sci_name":"Cardinalis cardinalis","iconic_taxon":"Aves","rank":"species","user":"mel0114","photo":"https://inaturalist-open-data.s3.amazonaws.com/photos/740584765/medium.jpg","url":"https://www.inaturalist.org/observations/403361457"},"geometry":{"type":"Point","coordinates":[-73.9712,40.6619116667]}},{"type":"Feature","properties":{"id":"inat-403376582","inat_id":403376582,"observed_on":"2026-09-25","taxon_id":78882,"name":"multiflora rose","sci_name":"Rosa multiflora","iconic_taxon":"Plantae","rank":"species","user":"betsyyyy","photo":"https://inaturalist-open-data.s3.amazonaws.com/photos/740615373/medium.jpg","url":"https://www.inaturalist.org/observations/403376582"},"geometry":{"type":"Point","coordinates":[-73.8937530749,40.902379338]}},{"type":"Feature","properties":{"id":"inat-403341043","inat_id":403341043,"observed_on":"2026-09-25","taxon_id":119048,"name":"white snakeroot","sci_name":"Ageratina altissima","iconic_taxon":"Plantae","rank":"species","user":"betsyyyy","photo":"https://inaturalist-open-data.s3.amazonaws.com/photos/740544050/medium.jpg","url":"https://www.inaturalist.org/observations/403341043"},"geometry":{"type":"Point","coordinates":[-73.8937860369,40.9023766125]}},{"type":"Feature","properties":{"id":"inat-403340995","inat_id":403340995,"observed_on":"2026-09-25","taxon_id":143803,"name":"low smartweed","sci_name":"Persicaria longiseta","iconic_taxon":"Plantae","rank":"species","user":"elliottbucknall100","photo":"https://static.inaturalist.org/photos/740757832/medium.jpg","url":"https://www.inaturalist.org/observations/403340995"},"geometry":{"type":"Point","coordinates":[-74.0470361667,40.7379616667]}},{"type":"Feature","properties":{"id":"inat-403391443","inat_id":403391443,"observed_on":"2026-09-25","taxon_id":4892,"name":"Black-bellied Plover","sci_name":"Pluvialis squatarola","iconic_taxon":"Aves","rank":"species","user":"elharo","photo":"https://static.inaturalist.org/photos/740644184/medium.jpg","url":"https://www.inaturalist.org/observations/403391443"},"geometry":{"type":"Point","coordinates":[-73.9283066667,40.5835833333]}},{"type":"Feature","properties":{"id":"inat-403383606","inat_id":403383606,"observed_on":"2026-09-25","taxon_id":4892,"name":"Black-bellied Plover","sci_name":"Pluvialis squatarola","iconic_taxon":"Aves","rank":"species","user":"elharo","photo":"https://static.inaturalist.org/photos/740628982/medium.jpg","url":"https://www.inaturalist.org/observations/403383606"},"geometry":{"type":"Point","coordinates":[-73.9283066667,40.5835833333]}},{"type":"Feature","properties":{"id":"inat-403340834","inat_id":403340834,"observed_on":"2026-09-25","taxon_id":47888,"name":"common jewelweed","sci_name":"Impatiens capensis","iconic_taxon":"Plantae","rank":"species","user":"betsyyyy","photo":"https://inaturalist-open-data.s3.amazonaws.com/photos/740543684/medium.jpg","url":"https://www.inaturalist.org/observations/403340834"},"geometry":{"type":"Point","coordinates":[-73.8937804505,40.9023662965]}},{"type":"Feature","properties":{"id":"inat-403349225","inat_id":403349225,"observed_on":"2026-09-25","taxon_id":324726,"name":"Spotted Lanternfly","sci_name":"Lycorma delicatula","iconic_taxon":"Insecta","rank":"species","user":"nycnatureobserver","photo":"https://static.inaturalist.org/photos/740560524/medium.jpg","url":"https://www.inaturalist.org/observations/403349225"},"geometry":{"type":"Point","coordinates":[-73.9675676173,40.7780774]}},{"type":"Feature","properties":{"id":"inat-403340416","inat_id":403340416,"observed_on":"2026-09-25","taxon_id":83802,"name":"Locust Borer","sci_name":"Megacyllene robiniae","iconic_taxon":"Insecta","rank":"species","user":"elliottbucknall100","photo":"https://static.inaturalist.org/photos/740542959/medium.jpg","url":"https://www.inaturalist.org/observations/403340416"},"geometry":{"type":"Point","coordinates":[-74.0464166667,40.7392]}},{"type":"Feature","properties":{"id":"inat-403361369","inat_id":403361369,"observed_on":"2026-09-25","taxon_id":158042,"name":"bottlebrush buckeye","sci_name":"Aesculus parviflora","iconic_taxon":"Plantae","rank":"species","user":"mel0114","photo":"https://inaturalist-open-data.s3.amazonaws.com/photos/740584559/medium.jpg","url":"https://www.inaturalist.org/observations/403361369"},"geometry":{"type":"Point","coordinates":[-73.9690633333,40.662255]}},{"type":"Feature","properties":{"id":"inat-403361394","inat_id":403361394,"observed_on":"2026-09-25","taxon_id":52911,"name":"Bald-faced Hornet","sci_name":"Dolichovespula maculata","iconic_taxon":"Insecta","rank":"species","user":"mel0114","photo":"https://inaturalist-open-data.s3.amazonaws.com/photos/740584627/medium.jpg","url":"https://www.inaturalist.org/observations/403361394"},"geometry":{"type":"Point","coordinates":[-73.9691866667,40.6622666667]}},{"type":"Feature","properties":{"id":"inat-403339693","inat_id":403339693,"observed_on":"2026-09-25","taxon_id":765132,"name":"Atlantic Jackknife","sci_name":"Ensis leei","iconic_taxon":"Mollusca","rank":"species","user":"elharo","photo":"https://static.inaturalist.org/photos/740541778/medium.jpg","url":"https://www.inaturalist.org/observations/403339693"},"geometry":{"type":"Point","coordinates":[-73.9189823416,40.5827915832]}},{"type":"Feature","properties":{"id":"inat-403339518","inat_id":403339518,"observed_on":"2026-09-25","taxon_id":48302,"name":"Atlantic Horseshoe Crab","sci_name":"Limulus polyphemus","iconic_taxon":"Animalia","rank":"species","user":"elharo","photo":"https://static.inaturalist.org/photos/740541644/medium.jpg","url":"https://www.inaturalist.org/observations/403339518"},"geometry":{"type":"Point","coordinates":[-73.9190835045,40.582827821]}},{"type":"Feature","properties":{"id":"inat-403391437","inat_id":403391437,"observed_on":"2026-09-25","taxon_id":4817,"name":"Semipalmated Plover","sci_name":"Charadrius semipalmatus","iconic_taxon":"Aves","rank":"species","user":"elharo","photo":"https://static.inaturalist.org/photos/740644166/medium.jpg","url":"https://www.inaturalist.org/observations/403391437"},"geometry":{"type":"Point","coordinates":[-73.9283066667,40.5835833333]}},{"type":"Feature","properties":{"id":"inat-403370150","inat_id":403370150,"observed_on":"2026-09-25","taxon_id":5212,"name":"Red-tailed Hawk","sci_name":"Buteo jamaicensis","iconic_taxon":"Aves","rank":"species","user":"mbenham","photo":"https://inaturalist-open-data.s3.amazonaws.com/photos/740602594/medium.jpg","url":"https://www.inaturalist.org/observations/403370150"},"geometry":{"type":"Point","coordinates":[-73.9576384765,40.7960011586]}},{"type":"Feature","properties":{"id":"inat-403337712","inat_id":403337712,"observed_on":"2026-09-25","taxon_id":47585,"name":"Eastern Oyster","sci_name":"Crassostrea virginica","iconic_taxon":"Mollusca","rank":"species","user":"elharo","photo":"https://static.inaturalist.org/photos/740537583/medium.jpg","url":"https://www.inaturalist.org/observations/403337712"},"geometry":{"type":"Point","coordinates":[-73.9227335193,40.583142099]}},{"type":"Feature","properties":{"id":"inat-403391446","inat_id":403391446,"observed_on":"2026-09-25","taxon_id":4368,"name":"Great Black-backed Gull","sci_name":"Larus marinus","iconic_taxon":"Aves","rank":"species","user":"elharo","photo":"https://static.inaturalist.org/photos/740644185/medium.jpg","url":"https://www.inaturalist.org/observations/403391446"},"geometry":{"type":"Point","coordinates":[-73.9283066667,40.5835833333]}},{"type":"Feature","properties":{"id":"inat-403361346","inat_id":403361346,"observed_on":"2026-09-25","taxon_id":18236,"name":"Northern Flicker","sci_name":"Colaptes auratus","iconic_taxon":"Aves","rank":"species","user":"mel0114","photo":"https://inaturalist-open-data.s3.amazonaws.com/photos/740584507/medium.jpg","url":"https://www.inaturalist.org/observations/403361346"},"geometry":{"type":"Point","coordinates":[-73.9672383333,40.6619116667]}},{"type":"Feature","properties":{"id":"inat-403381316","inat_id":403381316,"observed_on":"2026-09-25","taxon_id":53740,"name":"Portly Spider Crab","sci_name":"Libinia emarginata","iconic_taxon":"Animalia","rank":"species","user":"elharo","photo":"https://static.inaturalist.org/photos/740624770/medium.jpg","url":"https://www.inaturalist.org/observations/403381316"},"geometry":{"type":"Point","coordinates":[-73.9283066667,40.5835833333]}},{"type":"Feature","properties":{"id":"inat-403338744","inat_id":403338744,"observed_on":"2026-09-25","taxon_id":1289622,"name":"Leach's Storm-Petrel","sci_name":"Hydrobates leucorhous","iconic_taxon":"Aves","rank":"species","user":"lovisalden","photo":"https://inaturalist-open-data.s3.amazonaws.com/photos/740539700/medium.jpg","url":"https://www.inaturalist.org/observations/403338744"},"geometry":{"type":"Point","coordinates":[-73.7680310109,40.7963327162]}},{"type":"Feature","properties":{"id":"inat-403336110","inat_id":403336110,"observed_on":"2026-09-25","taxon_id":49504,"name":"Atlantic Blue Crab","sci_name":"Callinectes sapidus","iconic_taxon":"Animalia","rank":"species","user":"elharo","photo":"https://static.inaturalist.org/photos/740534311/medium.jpg","url":"https://www.inaturalist.org/observations/403336110"},"geometry":{"type":"Point","coordinates":[-73.9263355754,40.5835006081]}},{"type":"Feature","properties":{"id":"inat-403335487","inat_id":403335487,"observed_on":"2026-09-25","taxon_id":125758,"name":"Northern Quahog","sci_name":"Mercenaria mercenaria","iconic_taxon":"Mollusca","rank":"species","user":"elharo","photo":"https://static.inaturalist.org/photos/740533081/medium.jpg","url":"https://www.inaturalist.org/observations/403335487"},"geometry":{"type":"Point","coordinates":[-73.9273604083,40.5834673052]}},{"type":"Feature","properties":{"id":"inat-403335369","inat_id":403335369,"observed_on":"2026-09-25","taxon_id":84227,"name":"wineberry","sci_name":"Rubus phoenicolasius","iconic_taxon":"Plantae","rank":"species","user":"betsyyyy","photo":"https://inaturalist-open-data.s3.amazonaws.com/photos/740532754/medium.jpg","url":"https://www.inaturalist.org/observations/403335369"},"geometry":{"type":"Point","coordinates":[-73.8938551304,40.902356327]}},{"type":"Feature","properties":{"id":"inat-403335694","inat_id":403335694,"observed_on":"2026-09-25","taxon_id":64237,"name":"common reed","sci_name":"Phragmites australis","iconic_taxon":"Plantae","rank":"species","user":"elliottbucknall100","photo":"https://static.inaturalist.org/photos/740533351/medium.jpg","url":"https://www.inaturalist.org/observations/403335694"},"geometry":{"type":"Point","coordinates":[-74.0430528333,40.7440866667]}},{"type":"Feature","properties":{"id":"inat-403335134","inat_id":403335134,"observed_on":"2026-09-25","taxon_id":119048,"name":"white snakeroot","sci_name":"Ageratina altissima","iconic_taxon":"Plantae","rank":"species","user":"betsyyyy","photo":"https://inaturalist-open-data.s3.amazonaws.com/photos/740532205/medium.jpg","url":"https://www.inaturalist.org/observations/403335134"},"geometry":{"type":"Point","coordinates":[-73.8938821432,40.9023289183]}},{"type":"Feature","properties":{"id":"inat-403361287","inat_id":403361287,"observed_on":"2026-09-25","taxon_id":128032,"name":"Paper mulberry","sci_name":"Broussonetia papyrifera","iconic_taxon":"Plantae","rank":"species","user":"mel0114","photo":"https://inaturalist-open-data.s3.amazonaws.com/photos/740584367/medium.jpg","url":"https://www.inaturalist.org/observations/403361287"},"geometry":{"type":"Point","coordinates":[-73.9656533333,40.6608916667]}},{"type":"Feature","properties":{"id":"inat-403334686","inat_id":403334686,"observed_on":"2026-09-25","taxon_id":57278,"name":"tree-of-heaven","sci_name":"Ailanthus altissima","iconic_taxon":"Plantae","rank":"species","user":"elharo","photo":"https://static.inaturalist.org/photos/740532854/medium.jpg","url":"https://www.inaturalist.org/observations/403334686"},"geometry":{"type":"Point","coordinates":[-73.9282862435,40.58358429]}},{"type":"Feature","properties":{"id":"inat-403380270","inat_id":403380270,"observed_on":"2026-09-25","taxon_id":53875,"name":"Atlantic Ghost Crab","sci_name":"Ocypode quadrata","iconic_taxon":"Animalia","rank":"species","user":"elharo","photo":"https://static.inaturalist.org/photos/740622755/medium.jpg","url":"https://www.inaturalist.org/observations/403380270"},"geometry":{"type":"Point","coordinates":[-73.9283066667,40.5835833333]}},{"type":"Feature","properties":{"id":"inat-403361253","inat_id":403361253,"observed_on":"2026-09-25","taxon_id":324726,"name":"Spotted Lanternfly","sci_name":"Lycorma delicatula","iconic_taxon":"Insecta","rank":"species","user":"mel0114","photo":"https://inaturalist-open-data.s3.amazonaws.com/photos/740584292/medium.jpg","url":"https://www.inaturalist.org/observations/403361253"},"geometry":{"type":"Point","coordinates":[-73.9660416667,40.6611783333]}},{"type":"Feature","properties":{"id":"inat-403333711","inat_id":403333711,"observed_on":"2026-09-25","taxon_id":48599,"name":"American pokeweed","sci_name":"Phytolacca americana","iconic_taxon":"Plantae","rank":"species","user":"elliottbucknall100","photo":"https://static.inaturalist.org/photos/740529638/medium.jpg","url":"https://www.inaturalist.org/observations/403333711"},"geometry":{"type":"Point","coordinates":[-74.0438916667,40.7432283333]}},{"type":"Feature","properties":{"id":"inat-403391452","inat_id":403391452,"observed_on":"2026-09-25","taxon_id":1578489,"name":"American Herring Gull","sci_name":"Larus smithsonianus","iconic_taxon":"Aves","rank":"species","user":"elharo","photo":"https://static.inaturalist.org/photos/740644214/medium.jpg","url":"https://www.inaturalist.org/observations/403391452"},"geometry":{"type":"Point","coordinates":[-73.9312283333,40.5840266667]}},{"type":"Feature","properties":{"id":"inat-403391462","inat_id":403391462,"observed_on":"2026-09-25","taxon_id":4364,"name":"Ring-billed Gull","sci_name":"Larus delawarensis","iconic_taxon":"Aves","rank":"species","user":"elharo","photo":"https://static.inaturalist.org/photos/740644241/medium.jpg","url":"https://www.inaturalist.org/observations/403391462"},"geometry":{"type":"Point","coordinates":[-73.9312283333,40.5840266667]}},{"type":"Feature","properties":{"id":"inat-403383750","inat_id":403383750,"observed_on":"2026-09-25","taxon_id":50278,"name":"Virginia creeper","sci_name":"Parthenocissus quinquefolia","iconic_taxon":"Plantae","rank":"species","user":"gaybuggs","photo":"https://inaturalist-open-data.s3.amazonaws.com/photos/740629186/medium.jpg","url":"https://www.inaturalist.org/observations/403383750"},"geometry":{"type":"Point","coordinates":[-73.9220666667,40.8591583333]}},{"type":"Feature","properties":{"id":"inat-403391453","inat_id":403391453,"observed_on":"2026-09-25","taxon_id":144514,"name":"Laughing Gull","sci_name":"Leucophaeus atricilla","iconic_taxon":"Aves","rank":"species","user":"elharo","photo":"https://static.inaturalist.org/photos/740644237/medium.jpg","url":"https://www.inaturalist.org/observations/403391453"},"geometry":{"type":"Point","coordinates":[-73.9312283333,40.5840266667]}},{"type":"Feature","properties":{"id":"inat-403361198","inat_id":403361198,"observed_on":"2026-09-25","taxon_id":119048,"name":"white snakeroot","sci_name":"Ageratina altissima","iconic_taxon":"Plantae","rank":"species","user":"mel0114","photo":"https://inaturalist-open-data.s3.amazonaws.com/photos/740584150/medium.jpg","url":"https://www.inaturalist.org/observations/403361198"},"geometry":{"type":"Point","coordinates":[-73.9656366667,40.6614133333]}},{"type":"Feature","properties":{"id":"inat-403332856","inat_id":403332856,"observed_on":"2026-09-25","taxon_id":62207,"name":"common evening-primrose","sci_name":"Oenothera biennis","iconic_taxon":"Plantae","rank":"species","user":"elliottbucknall100","photo":"https://static.inaturalist.org/photos/740528135/medium.jpg","url":"https://www.inaturalist.org/observations/403332856"},"geometry":{"type":"Point","coordinates":[-74.0446388333,40.7419166667]}},{"type":"Feature","properties":{"id":"inat-403391459","inat_id":403391459,"observed_on":"2026-09-25","taxon_id":118552,"name":"Domestic Cat","sci_name":"Felis catus","iconic_taxon":"Mammalia","rank":"species","user":"elharo","photo":"https://static.inaturalist.org/photos/740644238/medium.jpg","url":"https://www.inaturalist.org/observations/403391459"},"geometry":{"type":"Point","coordinates":[-73.9312283333,40.5840266667]}},{"type":"Feature","properties":{"id":"inat-403391448","inat_id":403391448,"observed_on":"2026-09-25","taxon_id":4364,"name":"Ring-billed Gull","sci_name":"Larus delawarensis","iconic_taxon":"Aves","rank":"species","user":"elharo","photo":"https://static.inaturalist.org/photos/740644201/medium.jpg","url":"https://www.inaturalist.org/observations/403391448"},"geometry":{"type":"Point","coordinates":[-73.9312283333,40.5840266667]}},{"type":"Feature","properties":{"id":"inat-403379568","inat_id":403379568,"observed_on":"2026-09-25","taxon_id":144539,"name":"Royal Tern","sci_name":"Thalasseus maximus","iconic_taxon":"Aves","rank":"species","user":"elharo","photo":"https://static.inaturalist.org/photos/740621561/medium.jpg","url":"https://www.inaturalist.org/observations/403379568"},"geometry":{"type":"Point","coordinates":[-73.9312283333,40.5840266667]}},{"type":"Feature","properties":{"id":"inat-403452212","inat_id":403452212,"observed_on":"2026-09-25","taxon_id":145233,"name":"Northern Parula","sci_name":"Setophaga americana","iconic_taxon":"Aves","rank":"species","user":"oldirtybasbird","photo":"https://inaturalist-open-data.s3.amazonaws.com/photos/740770232/medium.jpg","url":"https://www.inaturalist.org/observations/403452212"},"geometry":{"type":"Point","coordinates":[-73.8043174744,40.7460557218]}},{"type":"Feature","properties":{"id":"inat-403587800","inat_id":403587800,"observed_on":"2026-09-25","taxon_id":59675,"name":"Isabella Tiger Moth","sci_name":"Pyrrharctia isabella","iconic_taxon":"Insecta","rank":"species","user":"kenchaya","photo":"https://static.inaturalist.org/photos/741031028/medium.jpg","url":"https://www.inaturalist.org/observations/403587800"},"geometry":{"type":"Point","coordinates":[-73.9539605485,40.7936111229]}},{"type":"Feature","properties":{"id":"inat-403359630","inat_id":403359630,"observed_on":"2026-09-25","taxon_id":143803,"name":"low smartweed","sci_name":"Persicaria longiseta","iconic_taxon":"Plantae","rank":"species","user":"mel0114","photo":"https://inaturalist-open-data.s3.amazonaws.com/photos/740584000/medium.jpg","url":"https://www.inaturalist.org/observations/403359630"},"geometry":{"type":"Point","coordinates":[-73.9643383333,40.662895]}},{"type":"Feature","properties":{"id":"inat-403359692","inat_id":403359692,"observed_on":"2026-09-25","taxon_id":55626,"name":"Small White","sci_name":"Pieris rapae","iconic_taxon":"Insecta","rank":"species","user":"mikeyacubov","photo":"https://inaturalist-open-data.s3.amazonaws.com/photos/740581136/medium.jpg","url":"https://www.inaturalist.org/observations/403359692"},"geometry":{"type":"Point","coordinates":[-73.94268,40.6942716667]}},{"type":"Feature","properties":{"id":"inat-403324934","inat_id":403324934,"observed_on":"2026-09-25","taxon_id":64540,"name":"Asian bittersweet","sci_name":"Celastrus orbiculatus","iconic_taxon":"Plantae","rank":"species","user":"andrea_mckenzie","photo":"https://static.inaturalist.org/photos/740512719/medium.jpg","url":"https://www.inaturalist.org/observations/403324934"},"geometry":{"type":"Point","coordinates":[-73.85554999,40.66386236]}},{"type":"Feature","properties":{"id":"inat-403382178","inat_id":403382178,"observed_on":"2026-09-25","taxon_id":1578489,"name":"American Herring Gull","sci_name":"Larus smithsonianus","iconic_taxon":"Aves","rank":"species","user":"byjoetrezza","photo":"https://static.inaturalist.org/photos/740625637/medium.jpg","url":"https://www.inaturalist.org/observations/403382178"},"geometry":{"type":"Point","coordinates":[-73.9923778545,40.5824487108]}},{"type":"Feature","properties":{"id":"inat-403382175","inat_id":403382175,"observed_on":"2026-09-25","taxon_id":144514,"name":"Laughing Gull","sci_name":"Leucophaeus atricilla","iconic_taxon":"Aves","rank":"species","user":"byjoetrezza","photo":"https://static.inaturalist.org/photos/740624605/medium.jpg","url":"https://www.inaturalist.org/observations/403382175"},"geometry":{"type":"Point","coordinates":[-74.0164886703,40.5979094091]}},{"type":"Feature","properties":{"id":"inat-403354040","inat_id":403354040,"observed_on":"2026-09-25","taxon_id":4270,"name":"Great Cormorant","sci_name":"Phalacrocorax carbo","iconic_taxon":"Aves","rank":"species","user":"urbanwoods","photo":"https://inaturalist-open-data.s3.amazonaws.com/photos/740569546/medium.jpg","url":"https://www.inaturalist.org/observations/403354040"},"geometry":{"type":"Point","coordinates":[-73.93367,40.5757116667]}},{"type":"Feature","properties":{"id":"inat-403588180","inat_id":403588180,"observed_on":"2026-09-25","taxon_id":46017,"name":"Eastern Gray Squirrel","sci_name":"Sciurus carolinensis","iconic_taxon":"Mammalia","rank":"species","user":"scottedmunds","photo":"https://inaturalist-open-data.s3.amazonaws.com/photos/741031631/medium.jpg","url":"https://www.inaturalist.org/observations/403588180"},"geometry":{"type":"Point","coordinates":[-73.9390116667,40.8172616667]}},{"type":"Feature","properties":{"id":"inat-403318787","inat_id":403318787,"observed_on":"2026-09-25","taxon_id":48484,"name":"Asian Lady Beetle","sci_name":"Harmonia axyridis","iconic_taxon":"Insecta","rank":"species","user":"marieviljoen","photo":"https://inaturalist-open-data.s3.amazonaws.com/photos/740500753/medium.jpg","url":"https://www.inaturalist.org/observations/403318787"},"geometry":{"type":"Point","coordinates":[-74.06278946,40.61503612]}},{"type":"Feature","properties":{"id":"inat-403452312","inat_id":403452312,"observed_on":"2026-09-25","taxon_id":17364,"name":"Philadelphia Vireo","sci_name":"Vireo philadelphicus","iconic_taxon":"Aves","rank":"species","user":"oldirtybasbird","photo":"https://inaturalist-open-data.s3.amazonaws.com/photos/740770467/medium.jpg","url":"https://www.inaturalist.org/observations/403452312"},"geometry":{"type":"Point","coordinates":[-73.8043174744,40.7460557218]}},{"type":"Feature","properties":{"id":"inat-403426080","inat_id":403426080,"observed_on":"2026-09-25","taxon_id":324726,"name":"Spotted Lanternfly","sci_name":"Lycorma delicatula","iconic_taxon":"Insecta","rank":"species","user":"rmross","photo":"https://inaturalist-open-data.s3.amazonaws.com/photos/740717237/medium.jpg","url":"https://www.inaturalist.org/observations/403426080"},"geometry":{"type":"Point","coordinates":[-73.9687583333,40.7615383333]}},{"type":"Feature","properties":{"id":"inat-403388983","inat_id":403388983,"observed_on":"2026-09-25","taxon_id":81729,"name":"Harvester","sci_name":"Feniseca tarquinius","iconic_taxon":"Insecta","rank":"species","user":"totallynermal","photo":"https://inaturalist-open-data.s3.amazonaws.com/photos/740639641/medium.jpg","url":"https://www.inaturalist.org/observations/403388983"},"geometry":{"type":"Point","coordinates":[-73.876424404,40.8459372681]}},{"type":"Feature","properties":{"id":"inat-403587444","inat_id":403587444,"observed_on":"2026-09-25","taxon_id":119048,"name":"white snakeroot","sci_name":"Ageratina altissima","iconic_taxon":"Plantae","rank":"species","user":"kenchaya","photo":"https://static.inaturalist.org/photos/741030340/medium.jpg","url":"https://www.inaturalist.org/observations/403587444"},"geometry":{"type":"Point","coordinates":[-73.9579903805,40.7944465144]}},{"type":"Feature","properties":{"id":"inat-403373105","inat_id":403373105,"observed_on":"2026-09-25","taxon_id":479866,"name":"Clustered Midrib Gall Wasp","sci_name":"Andricus dimorphus","iconic_taxon":"Insecta","rank":"species","user":"matthew_wills","photo":"https://inaturalist-open-data.s3.amazonaws.com/photos/740608666/medium.jpg","url":"https://www.inaturalist.org/observations/403373105"},"geometry":{"type":"Point","coordinates":[-73.9725096602,40.6659099741]}},{"type":"Feature","properties":{"id":"inat-403372177","inat_id":403372177,"observed_on":"2026-09-25","taxon_id":12727,"name":"American Robin","sci_name":"Turdus migratorius","iconic_taxon":"Aves","rank":"species","user":"mikejodonnell","photo":"https://inaturalist-open-data.s3.amazonaws.com/photos/740606712/medium.jpg","url":"https://www.inaturalist.org/observations/403372177"},"geometry":{"type":"Point","coordinates":[-73.87781354,40.86333085]}},{"type":"Feature","properties":{"id":"inat-403307984","inat_id":403307984,"observed_on":"2026-09-25","taxon_id":3454,"name":"Mourning Dove","sci_name":"Zenaida macroura","iconic_taxon":"Aves","rank":"species","user":"li_leona","photo":"https://inaturalist-open-data.s3.amazonaws.com/photos/740479837/medium.jpg","url":"https://www.inaturalist.org/observations/403307984"},"geometry":{"type":"Point","coordinates":[-73.997795,40.7311883333]}},{"type":"Feature","properties":{"id":"inat-403372128","inat_id":403372128,"observed_on":"2026-09-25","taxon_id":14995,"name":"Gray Catbird","sci_name":"Dumetella carolinensis","iconic_taxon":"Aves","rank":"species","user":"mikejodonnell","photo":"https://inaturalist-open-data.s3.amazonaws.com/photos/740606626/medium.jpg","url":"https://www.inaturalist.org/observations/403372128"},"geometry":{"type":"Point","coordinates":[-73.87793993,40.86296684]}},{"type":"Feature","properties":{"id":"inat-403326575","inat_id":403326575,"observed_on":"2026-09-25","taxon_id":4450,"name":"Common Tern","sci_name":"Sterna hirundo","iconic_taxon":"Aves","rank":"species","user":"byjoetrezza","photo":"https://static.inaturalist.org/photos/740515862/medium.jpg","url":"https://www.inaturalist.org/observations/403326575"},"geometry":{"type":"Point","coordinates":[-74.0293142449,40.6518781227]}},{"type":"Feature","properties":{"id":"inat-403342226","inat_id":403342226,"observed_on":"2026-09-25","taxon_id":131249,"name":"mile-a-minute weed","sci_name":"Persicaria perfoliata","iconic_taxon":"Plantae","rank":"species","user":"pokemaster01","photo":"https://inaturalist-open-data.s3.amazonaws.com/photos/740546153/medium.jpg","url":"https://www.inaturalist.org/observations/403342226"},"geometry":{"type":"Point","coordinates":[-73.9223850333,40.5951365456]}},{"type":"Feature","properties":{"id":"inat-403380119","inat_id":403380119,"observed_on":"2026-09-25","taxon_id":144514,"name":"Laughing Gull","sci_name":"Leucophaeus atricilla","iconic_taxon":"Aves","rank":"species","user":"byjoetrezza","photo":"https://static.inaturalist.org/photos/740622001/medium.jpg","url":"https://www.inaturalist.org/observations/403380119"},"geometry":{"type":"Point","coordinates":[-74.0287122666,40.6493055143]}},{"type":"Feature","properties":{"id":"inat-403342169","inat_id":403342169,"observed_on":"2026-09-25","taxon_id":126698,"name":"shining sumac","sci_name":"Rhus copallinum","iconic_taxon":"Plantae","rank":"species","user":"pokemaster01","photo":"https://inaturalist-open-data.s3.amazonaws.com/photos/740546077/medium.jpg","url":"https://www.inaturalist.org/observations/403342169"},"geometry":{"type":"Point","coordinates":[-73.9195290448,40.5930386609]}},{"type":"Feature","properties":{"id":"inat-403342083","inat_id":403342083,"observed_on":"2026-09-25","taxon_id":84813,"name":"groundsel tree","sci_name":"Baccharis halimifolia","iconic_taxon":"Plantae","rank":"species","user":"pokemaster01","photo":"https://inaturalist-open-data.s3.amazonaws.com/photos/740545927/medium.jpg","url":"https://www.inaturalist.org/observations/403342083"},"geometry":{"type":"Point","coordinates":[-73.9175284775,40.5919317947]}},{"type":"Feature","properties":{"id":"inat-403354138","inat_id":403354138,"observed_on":"2026-09-25","taxon_id":77221,"name":"Pennsylvania Cudweed","sci_name":"Gamochaeta pensylvanica","iconic_taxon":"Plantae","rank":"species","user":"zitserm","photo":"https://static.inaturalist.org/photos/740569713/medium.jpg","url":"https://www.inaturalist.org/observations/403354138"},"geometry":{"type":"Point","coordinates":[-73.7811820845,40.7154137885]}},{"type":"Feature","properties":{"id":"inat-403301042","inat_id":403301042,"observed_on":"2026-09-25","taxon_id":324726,"name":"Spotted Lanternfly","sci_name":"Lycorma delicatula","iconic_taxon":"Insecta","rank":"species","user":"dougnaturalist","photo":"https://static.inaturalist.org/photos/740466986/medium.jpg","url":"https://www.inaturalist.org/observations/403301042"},"geometry":{"type":"Point","coordinates":[-73.831283652,40.6370317961]}},{"type":"Feature","properties":{"id":"inat-403351873","inat_id":403351873,"observed_on":"2026-09-25","taxon_id":118970,"name":"Common Eastern Bumble Bee","sci_name":"Bombus impatiens","iconic_taxon":"Insecta","rank":"species","user":"kateatshutesbury","photo":"https://inaturalist-open-data.s3.amazonaws.com/photos/740565056/medium.jpg","url":"https://www.inaturalist.org/observations/403351873"},"geometry":{"type":"Point","coordinates":[-73.9766,40.66455]}},{"type":"Feature","properties":{"id":"inat-403348408","inat_id":403348408,"observed_on":"2026-09-25","taxon_id":78221,"name":"Woodland Tobacco","sci_name":"Nicotiana sylvestris","iconic_taxon":"Plantae","rank":"species","user":"kateatshutesbury","photo":"https://inaturalist-open-data.s3.amazonaws.com/photos/740558821/medium.jpg","url":"https://www.inaturalist.org/observations/403348408"},"geometry":{"type":"Point","coordinates":[-73.97657,40.6645583333]}},{"type":"Feature","properties":{"id":"inat-403306706","inat_id":403306706,"observed_on":"2026-09-25","taxon_id":14995,"name":"Gray Catbird","sci_name":"Dumetella carolinensis","iconic_taxon":"Aves","rank":"species","user":"sarahsprowls","photo":"https://inaturalist-open-data.s3.amazonaws.com/photos/740477605/medium.jpg","url":"https://www.inaturalist.org/observations/403306706"},"geometry":{"type":"Point","coordinates":[-73.8782416667,40.845925]}},{"type":"Feature","properties":{"id":"inat-403396063","inat_id":403396063,"observed_on":"2026-09-25","taxon_id":56083,"name":"Common Pill Woodlouse","sci_name":"Armadillidium vulgare","iconic_taxon":"Animalia","rank":"species","user":"scottedmunds","photo":"https://inaturalist-open-data.s3.amazonaws.com/photos/740653751/medium.jpg","url":"https://www.inaturalist.org/observations/403396063"},"geometry":{"type":"Point","coordinates":[-73.9440866667,40.8108883333]}},{"type":"Feature","properties":{"id":"inat-403298519","inat_id":403298519,"observed_on":"2026-09-25","taxon_id":14850,"name":"European Starling","sci_name":"Sturnus vulgaris","iconic_taxon":"Aves","rank":"species","user":"miaotron","photo":"https://inaturalist-open-data.s3.amazonaws.com/photos/740461646/medium.jpg","url":"https://www.inaturalist.org/observations/403298519"},"geometry":{"type":"Point","coordinates":[-73.9721120526,40.7955729624]}},{"type":"Feature","properties":{"id":"inat-403298142","inat_id":403298142,"observed_on":"2026-09-25","taxon_id":56090,"name":"white mulberry","sci_name":"Morus alba","iconic_taxon":"Plantae","rank":"species","user":"niaolives","photo":"https://inaturalist-open-data.s3.amazonaws.com/photos/740461049/medium.jpg","url":"https://www.inaturalist.org/observations/403298142"},"geometry":{"type":"Point","coordinates":[-73.8867111206,40.8880958557]}},{"type":"Feature","properties":{"id":"inat-403298162","inat_id":403298162,"observed_on":"2026-09-25","taxon_id":47888,"name":"common jewelweed","sci_name":"Impatiens capensis","iconic_taxon":"Plantae","rank":"species","user":"yoshimori","photo":"https://inaturalist-open-data.s3.amazonaws.com/photos/740460962/medium.jpg","url":"https://www.inaturalist.org/observations/403298162"},"geometry":{"type":"Point","coordinates":[-73.8868333333,40.8881416667]}},{"type":"Feature","properties":{"id":"inat-403341994","inat_id":403341994,"observed_on":"2026-09-25","taxon_id":64544,"name":"northern bayberry","sci_name":"Morella pensylvanica","iconic_taxon":"Plantae","rank":"species","user":"pokemaster01","photo":"https://inaturalist-open-data.s3.amazonaws.com/photos/740545790/medium.jpg","url":"https://www.inaturalist.org/observations/403341994"},"geometry":{"type":"Point","coordinates":[-73.9188510553,40.5905626668]}},{"type":"Feature","properties":{"id":"inat-403296009","inat_id":403296009,"observed_on":"2026-09-25","taxon_id":119048,"name":"white snakeroot","sci_name":"Ageratina altissima","iconic_taxon":"Plantae","rank":"species","user":"hpullin","photo":"https://inaturalist-open-data.s3.amazonaws.com/photos/740456795/medium.jpg","url":"https://www.inaturalist.org/observations/403296009"},"geometry":{"type":"Point","coordinates":[-74.0318555496,40.883907523]}},{"type":"Feature","properties":{"id":"inat-403295608","inat_id":403295608,"observed_on":"2026-09-25","taxon_id":47585,"name":"Eastern Oyster","sci_name":"Crassostrea virginica","iconic_taxon":"Mollusca","rank":"species","user":"yrastogi05","photo":"https://inaturalist-open-data.s3.amazonaws.com/photos/740766181/medium.jpg","url":"https://www.inaturalist.org/observations/403295608"},"geometry":{"type":"Point","coordinates":[-74.010307312,40.7405586243]}},{"type":"Feature","properties":{"id":"inat-403348549","inat_id":403348549,"observed_on":"2026-09-25","taxon_id":55882,"name":"common ivy","sci_name":"Hedera helix","iconic_taxon":"Plantae","rank":"species","user":"kateatshutesbury","photo":"https://inaturalist-open-data.s3.amazonaws.com/photos/740559157/medium.jpg","url":"https://www.inaturalist.org/observations/403348549"},"geometry":{"type":"Point","coordinates":[-73.9716416667,40.6616583333]}},{"type":"Feature","properties":{"id":"inat-403294087","inat_id":403294087,"observed_on":"2026-09-25","taxon_id":963010,"name":"Long-tailed Aphideater Complex","sci_name":"Eupeodes americanus","iconic_taxon":"Insecta","rank":"complex","user":"keledy","photo":"https://static.inaturalist.org/photos/740453376/medium.jpg","url":"https://www.inaturalist.org/observations/403294087"},"geometry":{"type":"Point","coordinates":[-73.9909100421,40.6712893139]}},{"type":"Feature","properties":{"id":"inat-403293648","inat_id":403293648,"observed_on":"2026-09-25","taxon_id":118970,"name":"Common Eastern Bumble Bee","sci_name":"Bombus impatiens","iconic_taxon":"Insecta","rank":"species","user":"ekotsanis","photo":"https://inaturalist-open-data.s3.amazonaws.com/photos/740452716/medium.jpg","url":"https://www.inaturalist.org/observations/403293648"},"geometry":{"type":"Point","coordinates":[-74.0176861667,40.7055200027]}},{"type":"Feature","properties":{"id":"inat-403295648","inat_id":403295648,"observed_on":"2026-09-25","taxon_id":10286,"name":"Black-and-white Warbler","sci_name":"Mniotilta varia","iconic_taxon":"Aves","rank":"species","user":"marc74740","photo":"https://inaturalist-open-data.s3.amazonaws.com/photos/740455971/medium.jpg","url":"https://www.inaturalist.org/observations/403295648"},"geometry":{"type":"Point","coordinates":[-73.9892527778,40.7019111111]}},{"type":"Feature","properties":{"id":"inat-403291499","inat_id":403291499,"observed_on":"2026-09-25","taxon_id":84300,"name":"American black elderberry","sci_name":"Sambucus canadensis","iconic_taxon":"Plantae","rank":"species","user":"mala947","photo":"https://inaturalist-open-data.s3.amazonaws.com/photos/740448732/medium.jpg","url":"https://www.inaturalist.org/observations/403291499"},"geometry":{"type":"Point","coordinates":[-74.0167241663,40.7045876072]}},{"type":"Feature","properties":{"id":"inat-403349640","inat_id":403349640,"observed_on":"2026-09-25","taxon_id":54795,"name":"sassafras","sci_name":"Sassafras albidum","iconic_taxon":"Plantae","rank":"species","user":"kateatshutesbury","photo":"https://inaturalist-open-data.s3.amazonaws.com/photos/740561139/medium.jpg","url":"https://www.inaturalist.org/observations/403349640"},"geometry":{"type":"Point","coordinates":[-73.9705583333,40.6642333333]}},{"type":"Feature","properties":{"id":"inat-403290297","inat_id":403290297,"observed_on":"2026-09-25","taxon_id":49658,"name":"American sweetgum","sci_name":"Liquidambar styraciflua","iconic_taxon":"Plantae","rank":"species","user":"luket333","photo":"https://inaturalist-open-data.s3.amazonaws.com/photos/740455904/medium.jpg","url":"https://www.inaturalist.org/observations/403290297"},"geometry":{"type":"Point","coordinates":[-73.8434591389,40.7031033059]}},{"type":"Feature","properties":{"id":"inat-403289105","inat_id":403289105,"observed_on":"2026-09-25","taxon_id":223938,"name":"Liriope","sci_name":"Liriope muscari","iconic_taxon":"Plantae","rank":"species","user":"umevelvets","photo":"https://inaturalist-open-data.s3.amazonaws.com/photos/740444538/medium.jpg","url":"https://www.inaturalist.org/observations/403289105"},"geometry":{"type":"Point","coordinates":[-73.9970626831,40.7306175232]}},{"type":"Feature","properties":{"id":"inat-403288907","inat_id":403288907,"observed_on":"2026-09-25","taxon_id":4840,"name":"American Oystercatcher","sci_name":"Haematopus palliatus","iconic_taxon":"Aves","rank":"species","user":"chrisraschka","photo":"https://static.inaturalist.org/photos/740444154/medium.jpg","url":"https://www.inaturalist.org/observations/403288907"},"geometry":{"type":"Point","coordinates":[-73.8068788872,40.5843509641]}},{"type":"Feature","properties":{"id":"inat-403288169","inat_id":403288169,"observed_on":"2026-09-25","taxon_id":324726,"name":"Spotted Lanternfly","sci_name":"Lycorma delicatula","iconic_taxon":"Insecta","rank":"species","user":"starrrlou","photo":"https://inaturalist-open-data.s3.amazonaws.com/photos/740442729/medium.jpg","url":"https://www.inaturalist.org/observations/403288169"},"geometry":{"type":"Point","coordinates":[-73.8423561305,40.6705363439]}},{"type":"Feature","properties":{"id":"inat-403286493","inat_id":403286493,"observed_on":"2026-09-25","taxon_id":62550,"name":"Ovenbird","sci_name":"Seiurus aurocapilla","iconic_taxon":"Aves","rank":"species","user":"felicia_kazin","photo":"https://static.inaturalist.org/photos/740439741/medium.jpg","url":"https://www.inaturalist.org/observations/403286493"},"geometry":{"type":"Point","coordinates":[-74.0214136,40.7778056]}},{"type":"Feature","properties":{"id":"inat-403284703","inat_id":403284703,"observed_on":"2026-09-25","taxon_id":49658,"name":"American sweetgum","sci_name":"Liquidambar styraciflua","iconic_taxon":"Plantae","rank":"species","user":"luket333","photo":"https://inaturalist-open-data.s3.amazonaws.com/photos/740436151/medium.jpg","url":"https://www.inaturalist.org/observations/403284703"},"geometry":{"type":"Point","coordinates":[-73.8435249965,40.703137545]}},{"type":"Feature","properties":{"id":"inat-403521512","inat_id":403521512,"observed_on":"2026-09-25","taxon_id":52119,"name":"Eastern Cottonwood","sci_name":"Populus deltoides","iconic_taxon":"Plantae","rank":"species","user":"atcgnyc","photo":"https://inaturalist-open-data.s3.amazonaws.com/photos/740906166/medium.jpg","url":"https://www.inaturalist.org/observations/403521512"},"geometry":{"type":"Point","coordinates":[-74.0003972217,40.756745]}},{"type":"Feature","properties":{"id":"inat-403284817","inat_id":403284817,"observed_on":"2026-09-25","taxon_id":129251,"name":"Restless Bush Cricket","sci_name":"Hapithus agitator","iconic_taxon":"Insecta","rank":"species","user":"matthew_wills","photo":"https://inaturalist-open-data.s3.amazonaws.com/photos/740436366/medium.jpg","url":"https://www.inaturalist.org/observations/403284817"},"geometry":{"type":"Point","coordinates":[-73.9688154247,40.6573730215]}},{"type":"Feature","properties":{"id":"inat-403521487","inat_id":403521487,"observed_on":"2026-09-25","taxon_id":126888,"name":"northern seaside goldenrod","sci_name":"Solidago sempervirens","iconic_taxon":"Plantae","rank":"species","user":"atcgnyc","photo":"https://inaturalist-open-data.s3.amazonaws.com/photos/740906132/medium.jpg","url":"https://www.inaturalist.org/observations/403521487"},"geometry":{"type":"Point","coordinates":[-74.0001666667,40.7566133333]}},{"type":"Feature","properties":{"id":"inat-403380107","inat_id":403380107,"observed_on":"2026-09-25","taxon_id":72458,"name":"Spotted Sandpiper","sci_name":"Actitis macularius","iconic_taxon":"Aves","rank":"species","user":"byjoetrezza","photo":"https://static.inaturalist.org/photos/740621981/medium.jpg","url":"https://www.inaturalist.org/observations/403380107"},"geometry":{"type":"Point","coordinates":[-73.9980824636,40.5826235095]}},{"type":"Feature","properties":{"id":"inat-403281338","inat_id":403281338,"observed_on":"2026-09-25","taxon_id":46017,"name":"Eastern Gray Squirrel","sci_name":"Sciurus carolinensis","iconic_taxon":"Mammalia","rank":"species","user":"umevelvets","photo":"https://inaturalist-open-data.s3.amazonaws.com/photos/740429702/medium.jpg","url":"https://www.inaturalist.org/observations/403281338"},"geometry":{"type":"Point","coordinates":[-73.9961853027,40.7306785583]}},{"type":"Feature","properties":{"id":"inat-403281248","inat_id":403281248,"observed_on":"2026-09-25","taxon_id":127685,"name":"White Wood Aster","sci_name":"Eurybia divaricata","iconic_taxon":"Plantae","rank":"species","user":"luket333","photo":"https://inaturalist-open-data.s3.amazonaws.com/photos/740429546/medium.jpg","url":"https://www.inaturalist.org/observations/403281248"},"geometry":{"type":"Point","coordinates":[-73.8399263376,40.7027867598]}},{"type":"Feature","properties":{"id":"inat-403280632","inat_id":403280632,"observed_on":"2026-09-25","taxon_id":126155,"name":"German Yellowjacket","sci_name":"Vespula germanica","iconic_taxon":"Insecta","rank":"species","user":"olibclarke","photo":"https://inaturalist-open-data.s3.amazonaws.com/photos/740428237/medium.jpg","url":"https://www.inaturalist.org/observations/403280632"},"geometry":{"type":"Point","coordinates":[-73.94748,40.8037116667]}},{"type":"Feature","properties":{"id":"inat-403346159","inat_id":403346159,"observed_on":"2026-09-25","taxon_id":127685,"name":"White Wood Aster","sci_name":"Eurybia divaricata","iconic_taxon":"Plantae","rank":"species","user":"mrforest","photo":"https://inaturalist-open-data.s3.amazonaws.com/photos/740553941/medium.jpg","url":"https://www.inaturalist.org/observations/403346159"},"geometry":{"type":"Point","coordinates":[-73.974495,40.7974166667]}},{"type":"Feature","properties":{"id":"inat-403346122","inat_id":403346122,"observed_on":"2026-09-25","taxon_id":118970,"name":"Common Eastern Bumble Bee","sci_name":"Bombus impatiens","iconic_taxon":"Insecta","rank":"species","user":"mrforest","photo":"https://inaturalist-open-data.s3.amazonaws.com/photos/740553852/medium.jpg","url":"https://www.inaturalist.org/observations/403346122"},"geometry":{"type":"Point","coordinates":[-73.9744866667,40.7974666667]}},{"type":"Feature","properties":{"id":"inat-403277936","inat_id":403277936,"observed_on":"2026-09-25","taxon_id":122767,"name":"Feral Pigeon","sci_name":"Columba livia domestica","iconic_taxon":"Aves","rank":"variety","user":"umevelvets","photo":"https://inaturalist-open-data.s3.amazonaws.com/photos/740423403/medium.jpg","url":"https://www.inaturalist.org/observations/403277936"},"geometry":{"type":"Point","coordinates":[-73.997795105,40.7303848267]}},{"type":"Feature","properties":{"id":"inat-403443424","inat_id":403443424,"observed_on":"2026-09-25","taxon_id":122228,"name":"Saddleback Caterpillar Moth","sci_name":"Acharia stimulea","iconic_taxon":"Insecta","rank":"species","user":"yoshimori","photo":"https://inaturalist-open-data.s3.amazonaws.com/photos/740752627/medium.jpg","url":"https://www.inaturalist.org/observations/403443424"},"geometry":{"type":"Point","coordinates":[-73.8868866667,40.888155]}},{"type":"Feature","properties":{"id":"inat-403276316","inat_id":403276316,"observed_on":"2026-09-25","taxon_id":122228,"name":"Saddleback Caterpillar Moth","sci_name":"Acharia stimulea","iconic_taxon":"Insecta","rank":"species","user":"camilogaston","photo":"https://inaturalist-open-data.s3.amazonaws.com/photos/740419934/medium.jpg","url":"https://www.inaturalist.org/observations/403276316"},"geometry":{"type":"Point","coordinates":[-73.8868163996,40.8880764658]}},{"type":"Feature","properties":{"id":"inat-403276138","inat_id":403276138,"observed_on":"2026-09-25","taxon_id":122228,"name":"Saddleback Caterpillar Moth","sci_name":"Acharia stimulea","iconic_taxon":"Insecta","rank":"species","user":"nonavianry","photo":"https://inaturalist-open-data.s3.amazonaws.com/photos/740419675/medium.jpg","url":"https://www.inaturalist.org/observations/403276138"},"geometry":{"type":"Point","coordinates":[-73.8868429047,40.8880811117]}},{"type":"Feature","properties":{"id":"inat-403275645","inat_id":403275645,"observed_on":"2026-09-25","taxon_id":122228,"name":"Saddleback Caterpillar Moth","sci_name":"Acharia stimulea","iconic_taxon":"Insecta","rank":"species","user":"niaolives","photo":"https://inaturalist-open-data.s3.amazonaws.com/photos/740460502/medium.jpg","url":"https://www.inaturalist.org/observations/403275645"},"geometry":{"type":"Point","coordinates":[-73.8868026733,40.8880500793]}},{"type":"Feature","properties":{"id":"inat-403273972","inat_id":403273972,"observed_on":"2026-09-25","taxon_id":81579,"name":"Triangulate Combfoot","sci_name":"Steatoda triangulosa","iconic_taxon":"Arachnida","rank":"species","user":"adamweissman","photo":"https://inaturalist-open-data.s3.amazonaws.com/photos/740415729/medium.jpg","url":"https://www.inaturalist.org/observations/403273972"},"geometry":{"type":"Point","coordinates":[-74.0129089355,40.8897399902]}},{"type":"Feature","properties":{"id":"inat-403380106","inat_id":403380106,"observed_on":"2026-09-25","taxon_id":4665,"name":"American Kestrel","sci_name":"Falco sparverius","iconic_taxon":"Aves","rank":"species","user":"byjoetrezza","photo":"https://static.inaturalist.org/photos/740621950/medium.jpg","url":"https://www.inaturalist.org/observations/403380106"},"geometry":{"type":"Point","coordinates":[-73.9980824636,40.5826235095]}},{"type":"Feature","properties":{"id":"inat-403388128","inat_id":403388128,"observed_on":"2026-09-25","taxon_id":84494,"name":"Golden Jumping Spider","sci_name":"Paraphidippus aurantius","iconic_taxon":"Arachnida","rank":"species","user":"totallynermal","photo":"https://inaturalist-open-data.s3.amazonaws.com/photos/740637940/medium.jpg","url":"https://www.inaturalist.org/observations/403388128"},"geometry":{"type":"Point","coordinates":[-73.8756707305,40.8453495126]}},{"type":"Feature","properties":{"id":"inat-403405331","inat_id":403405331,"observed_on":"2026-09-25","taxon_id":9721,"name":"Common Yellowthroat","sci_name":"Geothlypis trichas","iconic_taxon":"Aves","rank":"species","user":"astas","photo":"https://static.inaturalist.org/photos/740672740/medium.jpg","url":"https://www.inaturalist.org/observations/403405331"},"geometry":{"type":"Point","coordinates":[-73.9655834,40.7825547]}},{"type":"Feature","properties":{"id":"inat-403272200","inat_id":403272200,"observed_on":"2026-09-25","taxon_id":48599,"name":"American pokeweed","sci_name":"Phytolacca americana","iconic_taxon":"Plantae","rank":"species","user":"zarro","photo":"https://inaturalist-open-data.s3.amazonaws.com/photos/740412567/medium.jpg","url":"https://www.inaturalist.org/observations/403272200"},"geometry":{"type":"Point","coordinates":[-73.8074962634,40.7420218361]}},{"type":"Feature","properties":{"id":"inat-403271928","inat_id":403271928,"observed_on":"2026-09-25","taxon_id":48599,"name":"American pokeweed","sci_name":"Phytolacca americana","iconic_taxon":"Plantae","rank":"species","user":"zarro","photo":"https://inaturalist-open-data.s3.amazonaws.com/photos/740412115/medium.jpg","url":"https://www.inaturalist.org/observations/403271928"},"geometry":{"type":"Point","coordinates":[-73.8070770531,40.7419955389]}},{"type":"Feature","properties":{"id":"inat-403387320","inat_id":403387320,"observed_on":"2026-09-25","taxon_id":62550,"name":"Ovenbird","sci_name":"Seiurus aurocapilla","iconic_taxon":"Aves","rank":"species","user":"kls072892","photo":"https://inaturalist-open-data.s3.amazonaws.com/photos/740636373/medium.jpg","url":"https://www.inaturalist.org/observations/403387320"},"geometry":{"type":"Point","coordinates":[-73.9355472222,40.837625]}},{"type":"Feature","properties":{"id":"inat-403387242","inat_id":403387242,"observed_on":"2026-09-25","taxon_id":145229,"name":"Hooded Warbler","sci_name":"Setophaga citrina","iconic_taxon":"Aves","rank":"species","user":"kls072892","photo":"https://inaturalist-open-data.s3.amazonaws.com/photos/740636214/medium.jpg","url":"https://www.inaturalist.org/observations/403387242"},"geometry":{"type":"Point","coordinates":[-73.9358861111,40.8374305556]}},{"type":"Feature","properties":{"id":"inat-403263844","inat_id":403263844,"observed_on":"2026-09-25","taxon_id":83802,"name":"Locust Borer","sci_name":"Megacyllene robiniae","iconic_taxon":"Insecta","rank":"species","user":"stephanie_ashley","photo":"https://static.inaturalist.org/photos/740396110/medium.jpg","url":"https://www.inaturalist.org/observations/403263844"},"geometry":{"type":"Point","coordinates":[-73.9464800652,40.8427029706]}},{"type":"Feature","properties":{"id":"inat-403263530","inat_id":403263530,"observed_on":"2026-09-25","taxon_id":83802,"name":"Locust Borer","sci_name":"Megacyllene robiniae","iconic_taxon":"Insecta","rank":"species","user":"stephanie_ashley","photo":"https://static.inaturalist.org/photos/740395514/medium.jpg","url":"https://www.inaturalist.org/observations/403263530"},"geometry":{"type":"Point","coordinates":[-73.9465385867,40.8427329472]}},{"type":"Feature","properties":{"id":"inat-403397342","inat_id":403397342,"observed_on":"2026-09-25","taxon_id":16100,"name":"Eastern Wood-Pewee","sci_name":"Contopus virens","iconic_taxon":"Aves","rank":"species","user":"astas","photo":"https://static.inaturalist.org/photos/740655678/medium.jpg","url":"https://www.inaturalist.org/observations/403397342"},"geometry":{"type":"Point","coordinates":[-73.9681583207,40.7794350837]}},{"type":"Feature","properties":{"id":"inat-403261490","inat_id":403261490,"observed_on":"2026-09-25","taxon_id":145233,"name":"Northern Parula","sci_name":"Setophaga americana","iconic_taxon":"Aves","rank":"species","user":"mala947","photo":"https://inaturalist-open-data.s3.amazonaws.com/photos/740438208/medium.jpg","url":"https://www.inaturalist.org/observations/403261490"},"geometry":{"type":"Point","coordinates":[-74.0164838211,40.7022519578]}},{"type":"Feature","properties":{"id":"inat-403261287","inat_id":403261287,"observed_on":"2026-09-25","taxon_id":145233,"name":"Northern Parula","sci_name":"Setophaga americana","iconic_taxon":"Aves","rank":"species","user":"mala947","photo":"https://inaturalist-open-data.s3.amazonaws.com/photos/740390954/medium.jpg","url":"https://www.inaturalist.org/observations/403261287"},"geometry":{"type":"Point","coordinates":[-74.0166872478,40.7024275462]}},{"type":"Feature","properties":{"id":"inat-403547441","inat_id":403547441,"observed_on":"2026-09-25","taxon_id":59675,"name":"Isabella Tiger Moth","sci_name":"Pyrrharctia isabella","iconic_taxon":"Insecta","rank":"species","user":"sash_imi","photo":"https://static.inaturalist.org/photos/741024326/medium.jpg","url":"https://www.inaturalist.org/observations/403547441"},"geometry":{"type":"Point","coordinates":[-73.860446368,40.6538781285]}},{"type":"Feature","properties":{"id":"inat-403276514","inat_id":403276514,"observed_on":"2026-09-25","taxon_id":67771,"name":"Western Conifer Seed Bug","sci_name":"Leptoglossus occidentalis","iconic_taxon":"Insecta","rank":"species","user":"tootsmcgullicutty","photo":"https://inaturalist-open-data.s3.amazonaws.com/photos/740420278/medium.jpg","url":"https://www.inaturalist.org/observations/403276514"},"geometry":{"type":"Point","coordinates":[-74.0012026,40.6482003]}},{"type":"Feature","properties":{"id":"inat-403386621","inat_id":403386621,"observed_on":"2026-09-25","taxon_id":7513,"name":"Carolina Wren","sci_name":"Thryothorus ludovicianus","iconic_taxon":"Aves","rank":"species","user":"kls072892","photo":"https://inaturalist-open-data.s3.amazonaws.com/photos/740635040/medium.jpg","url":"https://www.inaturalist.org/observations/403386621"},"geometry":{"type":"Point","coordinates":[-73.9324888889,40.8421416667]}},{"type":"Feature","properties":{"id":"inat-403386560","inat_id":403386560,"observed_on":"2026-09-25","taxon_id":199916,"name":"Black-throated Blue Warbler","sci_name":"Setophaga caerulescens","iconic_taxon":"Aves","rank":"species","user":"kls072892","photo":"https://inaturalist-open-data.s3.amazonaws.com/photos/740634911/medium.jpg","url":"https://www.inaturalist.org/observations/403386560"},"geometry":{"type":"Point","coordinates":[-73.9325083333,40.84205]}},{"type":"Feature","properties":{"id":"inat-403387276","inat_id":403387276,"observed_on":"2026-09-25","taxon_id":10286,"name":"Black-and-white Warbler","sci_name":"Mniotilta varia","iconic_taxon":"Aves","rank":"species","user":"kls072892","photo":"https://inaturalist-open-data.s3.amazonaws.com/photos/740636277/medium.jpg","url":"https://www.inaturalist.org/observations/403387276"},"geometry":{"type":"Point","coordinates":[-73.9288666667,40.8383833333]}},{"type":"Feature","properties":{"id":"inat-403386514","inat_id":403386514,"observed_on":"2026-09-25","taxon_id":14995,"name":"Gray Catbird","sci_name":"Dumetella carolinensis","iconic_taxon":"Aves","rank":"species","user":"kls072892","photo":"https://inaturalist-open-data.s3.amazonaws.com/photos/740634837/medium.jpg","url":"https://www.inaturalist.org/observations/403386514"},"geometry":{"type":"Point","coordinates":[-73.9288666667,40.8383833333]}},{"type":"Feature","properties":{"id":"inat-403288282","inat_id":403288282,"observed_on":"2026-09-25","taxon_id":144502,"name":"Bonaparte's Gull","sci_name":"Chroicocephalus philadelphia","iconic_taxon":"Aves","rank":"species","user":"urbanwoods","photo":"https://inaturalist-open-data.s3.amazonaws.com/photos/740442950/medium.jpg","url":"https://www.inaturalist.org/observations/403288282"},"geometry":{"type":"Point","coordinates":[-73.9338369933,40.5756416288]}},{"type":"Feature","properties":{"id":"inat-403255088","inat_id":403255088,"observed_on":"2026-09-25","taxon_id":54504,"name":"eastern black walnut","sci_name":"Juglans nigra","iconic_taxon":"Plantae","rank":"species","user":"christopherjensen","photo":"https://static.inaturalist.org/photos/740378648/medium.jpg","url":"https://www.inaturalist.org/observations/403255088"},"geometry":{"type":"Point","coordinates":[-73.7653805556,40.7427277778]}},{"type":"Feature","properties":{"id":"inat-403314190","inat_id":403314190,"observed_on":"2026-09-25","taxon_id":71154,"name":"Oleander Aphid","sci_name":"Aphis nerii","iconic_taxon":"Insecta","rank":"species","user":"meredith_huddleston","photo":"https://inaturalist-open-data.s3.amazonaws.com/photos/740492130/medium.jpg","url":"https://www.inaturalist.org/observations/403314190"},"geometry":{"type":"Point","coordinates":[-74.0149222167,40.7037283333]}},{"type":"Feature","properties":{"id":"inat-403588244","inat_id":403588244,"observed_on":"2026-09-25","taxon_id":122767,"name":"Feral Pigeon","sci_name":"Columba livia domestica","iconic_taxon":"Aves","rank":"variety","user":"kbbutler","photo":"https://inaturalist-open-data.s3.amazonaws.com/photos/741031704/medium.jpg","url":"https://www.inaturalist.org/observations/403588244"},"geometry":{"type":"Point","coordinates":[-73.985721297,40.7809085519]}},{"type":"Feature","properties":{"id":"inat-403254467","inat_id":403254467,"observed_on":"2026-09-25","taxon_id":76907,"name":"horseweed","sci_name":"Erigeron canadensis","iconic_taxon":"Plantae","rank":"species","user":"drg8971","photo":"https://inaturalist-open-data.s3.amazonaws.com/photos/740377222/medium.jpg","url":"https://www.inaturalist.org/observations/403254467"},"geometry":{"type":"Point","coordinates":[-74.0659257114,40.8654189006]}},{"type":"Feature","properties":{"id":"inat-403584307","inat_id":403584307,"observed_on":"2026-09-25","taxon_id":3454,"name":"Mourning Dove","sci_name":"Zenaida macroura","iconic_taxon":"Aves","rank":"species","user":"kbbutler","photo":"https://inaturalist-open-data.s3.amazonaws.com/photos/741024142/medium.jpg","url":"https://www.inaturalist.org/observations/403584307"},"geometry":{"type":"Point","coordinates":[-73.98648,40.7826833333]}},{"type":"Feature","properties":{"id":"inat-403591697","inat_id":403591697,"observed_on":"2026-09-25","taxon_id":7089,"name":"Canada Goose","sci_name":"Branta canadensis","iconic_taxon":"Aves","rank":"species","user":"kbbutler","photo":"https://inaturalist-open-data.s3.amazonaws.com/photos/741038055/medium.jpg","url":"https://www.inaturalist.org/observations/403591697"},"geometry":{"type":"Point","coordinates":[-73.9866984487,40.7829672881]}},{"type":"Feature","properties":{"id":"inat-403579723","inat_id":403579723,"observed_on":"2026-09-25","taxon_id":1454382,"name":"Double-crested Cormorant","sci_name":"Nannopterum auritum","iconic_taxon":"Aves","rank":"species","user":"kbbutler","photo":"https://inaturalist-open-data.s3.amazonaws.com/photos/741014843/medium.jpg","url":"https://www.inaturalist.org/observations/403579723"},"geometry":{"type":"Point","coordinates":[-73.9865971427,40.7858367028]}},{"type":"Feature","properties":{"id":"inat-403570778","inat_id":403570778,"observed_on":"2026-09-25","taxon_id":7089,"name":"Canada Goose","sci_name":"Branta canadensis","iconic_taxon":"Aves","rank":"species","user":"kbbutler","photo":"https://inaturalist-open-data.s3.amazonaws.com/photos/740997590/medium.jpg","url":"https://www.inaturalist.org/observations/403570778"},"geometry":{"type":"Point","coordinates":[-73.9868160412,40.7855859701]}},{"type":"Feature","properties":{"id":"inat-403249603","inat_id":403249603,"observed_on":"2026-09-25","taxon_id":59029,"name":"great mullein","sci_name":"Verbascum thapsus","iconic_taxon":"Plantae","rank":"species","user":"gehadidi","photo":"https://inaturalist-open-data.s3.amazonaws.com/photos/740368206/medium.jpg","url":"https://www.inaturalist.org/observations/403249603"},"geometry":{"type":"Point","coordinates":[-73.9540728421,40.7241504499]}},{"type":"Feature","properties":{"id":"inat-403380091","inat_id":403380091,"observed_on":"2026-09-25","taxon_id":4450,"name":"Common Tern","sci_name":"Sterna hirundo","iconic_taxon":"Aves","rank":"species","user":"byjoetrezza","photo":"https://static.inaturalist.org/photos/740602195/medium.jpg","url":"https://www.inaturalist.org/observations/403380091"},"geometry":{"type":"Point","coordinates":[-74.0449873084,40.612165123]}},{"type":"Feature","properties":{"id":"inat-403248430","inat_id":403248430,"observed_on":"2026-09-25","taxon_id":50790,"name":"common toadflax","sci_name":"Linaria vulgaris","iconic_taxon":"Plantae","rank":"species","user":"thomastaps","photo":"https://inaturalist-open-data.s3.amazonaws.com/photos/740365565/medium.jpg","url":"https://www.inaturalist.org/observations/403248430"},"geometry":{"type":"Point","coordinates":[-73.8409433736,40.8489919343]}},{"type":"Feature","properties":{"id":"inat-403255236","inat_id":403255236,"observed_on":"2026-09-25","taxon_id":118970,"name":"Common Eastern Bumble Bee","sci_name":"Bombus impatiens","iconic_taxon":"Insecta","rank":"species","user":"mistyblob","photo":"https://inaturalist-open-data.s3.amazonaws.com/photos/740378786/medium.jpg","url":"https://www.inaturalist.org/observations/403255236"},"geometry":{"type":"Point","coordinates":[-73.9621055556,40.6762888889]}},{"type":"Feature","properties":{"id":"inat-403351382","inat_id":403351382,"observed_on":"2026-09-25","taxon_id":59675,"name":"Isabella Tiger Moth","sci_name":"Pyrrharctia isabella","iconic_taxon":"Insecta","rank":"species","user":"djringer","photo":"https://inaturalist-open-data.s3.amazonaws.com/photos/740564013/medium.jpg","url":"https://www.inaturalist.org/observations/403351382"},"geometry":{"type":"Point","coordinates":[-74.0245278333,40.686795]}},{"type":"Feature","properties":{"id":"inat-403553088","inat_id":403553088,"observed_on":"2026-09-25","taxon_id":3454,"name":"Mourning Dove","sci_name":"Zenaida macroura","iconic_taxon":"Aves","rank":"species","user":"kbbutler","photo":"https://inaturalist-open-data.s3.amazonaws.com/photos/740964825/medium.jpg","url":"https://www.inaturalist.org/observations/403553088"},"geometry":{"type":"Point","coordinates":[-73.9881391593,40.780733722]}},{"type":"Feature","properties":{"id":"inat-403549584","inat_id":403549584,"observed_on":"2026-09-25","taxon_id":122767,"name":"Feral Pigeon","sci_name":"Columba livia domestica","iconic_taxon":"Aves","rank":"variety","user":"kbbutler","photo":"https://inaturalist-open-data.s3.amazonaws.com/photos/740957949/medium.jpg","url":"https://www.inaturalist.org/observations/403549584"},"geometry":{"type":"Point","coordinates":[-73.9888327335,40.7800827468]}},{"type":"Feature","properties":{"id":"inat-403581621","inat_id":403581621,"observed_on":"2026-09-25","taxon_id":7089,"name":"Canada Goose","sci_name":"Branta canadensis","iconic_taxon":"Aves","rank":"species","user":"kbbutler","photo":"https://inaturalist-open-data.s3.amazonaws.com/photos/741018747/medium.jpg","url":"https://www.inaturalist.org/observations/403581621"},"geometry":{"type":"Point","coordinates":[-73.9881310785,40.7817528989]}},{"type":"Feature","properties":{"id":"inat-403245460","inat_id":403245460,"observed_on":"2026-09-25","taxon_id":122608,"name":"Indiangrass","sci_name":"Sorghastrum nutans","iconic_taxon":"Plantae","rank":"species","user":"betsyyyy","photo":"https://inaturalist-open-data.s3.amazonaws.com/photos/740359818/medium.jpg","url":"https://www.inaturalist.org/observations/403245460"},"geometry":{"type":"Point","coordinates":[-73.95531188,40.7945294507]}},{"type":"Feature","properties":{"id":"inat-403547805","inat_id":403547805,"observed_on":"2026-09-25","taxon_id":7089,"name":"Canada Goose","sci_name":"Branta canadensis","iconic_taxon":"Aves","rank":"species","user":"kbbutler","photo":"https://inaturalist-open-data.s3.amazonaws.com/photos/740954214/medium.jpg","url":"https://www.inaturalist.org/observations/403547805"},"geometry":{"type":"Point","coordinates":[-73.9876070994,40.7816670098]}},{"type":"Feature","properties":{"id":"inat-403213894","inat_id":403213894,"observed_on":"2026-09-25","taxon_id":44576,"name":"Brown Rat","sci_name":"Rattus norvegicus","iconic_taxon":"Mammalia","rank":"species","user":"rjhawk","photo":"https://inaturalist-open-data.s3.amazonaws.com/photos/740297655/medium.jpg","url":"https://www.inaturalist.org/observations/403213894"},"geometry":{"type":"Point","coordinates":[-73.988275,40.7499366667]}},{"type":"Feature","properties":{"id":"inat-403197296","inat_id":403197296,"observed_on":"2026-09-25","taxon_id":54327,"name":"European Hornet","sci_name":"Vespa crabro","iconic_taxon":"Insecta","rank":"species","user":"bfogarty","photo":"https://inaturalist-open-data.s3.amazonaws.com/photos/740266014/medium.jpg","url":"https://www.inaturalist.org/observations/403197296"},"geometry":{"type":"Point","coordinates":[-73.7698175589,40.760878576]}},{"type":"Feature","properties":{"id":"inat-403163310","inat_id":403163310,"observed_on":"2026-09-24","taxon_id":199870,"name":"Meal moth","sci_name":"Pyralis farinalis","iconic_taxon":"Insecta","rank":"species","user":"elelelele","photo":"https://static.inaturalist.org/photos/740199431/medium.jpg","url":"https://www.inaturalist.org/observations/403163310"},"geometry":{"type":"Point","coordinates":[-73.9633116667,40.8059366667]}},{"type":"Feature","properties":{"id":"inat-403163937","inat_id":403163937,"observed_on":"2026-09-24","taxon_id":41663,"name":"Common Raccoon","sci_name":"Procyon lotor","iconic_taxon":"Mammalia","rank":"species","user":"randy_fisher","photo":"https://inaturalist-open-data.s3.amazonaws.com/photos/740200437/medium.jpg","url":"https://www.inaturalist.org/observations/403163937"},"geometry":{"type":"Point","coordinates":[-73.9382107419,40.8285194217]}},{"type":"Feature","properties":{"id":"inat-403178421","inat_id":403178421,"observed_on":"2026-09-24","taxon_id":118552,"name":"Domestic Cat","sci_name":"Felis catus","iconic_taxon":"Mammalia","rank":"species","user":"zitserm","photo":"https://static.inaturalist.org/photos/740227916/medium.jpg","url":"https://www.inaturalist.org/observations/403178421"},"geometry":{"type":"Point","coordinates":[-73.7461231851,40.7090256667]}},{"type":"Feature","properties":{"id":"inat-403354240","inat_id":403354240,"observed_on":"2026-09-24","taxon_id":474149,"name":"Toadlike Bolas Spider","sci_name":"Mastophora phrynosoma","iconic_taxon":"Arachnida","rank":"species","user":"zitserm","photo":"https://static.inaturalist.org/photos/740569940/medium.jpg","url":"https://www.inaturalist.org/observations/403354240"},"geometry":{"type":"Point","coordinates":[-73.7984047707,40.6691873038]}},{"type":"Feature","properties":{"id":"inat-403148787","inat_id":403148787,"observed_on":"2026-09-24","taxon_id":559683,"name":"Spider flower","sci_name":"Cleome houtteana","iconic_taxon":"Plantae","rank":"species","user":"xris","photo":"https://inaturalist-open-data.s3.amazonaws.com/photos/740168354/medium.jpg","url":"https://www.inaturalist.org/observations/403148787"},"geometry":{"type":"Point","coordinates":[-73.95285,40.660914]}},{"type":"Feature","properties":{"id":"inat-403148968","inat_id":403148968,"observed_on":"2026-09-24","taxon_id":52911,"name":"Bald-faced Hornet","sci_name":"Dolichovespula maculata","iconic_taxon":"Insecta","rank":"species","user":"xris","photo":"https://inaturalist-open-data.s3.amazonaws.com/photos/740168759/medium.jpg","url":"https://www.inaturalist.org/observations/403148968"},"geometry":{"type":"Point","coordinates":[-73.952823,40.660811]}},{"type":"Feature","properties":{"id":"inat-403160563","inat_id":403160563,"observed_on":"2026-09-24","taxon_id":50278,"name":"Virginia creeper","sci_name":"Parthenocissus quinquefolia","iconic_taxon":"Plantae","rank":"species","user":"haayefirefly","photo":"https://inaturalist-open-data.s3.amazonaws.com/photos/740193994/medium.jpg","url":"https://www.inaturalist.org/observations/403160563"},"geometry":{"type":"Point","coordinates":[-73.9591861111,40.9071416667]}},{"type":"Feature","properties":{"id":"inat-403125320","inat_id":403125320,"observed_on":"2026-09-24","taxon_id":485010,"name":"Green Stink Bug","sci_name":"Chinavia hilaris","iconic_taxon":"Insecta","rank":"species","user":"abder_0606","photo":"https://inaturalist-open-data.s3.amazonaws.com/photos/740121043/medium.jpg","url":"https://www.inaturalist.org/observations/403125320"},"geometry":{"type":"Point","coordinates":[-73.948105,40.8192716667]}},{"type":"Feature","properties":{"id":"inat-403144804","inat_id":403144804,"observed_on":"2026-09-24","taxon_id":233276,"name":"Spotted Hake","sci_name":"Urophycis regia","iconic_taxon":"Actinopterygii","rank":"species","user":"droobee","photo":"https://static.inaturalist.org/photos/740159946/medium.jpg","url":"https://www.inaturalist.org/observations/403144804"},"geometry":{"type":"Point","coordinates":[-73.9913383333,40.7797466667]}},{"type":"Feature","properties":{"id":"inat-403064376","inat_id":403064376,"observed_on":"2026-09-24","taxon_id":55626,"name":"Small White","sci_name":"Pieris rapae","iconic_taxon":"Insecta","rank":"species","user":"mgbass11","photo":"https://inaturalist-open-data.s3.amazonaws.com/photos/740000856/medium.jpg","url":"https://www.inaturalist.org/observations/403064376"},"geometry":{"type":"Point","coordinates":[-73.98,40.73]}},{"type":"Feature","properties":{"id":"inat-403594970","inat_id":403594970,"observed_on":"2026-09-24","taxon_id":56090,"name":"white mulberry","sci_name":"Morus alba","iconic_taxon":"Plantae","rank":"species","user":"cumelissa","photo":"https://static.inaturalist.org/photos/741044682/medium.jpg","url":"https://www.inaturalist.org/observations/403594970"},"geometry":{"type":"Point","coordinates":[-73.912505,40.8843]}},{"type":"Feature","properties":{"id":"inat-403143919","inat_id":403143919,"observed_on":"2026-09-24","taxon_id":56166,"name":"spotted lady's thumb","sci_name":"Persicaria maculosa","iconic_taxon":"Plantae","rank":"species","user":"xris","photo":"https://inaturalist-open-data.s3.amazonaws.com/photos/740157948/medium.jpg","url":"https://www.inaturalist.org/observations/403143919"},"geometry":{"type":"Point","coordinates":[-73.9526859997,40.6607628]}},{"type":"Feature","properties":{"id":"inat-403160382","inat_id":403160382,"observed_on":"2026-09-24","taxon_id":54779,"name":"white oak","sci_name":"Quercus alba","iconic_taxon":"Plantae","rank":"species","user":"haayefirefly","photo":"https://inaturalist-open-data.s3.amazonaws.com/photos/740193565/medium.jpg","url":"https://www.inaturalist.org/observations/403160382"},"geometry":{"type":"Point","coordinates":[-73.9578388889,40.9063722222]}},{"type":"Feature","properties":{"id":"inat-403412513","inat_id":403412513,"observed_on":"2026-09-24","taxon_id":447069,"name":"Far Eastern smartweed","sci_name":"Persicaria extremiorientalis","iconic_taxon":"Plantae","rank":"species","user":"dummisauce","photo":"https://inaturalist-open-data.s3.amazonaws.com/photos/740688212/medium.jpg","url":"https://www.inaturalist.org/observations/403412513"},"geometry":{"type":"Point","coordinates":[-73.9605672997,40.6183941997]}},{"type":"Feature","properties":{"id":"inat-403139185","inat_id":403139185,"observed_on":"2026-09-24","taxon_id":127685,"name":"White Wood Aster","sci_name":"Eurybia divaricata","iconic_taxon":"Plantae","rank":"species","user":"haayefirefly","photo":"https://inaturalist-open-data.s3.amazonaws.com/photos/740148945/medium.jpg","url":"https://www.inaturalist.org/observations/403139185"},"geometry":{"type":"Point","coordinates":[-73.9578388889,40.9063722222]}},{"type":"Feature","properties":{"id":"inat-403139119","inat_id":403139119,"observed_on":"2026-09-24","taxon_id":143803,"name":"low smartweed","sci_name":"Persicaria longiseta","iconic_taxon":"Plantae","rank":"species","user":"haayefirefly","photo":"https://inaturalist-open-data.s3.amazonaws.com/photos/740148812/medium.jpg","url":"https://www.inaturalist.org/observations/403139119"},"geometry":{"type":"Point","coordinates":[-73.9580277778,40.9064611111]}},{"type":"Feature","properties":{"id":"inat-403138968","inat_id":403138968,"observed_on":"2026-09-24","taxon_id":52989,"name":"Bull Thistle","sci_name":"Cirsium vulgare","iconic_taxon":"Plantae","rank":"species","user":"haayefirefly","photo":"https://inaturalist-open-data.s3.amazonaws.com/photos/740148518/medium.jpg","url":"https://www.inaturalist.org/observations/403138968"},"geometry":{"type":"Point","coordinates":[-73.9578916667,40.9063888889]}},{"type":"Feature","properties":{"id":"inat-403124314","inat_id":403124314,"observed_on":"2026-09-24","taxon_id":131249,"name":"mile-a-minute weed","sci_name":"Persicaria perfoliata","iconic_taxon":"Plantae","rank":"species","user":"haayefirefly","photo":"https://inaturalist-open-data.s3.amazonaws.com/photos/740118751/medium.jpg","url":"https://www.inaturalist.org/observations/403124314"},"geometry":{"type":"Point","coordinates":[-73.95795,40.9062722222]}},{"type":"Feature","properties":{"id":"inat-403124245","inat_id":403124245,"observed_on":"2026-09-24","taxon_id":119048,"name":"white snakeroot","sci_name":"Ageratina altissima","iconic_taxon":"Plantae","rank":"species","user":"haayefirefly","photo":"https://inaturalist-open-data.s3.amazonaws.com/photos/740118541/medium.jpg","url":"https://www.inaturalist.org/observations/403124245"},"geometry":{"type":"Point","coordinates":[-73.9580833333,40.9065111111]}},{"type":"Feature","properties":{"id":"inat-403124187","inat_id":403124187,"observed_on":"2026-09-24","taxon_id":130888,"name":"American burnweed","sci_name":"Erechtites hieraciifolius","iconic_taxon":"Plantae","rank":"species","user":"haayefirefly","photo":"https://inaturalist-open-data.s3.amazonaws.com/photos/740118382/medium.jpg","url":"https://www.inaturalist.org/observations/403124187"},"geometry":{"type":"Point","coordinates":[-73.9580833333,40.9065111111]}},{"type":"Feature","properties":{"id":"inat-403124026","inat_id":403124026,"observed_on":"2026-09-24","taxon_id":130888,"name":"American burnweed","sci_name":"Erechtites hieraciifolius","iconic_taxon":"Plantae","rank":"species","user":"haayefirefly","photo":"https://inaturalist-open-data.s3.amazonaws.com/photos/740118000/medium.jpg","url":"https://www.inaturalist.org/observations/403124026"},"geometry":{"type":"Point","coordinates":[-73.9580833333,40.9065111111]}},{"type":"Feature","properties":{"id":"inat-403123936","inat_id":403123936,"observed_on":"2026-09-24","taxon_id":55882,"name":"common ivy","sci_name":"Hedera helix","iconic_taxon":"Plantae","rank":"species","user":"haayefirefly","photo":"https://inaturalist-open-data.s3.amazonaws.com/photos/740117792/medium.jpg","url":"https://www.inaturalist.org/observations/403123936"},"geometry":{"type":"Point","coordinates":[-73.9585305556,40.90765]}},{"type":"Feature","properties":{"id":"inat-403123535","inat_id":403123535,"observed_on":"2026-09-24","taxon_id":119048,"name":"white snakeroot","sci_name":"Ageratina altissima","iconic_taxon":"Plantae","rank":"species","user":"haayefirefly","photo":"https://inaturalist-open-data.s3.amazonaws.com/photos/740116977/medium.jpg","url":"https://www.inaturalist.org/observations/403123535"},"geometry":{"type":"Point","coordinates":[-73.9585305556,40.90765]}},{"type":"Feature","properties":{"id":"inat-403118900","inat_id":403118900,"observed_on":"2026-09-24","taxon_id":5305,"name":"Bald Eagle","sci_name":"Haliaeetus leucocephalus","iconic_taxon":"Aves","rank":"species","user":"moth-_-man","photo":"https://inaturalist-open-data.s3.amazonaws.com/photos/740143937/medium.jpg","url":"https://www.inaturalist.org/observations/403118900"},"geometry":{"type":"Point","coordinates":[-73.7676102583,40.7775160623]}},{"type":"Feature","properties":{"id":"inat-403118154","inat_id":403118154,"observed_on":"2026-09-24","taxon_id":48599,"name":"American pokeweed","sci_name":"Phytolacca americana","iconic_taxon":"Plantae","rank":"species","user":"parkrangerrickgrimes","photo":"https://inaturalist-open-data.s3.amazonaws.com/photos/740162804/medium.jpg","url":"https://www.inaturalist.org/observations/403118154"},"geometry":{"type":"Point","coordinates":[-73.9709311545,40.6523830041]}},{"type":"Feature","properties":{"id":"inat-403117775","inat_id":403117775,"observed_on":"2026-09-24","taxon_id":79141,"name":"black nightshade","sci_name":"Solanum nigrum","iconic_taxon":"Plantae","rank":"species","user":"jvandernaald","photo":"https://inaturalist-open-data.s3.amazonaws.com/photos/740105555/medium.jpg","url":"https://www.inaturalist.org/observations/403117775"},"geometry":{"type":"Point","coordinates":[-73.8955725,40.7035122]}},{"type":"Feature","properties":{"id":"inat-403157631","inat_id":403157631,"observed_on":"2026-09-24","taxon_id":48599,"name":"American pokeweed","sci_name":"Phytolacca americana","iconic_taxon":"Plantae","rank":"species","user":"jenmart","photo":"https://static.inaturalist.org/photos/740187965/medium.jpg","url":"https://www.inaturalist.org/observations/403157631"},"geometry":{"type":"Point","coordinates":[-73.9722283333,40.6529866667]}},{"type":"Feature","properties":{"id":"inat-403132500","inat_id":403132500,"observed_on":"2026-09-24","taxon_id":12727,"name":"American Robin","sci_name":"Turdus migratorius","iconic_taxon":"Aves","rank":"species","user":"pilcrow","photo":"https://inaturalist-open-data.s3.amazonaws.com/photos/740134233/medium.jpg","url":"https://www.inaturalist.org/observations/403132500"},"geometry":{"type":"Point","coordinates":[-74.0018224228,40.6177164715]}},{"type":"Feature","properties":{"id":"inat-403114598","inat_id":403114598,"observed_on":"2026-09-24","taxon_id":10286,"name":"Black-and-white Warbler","sci_name":"Mniotilta varia","iconic_taxon":"Aves","rank":"species","user":"gorbert","photo":"https://static.inaturalist.org/photos/740099365/medium.jpg","url":"https://www.inaturalist.org/observations/403114598"},"geometry":{"type":"Point","coordinates":[-73.9997861111,40.8367361111]}},{"type":"Feature","properties":{"id":"inat-403113773","inat_id":403113773,"observed_on":"2026-09-24","taxon_id":58555,"name":"Eastern Tailed-Blue","sci_name":"Everes comyntas","iconic_taxon":"Insecta","rank":"species","user":"graywyatt","photo":"https://inaturalist-open-data.s3.amazonaws.com/photos/740097622/medium.jpg","url":"https://www.inaturalist.org/observations/403113773"},"geometry":{"type":"Point","coordinates":[-73.9830866667,40.7539716667]}},{"type":"Feature","properties":{"id":"inat-403328487","inat_id":403328487,"observed_on":"2026-09-24","taxon_id":966095,"name":"Woodland Fuzzy Ant","sci_name":"Lasius americanus","iconic_taxon":"Insecta","rank":"species","user":"emfras","photo":"https://inaturalist-open-data.s3.amazonaws.com/photos/740519608/medium.jpg","url":"https://www.inaturalist.org/observations/403328487"},"geometry":{"type":"Point","coordinates":[-74.0086323,40.7162692]}},{"type":"Feature","properties":{"id":"inat-403113331","inat_id":403113331,"observed_on":"2026-09-24","taxon_id":58555,"name":"Eastern Tailed-Blue","sci_name":"Everes comyntas","iconic_taxon":"Insecta","rank":"species","user":"gabrielwillow","photo":"https://static.inaturalist.org/photos/740096807/medium.jpg","url":"https://www.inaturalist.org/observations/403113331"},"geometry":{"type":"Point","coordinates":[-73.983125,40.7539166667]}},{"type":"Feature","properties":{"id":"inat-403185001","inat_id":403185001,"observed_on":"2026-09-24","taxon_id":44576,"name":"Brown Rat","sci_name":"Rattus norvegicus","iconic_taxon":"Mammalia","rank":"species","user":"smasher_","photo":"https://static.inaturalist.org/photos/740241666/medium.jpg","url":"https://www.inaturalist.org/observations/403185001"},"geometry":{"type":"Point","coordinates":[-73.9749966667,40.7655866667]}},{"type":"Feature","properties":{"id":"inat-403111043","inat_id":403111043,"observed_on":"2026-09-24","taxon_id":55556,"name":"Large Milkweed Bug","sci_name":"Oncopeltus fasciatus","iconic_taxon":"Insecta","rank":"species","user":"skmth","photo":"https://inaturalist-open-data.s3.amazonaws.com/photos/740092475/medium.jpg","url":"https://www.inaturalist.org/observations/403111043"},"geometry":{"type":"Point","coordinates":[-74.007735774,40.7423493779]}},{"type":"Feature","properties":{"id":"inat-403123832","inat_id":403123832,"observed_on":"2026-09-24","taxon_id":76751,"name":"Clammy goosefoot","sci_name":"Dysphania pumilio","iconic_taxon":"Plantae","rank":"species","user":"starrrlou","photo":"https://inaturalist-open-data.s3.amazonaws.com/photos/740117558/medium.jpg","url":"https://www.inaturalist.org/observations/403123832"},"geometry":{"type":"Point","coordinates":[-73.8399129733,40.669002917]}},{"type":"Feature","properties":{"id":"inat-403148876","inat_id":403148876,"observed_on":"2026-09-24","taxon_id":55882,"name":"common ivy","sci_name":"Hedera helix","iconic_taxon":"Plantae","rank":"species","user":"marley_s","photo":"https://inaturalist-open-data.s3.amazonaws.com/photos/740168600/medium.jpg","url":"https://www.inaturalist.org/observations/403148876"},"geometry":{"type":"Point","coordinates":[-73.96788,40.7736666667]}},{"type":"Feature","properties":{"id":"inat-403148712","inat_id":403148712,"observed_on":"2026-09-24","taxon_id":58127,"name":"Common Lambsquarters","sci_name":"Chenopodium album","iconic_taxon":"Plantae","rank":"species","user":"marley_s","photo":"https://inaturalist-open-data.s3.amazonaws.com/photos/740168108/medium.jpg","url":"https://www.inaturalist.org/observations/403148712"},"geometry":{"type":"Point","coordinates":[-73.967895,40.77367]}},{"type":"Feature","properties":{"id":"inat-403147891","inat_id":403147891,"observed_on":"2026-09-24","taxon_id":130893,"name":"fortune's spindle","sci_name":"Euonymus fortunei","iconic_taxon":"Plantae","rank":"species","user":"marley_s","photo":"https://inaturalist-open-data.s3.amazonaws.com/photos/740166349/medium.jpg","url":"https://www.inaturalist.org/observations/403147891"},"geometry":{"type":"Point","coordinates":[-73.967995,40.7736383333]}},{"type":"Feature","properties":{"id":"inat-403122785","inat_id":403122785,"observed_on":"2026-09-24","taxon_id":143800,"name":"Silver Lime","sci_name":"Tilia tomentosa","iconic_taxon":"Plantae","rank":"species","user":"starrrlou","photo":"https://inaturalist-open-data.s3.amazonaws.com/photos/740115350/medium.jpg","url":"https://www.inaturalist.org/observations/403122785"},"geometry":{"type":"Point","coordinates":[-73.8399565592,40.6691827086]}},{"type":"Feature","properties":{"id":"inat-403131252","inat_id":403131252,"observed_on":"2026-09-24","taxon_id":157903,"name":"Common Three-seeded Mercury","sci_name":"Acalypha rhomboidea","iconic_taxon":"Plantae","rank":"species","user":"marley_s","photo":"https://inaturalist-open-data.s3.amazonaws.com/photos/740133272/medium.jpg","url":"https://www.inaturalist.org/observations/403131252"},"geometry":{"type":"Point","coordinates":[-73.967675,40.7736383333]}},{"type":"Feature","properties":{"id":"inat-403131086","inat_id":403131086,"observed_on":"2026-09-24","taxon_id":58127,"name":"Common Lambsquarters","sci_name":"Chenopodium album","iconic_taxon":"Plantae","rank":"species","user":"marley_s","photo":"https://inaturalist-open-data.s3.amazonaws.com/photos/740132945/medium.jpg","url":"https://www.inaturalist.org/observations/403131086"},"geometry":{"type":"Point","coordinates":[-73.96768,40.7736383333]}},{"type":"Feature","properties":{"id":"inat-403130825","inat_id":403130825,"observed_on":"2026-09-24","taxon_id":55620,"name":"bittersweet nightshade","sci_name":"Solanum dulcamara","iconic_taxon":"Plantae","rank":"species","user":"marley_s","photo":"https://inaturalist-open-data.s3.amazonaws.com/photos/740132422/medium.jpg","url":"https://www.inaturalist.org/observations/403130825"},"geometry":{"type":"Point","coordinates":[-73.96765,40.7736283333]}},{"type":"Feature","properties":{"id":"inat-403328348","inat_id":403328348,"observed_on":"2026-09-24","taxon_id":341143,"name":"Central European Bicolored Ant","sci_name":"Lasius emarginatus","iconic_taxon":"Insecta","rank":"species","user":"emfras","photo":"https://inaturalist-open-data.s3.amazonaws.com/photos/740519327/medium.jpg","url":"https://www.inaturalist.org/observations/403328348"},"geometry":{"type":"Point","coordinates":[-74.0086323,40.7162692]}},{"type":"Feature","properties":{"id":"inat-403411785","inat_id":403411785,"observed_on":"2026-09-24","taxon_id":9721,"name":"Common Yellowthroat","sci_name":"Geothlypis trichas","iconic_taxon":"Aves","rank":"species","user":"bushwickben","photo":"https://static.inaturalist.org/photos/740686403/medium.jpg","url":"https://www.inaturalist.org/observations/403411785"},"geometry":{"type":"Point","coordinates":[-73.9054138889,40.6882833333]}},{"type":"Feature","properties":{"id":"inat-403115275","inat_id":403115275,"observed_on":"2026-09-24","taxon_id":54779,"name":"white oak","sci_name":"Quercus alba","iconic_taxon":"Plantae","rank":"species","user":"jacquelyn24","photo":"https://static.inaturalist.org/photos/740100629/medium.jpg","url":"https://www.inaturalist.org/observations/403115275"},"geometry":{"type":"Point","coordinates":[-73.9252471924,40.8712654114]}},{"type":"Feature","properties":{"id":"inat-403106416","inat_id":403106416,"observed_on":"2026-09-24","taxon_id":4956,"name":"Great Blue Heron","sci_name":"Ardea herodias","iconic_taxon":"Aves","rank":"species","user":"lucia_alexeyev","photo":"https://inaturalist-open-data.s3.amazonaws.com/photos/740084407/medium.jpg","url":"https://www.inaturalist.org/observations/403106416"},"geometry":{"type":"Point","coordinates":[-73.9522148856,40.7974691503]}},{"type":"Feature","properties":{"id":"inat-403327742","inat_id":403327742,"observed_on":"2026-09-24","taxon_id":460811,"name":"Long-tailed Aphideater","sci_name":"Eupeodes americanus","iconic_taxon":"Insecta","rank":"species","user":"emfras","photo":"https://inaturalist-open-data.s3.amazonaws.com/photos/740518276/medium.jpg","url":"https://www.inaturalist.org/observations/403327742"},"geometry":{"type":"Point","coordinates":[-74.0086323,40.7162692]}},{"type":"Feature","properties":{"id":"inat-403327238","inat_id":403327238,"observed_on":"2026-09-24","taxon_id":126155,"name":"German Yellowjacket","sci_name":"Vespula germanica","iconic_taxon":"Insecta","rank":"species","user":"emfras","photo":"https://inaturalist-open-data.s3.amazonaws.com/photos/740517194/medium.jpg","url":"https://www.inaturalist.org/observations/403327238"},"geometry":{"type":"Point","coordinates":[-74.0086323,40.7162692]}},{"type":"Feature","properties":{"id":"inat-403102882","inat_id":403102882,"observed_on":"2026-09-24","taxon_id":118970,"name":"Common Eastern Bumble Bee","sci_name":"Bombus impatiens","iconic_taxon":"Insecta","rank":"species","user":"kateatshutesbury","photo":"https://inaturalist-open-data.s3.amazonaws.com/photos/740077324/medium.jpg","url":"https://www.inaturalist.org/observations/403102882"},"geometry":{"type":"Point","coordinates":[-73.839005,40.5821583333]}},{"type":"Feature","properties":{"id":"inat-403103061","inat_id":403103061,"observed_on":"2026-09-24","taxon_id":44576,"name":"Brown Rat","sci_name":"Rattus norvegicus","iconic_taxon":"Mammalia","rank":"species","user":"byjoetrezza","photo":"https://static.inaturalist.org/photos/740076158/medium.jpg","url":"https://www.inaturalist.org/observations/403103061"},"geometry":{"type":"Point","coordinates":[-73.961308,40.7223145]}},{"type":"Feature","properties":{"id":"inat-403103060","inat_id":403103060,"observed_on":"2026-09-24","taxon_id":9721,"name":"Common Yellowthroat","sci_name":"Geothlypis trichas","iconic_taxon":"Aves","rank":"species","user":"byjoetrezza","photo":"https://static.inaturalist.org/photos/740075991/medium.jpg","url":"https://www.inaturalist.org/observations/403103060"},"geometry":{"type":"Point","coordinates":[-73.961308,40.7223145]}},{"type":"Feature","properties":{"id":"inat-403103059","inat_id":403103059,"observed_on":"2026-09-24","taxon_id":9721,"name":"Common Yellowthroat","sci_name":"Geothlypis trichas","iconic_taxon":"Aves","rank":"species","user":"byjoetrezza","photo":"https://static.inaturalist.org/photos/740075941/medium.jpg","url":"https://www.inaturalist.org/observations/403103059"},"geometry":{"type":"Point","coordinates":[-73.961308,40.7223145]}},{"type":"Feature","properties":{"id":"inat-403103050","inat_id":403103050,"observed_on":"2026-09-24","taxon_id":145276,"name":"Wilson's Warbler","sci_name":"Cardellina pusilla","iconic_taxon":"Aves","rank":"species","user":"byjoetrezza","photo":"https://static.inaturalist.org/photos/740075677/medium.jpg","url":"https://www.inaturalist.org/observations/403103050"},"geometry":{"type":"Point","coordinates":[-73.961308,40.7223145]}},{"type":"Feature","properties":{"id":"inat-403103048","inat_id":403103048,"observed_on":"2026-09-24","taxon_id":145310,"name":"American Goldfinch","sci_name":"Spinus tristis","iconic_taxon":"Aves","rank":"species","user":"byjoetrezza","photo":"https://static.inaturalist.org/photos/740075632/medium.jpg","url":"https://www.inaturalist.org/observations/403103048"},"geometry":{"type":"Point","coordinates":[-73.961308,40.7223145]}},{"type":"Feature","properties":{"id":"inat-403103038","inat_id":403103038,"observed_on":"2026-09-24","taxon_id":13858,"name":"House Sparrow","sci_name":"Passer domesticus","iconic_taxon":"Aves","rank":"species","user":"byjoetrezza","photo":"https://static.inaturalist.org/photos/740075591/medium.jpg","url":"https://www.inaturalist.org/observations/403103038"},"geometry":{"type":"Point","coordinates":[-73.961308,40.7223145]}},{"type":"Feature","properties":{"id":"inat-403103033","inat_id":403103033,"observed_on":"2026-09-24","taxon_id":145310,"name":"American Goldfinch","sci_name":"Spinus tristis","iconic_taxon":"Aves","rank":"species","user":"byjoetrezza","photo":"https://static.inaturalist.org/photos/740075533/medium.jpg","url":"https://www.inaturalist.org/observations/403103033"},"geometry":{"type":"Point","coordinates":[-73.961308,40.7223145]}},{"type":"Feature","properties":{"id":"inat-403103032","inat_id":403103032,"observed_on":"2026-09-24","taxon_id":9721,"name":"Common Yellowthroat","sci_name":"Geothlypis trichas","iconic_taxon":"Aves","rank":"species","user":"byjoetrezza","photo":"https://static.inaturalist.org/photos/740075342/medium.jpg","url":"https://www.inaturalist.org/observations/403103032"},"geometry":{"type":"Point","coordinates":[-73.961308,40.7223145]}},{"type":"Feature","properties":{"id":"inat-403102621","inat_id":403102621,"observed_on":"2026-09-24","taxon_id":118970,"name":"Common Eastern Bumble Bee","sci_name":"Bombus impatiens","iconic_taxon":"Insecta","rank":"species","user":"kateatshutesbury","photo":"https://inaturalist-open-data.s3.amazonaws.com/photos/740076973/medium.jpg","url":"https://www.inaturalist.org/observations/403102621"},"geometry":{"type":"Point","coordinates":[-73.8388216667,40.5819466667]}},{"type":"Feature","properties":{"id":"inat-403129720","inat_id":403129720,"observed_on":"2026-09-24","taxon_id":914922,"name":"Japanese knotweed","sci_name":"Reynoutria japonica","iconic_taxon":"Plantae","rank":"species","user":"marley_s","photo":"https://inaturalist-open-data.s3.amazonaws.com/photos/740130480/medium.jpg","url":"https://www.inaturalist.org/observations/403129720"},"geometry":{"type":"Point","coordinates":[-73.96747,40.7730866667]}},{"type":"Feature","properties":{"id":"inat-403100784","inat_id":403100784,"observed_on":"2026-09-24","taxon_id":136373,"name":"American senna","sci_name":"Senna hebecarpa","iconic_taxon":"Plantae","rank":"species","user":"casey_robarts","photo":"https://static.inaturalist.org/photos/740073581/medium.jpg","url":"https://www.inaturalist.org/observations/403100784"},"geometry":{"type":"Point","coordinates":[-73.9244765934,40.7904194623]}},{"type":"Feature","properties":{"id":"inat-403102742","inat_id":403102742,"observed_on":"2026-09-24","taxon_id":57481,"name":"hedge bindweed","sci_name":"Calystegia sepium","iconic_taxon":"Plantae","rank":"species","user":"kateatshutesbury","photo":"https://inaturalist-open-data.s3.amazonaws.com/photos/740077099/medium.jpg","url":"https://www.inaturalist.org/observations/403102742"},"geometry":{"type":"Point","coordinates":[-73.8383140133,40.581940197]}},{"type":"Feature","properties":{"id":"inat-403100574","inat_id":403100574,"observed_on":"2026-09-24","taxon_id":52856,"name":"common mugwort","sci_name":"Artemisia vulgaris","iconic_taxon":"Plantae","rank":"species","user":"kateatshutesbury","photo":"https://inaturalist-open-data.s3.amazonaws.com/photos/740073184/medium.jpg","url":"https://www.inaturalist.org/observations/403100574"},"geometry":{"type":"Point","coordinates":[-73.8382648749,40.5819555585]}},{"type":"Feature","properties":{"id":"inat-403100480","inat_id":403100480,"observed_on":"2026-09-24","taxon_id":53582,"name":"American tuliptree","sci_name":"Liriodendron tulipifera","iconic_taxon":"Plantae","rank":"species","user":"jacquelyn24","photo":"https://static.inaturalist.org/photos/740100621/medium.jpg","url":"https://www.inaturalist.org/observations/403100480"},"geometry":{"type":"Point","coordinates":[-73.9244766235,40.8720245361]}},{"type":"Feature","properties":{"id":"inat-403126012","inat_id":403126012,"observed_on":"2026-09-24","taxon_id":50790,"name":"common toadflax","sci_name":"Linaria vulgaris","iconic_taxon":"Plantae","rank":"species","user":"graceleeboggs","photo":"https://static.inaturalist.org/photos/740122627/medium.jpg","url":"https://www.inaturalist.org/observations/403126012"},"geometry":{"type":"Point","coordinates":[-73.7836979865,40.7474890581]}},{"type":"Feature","properties":{"id":"inat-403125560","inat_id":403125560,"observed_on":"2026-09-24","taxon_id":117433,"name":"winged euonymus","sci_name":"Euonymus alatus","iconic_taxon":"Plantae","rank":"species","user":"marley_s","photo":"https://inaturalist-open-data.s3.amazonaws.com/photos/740121675/medium.jpg","url":"https://www.inaturalist.org/observations/403125560"},"geometry":{"type":"Point","coordinates":[-73.9664166667,40.7734966667]}},{"type":"Feature","properties":{"id":"inat-403125967","inat_id":403125967,"observed_on":"2026-09-24","taxon_id":59029,"name":"great mullein","sci_name":"Verbascum thapsus","iconic_taxon":"Plantae","rank":"species","user":"graceleeboggs","photo":"https://static.inaturalist.org/photos/740122519/medium.jpg","url":"https://www.inaturalist.org/observations/403125967"},"geometry":{"type":"Point","coordinates":[-73.7945039547,40.6964801496]}},{"type":"Feature","properties":{"id":"inat-403125433","inat_id":403125433,"observed_on":"2026-09-24","taxon_id":170206,"name":"Siebold's Viburnum","sci_name":"Viburnum sieboldii","iconic_taxon":"Plantae","rank":"species","user":"marley_s","photo":"https://inaturalist-open-data.s3.amazonaws.com/photos/740121299/medium.jpg","url":"https://www.inaturalist.org/observations/403125433"},"geometry":{"type":"Point","coordinates":[-73.9663916667,40.7735283333]}},{"type":"Feature","properties":{"id":"inat-403125815","inat_id":403125815,"observed_on":"2026-09-24","taxon_id":52989,"name":"Bull Thistle","sci_name":"Cirsium vulgare","iconic_taxon":"Plantae","rank":"species","user":"graceleeboggs","photo":"https://static.inaturalist.org/photos/740122265/medium.jpg","url":"https://www.inaturalist.org/observations/403125815"},"geometry":{"type":"Point","coordinates":[-73.7338321111,40.7814802934]}},{"type":"Feature","properties":{"id":"inat-403125776","inat_id":403125776,"observed_on":"2026-09-24","taxon_id":52913,"name":"chicory","sci_name":"Cichorium intybus","iconic_taxon":"Plantae","rank":"species","user":"graceleeboggs","photo":"https://static.inaturalist.org/photos/740122215/medium.jpg","url":"https://www.inaturalist.org/observations/403125776"},"geometry":{"type":"Point","coordinates":[-73.7128752456,40.670252048]}},{"type":"Feature","properties":{"id":"inat-403097768","inat_id":403097768,"observed_on":"2026-09-24","taxon_id":126888,"name":"northern seaside goldenrod","sci_name":"Solidago sempervirens","iconic_taxon":"Plantae","rank":"species","user":"cmanias","photo":"https://inaturalist-open-data.s3.amazonaws.com/photos/740067155/medium.jpg","url":"https://www.inaturalist.org/observations/403097768"},"geometry":{"type":"Point","coordinates":[-73.9283545099,40.5999861591]}},{"type":"Feature","properties":{"id":"inat-403125726","inat_id":403125726,"observed_on":"2026-09-24","taxon_id":48599,"name":"American pokeweed","sci_name":"Phytolacca americana","iconic_taxon":"Plantae","rank":"species","user":"graceleeboggs","photo":"https://static.inaturalist.org/photos/740122170/medium.jpg","url":"https://www.inaturalist.org/observations/403125726"},"geometry":{"type":"Point","coordinates":[-73.7414073961,40.6577734368]}},{"type":"Feature","properties":{"id":"inat-403097445","inat_id":403097445,"observed_on":"2026-09-24","taxon_id":130888,"name":"American burnweed","sci_name":"Erechtites hieraciifolius","iconic_taxon":"Plantae","rank":"species","user":"cmanias","photo":"https://inaturalist-open-data.s3.amazonaws.com/photos/740066477/medium.jpg","url":"https://www.inaturalist.org/observations/403097445"},"geometry":{"type":"Point","coordinates":[-73.9289378243,40.5999233626]}},{"type":"Feature","properties":{"id":"inat-403097223","inat_id":403097223,"observed_on":"2026-09-24","taxon_id":55925,"name":"Herb Robert","sci_name":"Geranium robertianum","iconic_taxon":"Plantae","rank":"species","user":"snickerpickles","photo":"https://static.inaturalist.org/photos/740065978/medium.jpg","url":"https://www.inaturalist.org/observations/403097223"},"geometry":{"type":"Point","coordinates":[-73.9188099,40.8729052]}},{"type":"Feature","properties":{"id":"inat-403096832","inat_id":403096832,"observed_on":"2026-09-24","taxon_id":127685,"name":"White Wood Aster","sci_name":"Eurybia divaricata","iconic_taxon":"Plantae","rank":"species","user":"jacquelyn24","photo":"https://static.inaturalist.org/photos/740065327/medium.jpg","url":"https://www.inaturalist.org/observations/403096832"},"geometry":{"type":"Point","coordinates":[-73.9245452881,40.8720817566]}},{"type":"Feature","properties":{"id":"inat-403096505","inat_id":403096505,"observed_on":"2026-09-24","taxon_id":324726,"name":"Spotted Lanternfly","sci_name":"Lycorma delicatula","iconic_taxon":"Insecta","rank":"species","user":"dummisauce","photo":"https://inaturalist-open-data.s3.amazonaws.com/photos/740064740/medium.jpg","url":"https://www.inaturalist.org/observations/403096505"},"geometry":{"type":"Point","coordinates":[-73.9594088997,40.6172958]}},{"type":"Feature","properties":{"id":"inat-403106062","inat_id":403106062,"observed_on":"2026-09-24","taxon_id":52913,"name":"chicory","sci_name":"Cichorium intybus","iconic_taxon":"Plantae","rank":"species","user":"graceleeboggs","photo":"https://static.inaturalist.org/photos/740083749/medium.jpg","url":"https://www.inaturalist.org/observations/403106062"},"geometry":{"type":"Point","coordinates":[-73.7092532167,40.6623363494]}},{"type":"Feature","properties":{"id":"inat-403095445","inat_id":403095445,"observed_on":"2026-09-24","taxon_id":58372,"name":"Saltgrass","sci_name":"Distichlis spicata","iconic_taxon":"Plantae","rank":"species","user":"cmanias","photo":"https://inaturalist-open-data.s3.amazonaws.com/photos/740063140/medium.jpg","url":"https://www.inaturalist.org/observations/403095445"},"geometry":{"type":"Point","coordinates":[-73.9298358747,40.6005917816]}},{"type":"Feature","properties":{"id":"inat-403105665","inat_id":403105665,"observed_on":"2026-09-24","taxon_id":52913,"name":"chicory","sci_name":"Cichorium intybus","iconic_taxon":"Plantae","rank":"species","user":"graceleeboggs","photo":"https://static.inaturalist.org/photos/740121877/medium.jpg","url":"https://www.inaturalist.org/observations/403105665"},"geometry":{"type":"Point","coordinates":[-73.7935537854,40.6822791809]}},{"type":"Feature","properties":{"id":"inat-403104780","inat_id":403104780,"observed_on":"2026-09-24","taxon_id":119048,"name":"white snakeroot","sci_name":"Ageratina altissima","iconic_taxon":"Plantae","rank":"species","user":"graceleeboggs","photo":"https://static.inaturalist.org/photos/740081218/medium.jpg","url":"https://www.inaturalist.org/observations/403104780"},"geometry":{"type":"Point","coordinates":[-73.790679601,40.6562712582]}},{"type":"Feature","properties":{"id":"inat-403104714","inat_id":403104714,"observed_on":"2026-09-24","taxon_id":77835,"name":"Japanese honeysuckle","sci_name":"Lonicera japonica","iconic_taxon":"Plantae","rank":"species","user":"graceleeboggs","photo":"https://static.inaturalist.org/photos/740081048/medium.jpg","url":"https://www.inaturalist.org/observations/403104714"},"geometry":{"type":"Point","coordinates":[-73.7509467312,40.6583000106]}},{"type":"Feature","properties":{"id":"inat-403093376","inat_id":403093376,"observed_on":"2026-09-24","taxon_id":119048,"name":"white snakeroot","sci_name":"Ageratina altissima","iconic_taxon":"Plantae","rank":"species","user":"graceleeboggs","photo":"https://static.inaturalist.org/photos/740058964/medium.jpg","url":"https://www.inaturalist.org/observations/403093376"},"geometry":{"type":"Point","coordinates":[-73.7724024303,40.6567276617]}},{"type":"Feature","properties":{"id":"inat-403090336","inat_id":403090336,"observed_on":"2026-09-24","taxon_id":46017,"name":"Eastern Gray Squirrel","sci_name":"Sciurus carolinensis","iconic_taxon":"Mammalia","rank":"species","user":"rjhawk","photo":"https://inaturalist-open-data.s3.amazonaws.com/photos/740052965/medium.jpg","url":"https://www.inaturalist.org/observations/403090336"},"geometry":{"type":"Point","coordinates":[-73.8374783333,40.7515116667]}},{"type":"Feature","properties":{"id":"inat-403175589","inat_id":403175589,"observed_on":"2026-09-24","taxon_id":1578489,"name":"American Herring Gull","sci_name":"Larus smithsonianus","iconic_taxon":"Aves","rank":"species","user":"aussiemarg","photo":"https://inaturalist-open-data.s3.amazonaws.com/photos/740223605/medium.jpg","url":"https://www.inaturalist.org/observations/403175589"},"geometry":{"type":"Point","coordinates":[-74.0026861167,40.7636216667]}},{"type":"Feature","properties":{"id":"inat-403087732","inat_id":403087732,"observed_on":"2026-09-24","taxon_id":122767,"name":"Feral Pigeon","sci_name":"Columba livia domestica","iconic_taxon":"Aves","rank":"variety","user":"loarie","photo":"https://inaturalist-open-data.s3.amazonaws.com/photos/740047399/medium.jpg","url":"https://www.inaturalist.org/observations/403087732"},"geometry":{"type":"Point","coordinates":[-73.9819116667,40.7456466667]}},{"type":"Feature","properties":{"id":"inat-403085926","inat_id":403085926,"observed_on":"2026-09-24","taxon_id":46017,"name":"Eastern Gray Squirrel","sci_name":"Sciurus carolinensis","iconic_taxon":"Mammalia","rank":"species","user":"threetreez","photo":"https://inaturalist-open-data.s3.amazonaws.com/photos/740043995/medium.jpg","url":"https://www.inaturalist.org/observations/403085926"},"geometry":{"type":"Point","coordinates":[-74.0132841748,40.7156772819]}},{"type":"Feature","properties":{"id":"inat-403086200","inat_id":403086200,"observed_on":"2026-09-24","taxon_id":118967,"name":"Twenty-spotted Lady Beetle","sci_name":"Psyllobora vigintimaculata","iconic_taxon":"Insecta","rank":"species","user":"stephanie_ashley","photo":"https://static.inaturalist.org/photos/740044346/medium.jpg","url":"https://www.inaturalist.org/observations/403086200"},"geometry":{"type":"Point","coordinates":[-73.90783,40.87997]}},{"type":"Feature","properties":{"id":"inat-403083392","inat_id":403083392,"observed_on":"2026-09-24","taxon_id":14995,"name":"Gray Catbird","sci_name":"Dumetella carolinensis","iconic_taxon":"Aves","rank":"species","user":"nycnatureobserver","photo":"https://static.inaturalist.org/photos/740038804/medium.jpg","url":"https://www.inaturalist.org/observations/403083392"},"geometry":{"type":"Point","coordinates":[-73.9614567004,40.7945940025]}},{"type":"Feature","properties":{"id":"inat-403083216","inat_id":403083216,"observed_on":"2026-09-24","taxon_id":52927,"name":"Asiatic dayflower","sci_name":"Commelina communis","iconic_taxon":"Plantae","rank":"species","user":"leoscheideman","photo":"https://inaturalist-open-data.s3.amazonaws.com/photos/740038359/medium.jpg","url":"https://www.inaturalist.org/observations/403083216"},"geometry":{"type":"Point","coordinates":[-73.9004956093,40.6908096839]}},{"type":"Feature","properties":{"id":"inat-403082384","inat_id":403082384,"observed_on":"2026-09-24","taxon_id":3454,"name":"Mourning Dove","sci_name":"Zenaida macroura","iconic_taxon":"Aves","rank":"species","user":"mehrvt","photo":"https://inaturalist-open-data.s3.amazonaws.com/photos/740036259/medium.jpg","url":"https://www.inaturalist.org/observations/403082384"},"geometry":{"type":"Point","coordinates":[-73.9969171,40.728115]}},{"type":"Feature","properties":{"id":"inat-403082026","inat_id":403082026,"observed_on":"2026-09-24","taxon_id":6937,"name":"Green-winged Teal","sci_name":"Anas crecca","iconic_taxon":"Aves","rank":"species","user":"nycnatureobserver","photo":"https://static.inaturalist.org/photos/740035624/medium.jpg","url":"https://www.inaturalist.org/observations/403082026"},"geometry":{"type":"Point","coordinates":[-73.961291898,40.7956386214]}},{"type":"Feature","properties":{"id":"inat-403110667","inat_id":403110667,"observed_on":"2026-09-24","taxon_id":122767,"name":"Feral Pigeon","sci_name":"Columba livia domestica","iconic_taxon":"Aves","rank":"variety","user":"siasingh","photo":"https://inaturalist-open-data.s3.amazonaws.com/photos/740091826/medium.jpg","url":"https://www.inaturalist.org/observations/403110667"},"geometry":{"type":"Point","coordinates":[-73.9967158142,40.7287628809]}},{"type":"Feature","properties":{"id":"inat-403081410","inat_id":403081410,"observed_on":"2026-09-24","taxon_id":6930,"name":"Mallard","sci_name":"Anas platyrhynchos","iconic_taxon":"Aves","rank":"species","user":"nycnatureobserver","photo":"https://static.inaturalist.org/photos/740034091/medium.jpg","url":"https://www.inaturalist.org/observations/403081410"},"geometry":{"type":"Point","coordinates":[-73.9606130183,40.7945701811]}},{"type":"Feature","properties":{"id":"inat-403139052","inat_id":403139052,"observed_on":"2026-09-24","taxon_id":243824,"name":"mock strawberry","sci_name":"Potentilla indica","iconic_taxon":"Plantae","rank":"species","user":"leoscheideman","photo":"https://inaturalist-open-data.s3.amazonaws.com/photos/740148662/medium.jpg","url":"https://www.inaturalist.org/observations/403139052"},"geometry":{"type":"Point","coordinates":[-73.900955,40.69018]}},{"type":"Feature","properties":{"id":"inat-403079975","inat_id":403079975,"observed_on":"2026-09-24","taxon_id":4956,"name":"Great Blue Heron","sci_name":"Ardea herodias","iconic_taxon":"Aves","rank":"species","user":"nycnatureobserver","photo":"https://static.inaturalist.org/photos/740031073/medium.jpg","url":"https://www.inaturalist.org/observations/403079975"},"geometry":{"type":"Point","coordinates":[-73.9607612992,40.7942123138]}},{"type":"Feature","properties":{"id":"inat-403110614","inat_id":403110614,"observed_on":"2026-09-24","taxon_id":3454,"name":"Mourning Dove","sci_name":"Zenaida macroura","iconic_taxon":"Aves","rank":"species","user":"siasingh","photo":"https://inaturalist-open-data.s3.amazonaws.com/photos/740091749/medium.jpg","url":"https://www.inaturalist.org/observations/403110614"},"geometry":{"type":"Point","coordinates":[-73.9968221677,40.72837984]}},{"type":"Feature","properties":{"id":"inat-403098781","inat_id":403098781,"observed_on":"2026-09-24","taxon_id":122767,"name":"Feral Pigeon","sci_name":"Columba livia domestica","iconic_taxon":"Aves","rank":"variety","user":"wormgirl111","photo":"https://inaturalist-open-data.s3.amazonaws.com/photos/740069319/medium.jpg","url":"https://www.inaturalist.org/observations/403098781"},"geometry":{"type":"Point","coordinates":[-73.8594228419,40.6352634601]}},{"type":"Feature","properties":{"id":"inat-403178391","inat_id":403178391,"observed_on":"2026-09-24","taxon_id":6432,"name":"Ruby-throated Hummingbird","sci_name":"Archilochus colubris","iconic_taxon":"Aves","rank":"species","user":"colbee1","photo":"https://static.inaturalist.org/photos/740227398/medium.jpg","url":"https://www.inaturalist.org/observations/403178391"},"geometry":{"type":"Point","coordinates":[-73.969352505,40.7777413435]}},{"type":"Feature","properties":{"id":"inat-403076377","inat_id":403076377,"observed_on":"2026-09-24","taxon_id":9721,"name":"Common Yellowthroat","sci_name":"Geothlypis trichas","iconic_taxon":"Aves","rank":"species","user":"joeskii180","photo":"https://inaturalist-open-data.s3.amazonaws.com/photos/740024403/medium.jpg","url":"https://www.inaturalist.org/observations/403076377"},"geometry":{"type":"Point","coordinates":[-73.9813455159,40.7534233244]}},{"type":"Feature","properties":{"id":"inat-403076562","inat_id":403076562,"observed_on":"2026-09-24","taxon_id":14898,"name":"Brown Thrasher","sci_name":"Toxostoma rufum","iconic_taxon":"Aves","rank":"species","user":"mehrvt","photo":"https://inaturalist-open-data.s3.amazonaws.com/photos/740024677/medium.jpg","url":"https://www.inaturalist.org/observations/403076562"},"geometry":{"type":"Point","coordinates":[-73.997332,40.7308838]}},{"type":"Feature","properties":{"id":"inat-403178390","inat_id":403178390,"observed_on":"2026-09-24","taxon_id":7562,"name":"Northern House Wren","sci_name":"Troglodytes aedon","iconic_taxon":"Aves","rank":"species","user":"colbee1","photo":"https://static.inaturalist.org/photos/740227395/medium.jpg","url":"https://www.inaturalist.org/observations/403178390"},"geometry":{"type":"Point","coordinates":[-73.9691102226,40.777992687]}},{"type":"Feature","properties":{"id":"inat-403407825","inat_id":403407825,"observed_on":"2026-09-24","taxon_id":3454,"name":"Mourning Dove","sci_name":"Zenaida macroura","iconic_taxon":"Aves","rank":"species","user":"marenhaw","photo":"https://inaturalist-open-data.s3.amazonaws.com/photos/740678169/medium.jpg","url":"https://www.inaturalist.org/observations/403407825"},"geometry":{"type":"Point","coordinates":[-74.0098852074,40.7392533284]}},{"type":"Feature","properties":{"id":"inat-403110401","inat_id":403110401,"observed_on":"2026-09-24","taxon_id":122767,"name":"Feral Pigeon","sci_name":"Columba livia domestica","iconic_taxon":"Aves","rank":"variety","user":"siasingh","photo":"https://inaturalist-open-data.s3.amazonaws.com/photos/740091447/medium.jpg","url":"https://www.inaturalist.org/observations/403110401"},"geometry":{"type":"Point","coordinates":[-73.9991441755,40.7312594077]}},{"type":"Feature","properties":{"id":"inat-403174640","inat_id":403174640,"observed_on":"2026-09-24","taxon_id":229854,"name":"Lined Water Jelly","sci_name":"Rhacostoma atlanticum","iconic_taxon":"Animalia","rank":"species","user":"bnyg3","photo":"https://inaturalist-open-data.s3.amazonaws.com/photos/740221795/medium.jpg","url":"https://www.inaturalist.org/observations/403174640"},"geometry":{"type":"Point","coordinates":[-74.0584555,40.5952833333]}},{"type":"Feature","properties":{"id":"inat-403407785","inat_id":403407785,"observed_on":"2026-09-24","taxon_id":13858,"name":"House Sparrow","sci_name":"Passer domesticus","iconic_taxon":"Aves","rank":"species","user":"marenhaw","photo":"https://inaturalist-open-data.s3.amazonaws.com/photos/740678075/medium.jpg","url":"https://www.inaturalist.org/observations/403407785"},"geometry":{"type":"Point","coordinates":[-74.0104542924,40.7351883067]}},{"type":"Feature","properties":{"id":"inat-403069032","inat_id":403069032,"observed_on":"2026-09-24","taxon_id":46017,"name":"Eastern Gray Squirrel","sci_name":"Sciurus carolinensis","iconic_taxon":"Mammalia","rank":"species","user":"miaotron","photo":"https://inaturalist-open-data.s3.amazonaws.com/photos/740010095/medium.jpg","url":"https://www.inaturalist.org/observations/403069032"},"geometry":{"type":"Point","coordinates":[-73.9635381633,40.8093236605]}},{"type":"Feature","properties":{"id":"inat-403078436","inat_id":403078436,"observed_on":"2026-09-24","taxon_id":4999,"name":"Yellow-crowned Night Heron","sci_name":"Nyctanassa violacea","iconic_taxon":"Aves","rank":"species","user":"mczynski","photo":"https://inaturalist-open-data.s3.amazonaws.com/photos/740028145/medium.jpg","url":"https://www.inaturalist.org/observations/403078436"},"geometry":{"type":"Point","coordinates":[-73.8072283333,40.5931466667]}},{"type":"Feature","properties":{"id":"inat-403110363","inat_id":403110363,"observed_on":"2026-09-24","taxon_id":13858,"name":"House Sparrow","sci_name":"Passer domesticus","iconic_taxon":"Aves","rank":"species","user":"siasingh","photo":"https://inaturalist-open-data.s3.amazonaws.com/photos/740091359/medium.jpg","url":"https://www.inaturalist.org/observations/403110363"},"geometry":{"type":"Point","coordinates":[-73.9970150359,40.7304014678]}},{"type":"Feature","properties":{"id":"inat-403345857","inat_id":403345857,"observed_on":"2026-09-24","taxon_id":13858,"name":"House Sparrow","sci_name":"Passer domesticus","iconic_taxon":"Aves","rank":"species","user":"marenhaw","photo":"https://inaturalist-open-data.s3.amazonaws.com/photos/740553300/medium.jpg","url":"https://www.inaturalist.org/observations/403345857"},"geometry":{"type":"Point","coordinates":[-74.0104958185,40.7352507952]}},{"type":"Feature","properties":{"id":"inat-403174648","inat_id":403174648,"observed_on":"2026-09-24","taxon_id":229854,"name":"Lined Water Jelly","sci_name":"Rhacostoma atlanticum","iconic_taxon":"Animalia","rank":"species","user":"bnyg3","photo":"https://inaturalist-open-data.s3.amazonaws.com/photos/740221822/medium.jpg","url":"https://www.inaturalist.org/observations/403174648"},"geometry":{"type":"Point","coordinates":[-74.0560221667,40.5974416667]}},{"type":"Feature","properties":{"id":"inat-403067969","inat_id":403067969,"observed_on":"2026-09-24","taxon_id":46017,"name":"Eastern Gray Squirrel","sci_name":"Sciurus carolinensis","iconic_taxon":"Mammalia","rank":"species","user":"superkoolio","photo":"https://inaturalist-open-data.s3.amazonaws.com/photos/740007938/medium.jpg","url":"https://www.inaturalist.org/observations/403067969"},"geometry":{"type":"Point","coordinates":[-73.926445,40.8701833333]}},{"type":"Feature","properties":{"id":"inat-403071054","inat_id":403071054,"observed_on":"2026-09-24","taxon_id":324726,"name":"Spotted Lanternfly","sci_name":"Lycorma delicatula","iconic_taxon":"Insecta","rank":"species","user":"mical","photo":"https://inaturalist-open-data.s3.amazonaws.com/photos/740014107/medium.jpg","url":"https://www.inaturalist.org/observations/403071054"},"geometry":{"type":"Point","coordinates":[-73.9753883333,40.6784166667]}},{"type":"Feature","properties":{"id":"inat-403174658","inat_id":403174658,"observed_on":"2026-09-24","taxon_id":1129479,"name":"Blue-winged Scoliid Wasp","sci_name":"Scolia dubia","iconic_taxon":"Insecta","rank":"species","user":"bnyg3","photo":"https://inaturalist-open-data.s3.amazonaws.com/photos/740221850/medium.jpg","url":"https://www.inaturalist.org/observations/403174658"},"geometry":{"type":"Point","coordinates":[-74.0544361667,40.599125]}},{"type":"Feature","properties":{"id":"inat-403067105","inat_id":403067105,"observed_on":"2026-09-24","taxon_id":46017,"name":"Eastern Gray Squirrel","sci_name":"Sciurus carolinensis","iconic_taxon":"Mammalia","rank":"species","user":"rjhawk","photo":"https://inaturalist-open-data.s3.amazonaws.com/photos/740006344/medium.jpg","url":"https://www.inaturalist.org/observations/403067105"},"geometry":{"type":"Point","coordinates":[-73.8374633333,40.7514616667]}},{"type":"Feature","properties":{"id":"inat-403174794","inat_id":403174794,"observed_on":"2026-09-24","taxon_id":118970,"name":"Common Eastern Bumble Bee","sci_name":"Bombus impatiens","iconic_taxon":"Insecta","rank":"species","user":"bnyg3","photo":"https://inaturalist-open-data.s3.amazonaws.com/photos/740221994/medium.jpg","url":"https://www.inaturalist.org/observations/403174794"},"geometry":{"type":"Point","coordinates":[-74.0542221667,40.5992866667]}},{"type":"Feature","properties":{"id":"inat-403174804","inat_id":403174804,"observed_on":"2026-09-24","taxon_id":129251,"name":"Restless Bush Cricket","sci_name":"Hapithus agitator","iconic_taxon":"Insecta","rank":"species","user":"bnyg3","photo":"https://inaturalist-open-data.s3.amazonaws.com/photos/740222014/medium.jpg","url":"https://www.inaturalist.org/observations/403174804"},"geometry":{"type":"Point","coordinates":[-74.054475,40.5995916667]}},{"type":"Feature","properties":{"id":"inat-403110337","inat_id":403110337,"observed_on":"2026-09-24","taxon_id":55626,"name":"Small White","sci_name":"Pieris rapae","iconic_taxon":"Insecta","rank":"species","user":"siasingh","photo":"https://inaturalist-open-data.s3.amazonaws.com/photos/740091301/medium.jpg","url":"https://www.inaturalist.org/observations/403110337"},"geometry":{"type":"Point","coordinates":[-73.9974280032,40.7307585932]}},{"type":"Feature","properties":{"id":"inat-403325811","inat_id":403325811,"observed_on":"2026-09-24","taxon_id":7089,"name":"Canada Goose","sci_name":"Branta canadensis","iconic_taxon":"Aves","rank":"species","user":"marenhaw","photo":"https://inaturalist-open-data.s3.amazonaws.com/photos/740514313/medium.jpg","url":"https://www.inaturalist.org/observations/403325811"},"geometry":{"type":"Point","coordinates":[-74.0115369938,40.7332341124]}},{"type":"Feature","properties":{"id":"inat-403078387","inat_id":403078387,"observed_on":"2026-09-24","taxon_id":41663,"name":"Common Raccoon","sci_name":"Procyon lotor","iconic_taxon":"Mammalia","rank":"species","user":"mczynski","photo":"https://inaturalist-open-data.s3.amazonaws.com/photos/740028077/medium.jpg","url":"https://www.inaturalist.org/observations/403078387"},"geometry":{"type":"Point","coordinates":[-73.8040623011,40.594118644]}},{"type":"Feature","properties":{"id":"inat-403325739","inat_id":403325739,"observed_on":"2026-09-24","taxon_id":13858,"name":"House Sparrow","sci_name":"Passer domesticus","iconic_taxon":"Aves","rank":"species","user":"marenhaw","photo":"https://inaturalist-open-data.s3.amazonaws.com/photos/740514182/medium.jpg","url":"https://www.inaturalist.org/observations/403325739"},"geometry":{"type":"Point","coordinates":[-74.0104976132,40.7329986674]}},{"type":"Feature","properties":{"id":"inat-403065467","inat_id":403065467,"observed_on":"2026-09-24","taxon_id":1546004,"name":"Northern Mummichog","sci_name":"Fundulus heteroclitus macrolepidotus","iconic_taxon":"Actinopterygii","rank":"subspecies","user":"katielynne18","photo":"https://inaturalist-open-data.s3.amazonaws.com/photos/740002979/medium.jpg","url":"https://www.inaturalist.org/observations/403065467"},"geometry":{"type":"Point","coordinates":[-74.0761195,40.8379633333]}},{"type":"Feature","properties":{"id":"inat-403286286","inat_id":403286286,"observed_on":"2026-09-24","taxon_id":3017,"name":"Rock Pigeon","sci_name":"Columba livia","iconic_taxon":"Aves","rank":"species","user":"marenhaw","photo":"https://inaturalist-open-data.s3.amazonaws.com/photos/740438903/medium.jpg","url":"https://www.inaturalist.org/observations/403286286"},"geometry":{"type":"Point","coordinates":[-74.0108794138,40.7323479066]}},{"type":"Feature","properties":{"id":"inat-403063857","inat_id":403063857,"observed_on":"2026-09-24","taxon_id":48484,"name":"Asian Lady Beetle","sci_name":"Harmonia axyridis","iconic_taxon":"Insecta","rank":"species","user":"drg8971","photo":"https://inaturalist-open-data.s3.amazonaws.com/photos/739999900/medium.jpg","url":"https://www.inaturalist.org/observations/403063857"},"geometry":{"type":"Point","coordinates":[-74.0659256028,40.865420249]}},{"type":"Feature","properties":{"id":"inat-403092400","inat_id":403092400,"observed_on":"2026-09-24","taxon_id":9721,"name":"Common Yellowthroat","sci_name":"Geothlypis trichas","iconic_taxon":"Aves","rank":"species","user":"byjoetrezza","photo":"https://static.inaturalist.org/photos/740516785/medium.jpg","url":"https://www.inaturalist.org/observations/403092400"},"geometry":{"type":"Point","coordinates":[-73.9615995705,40.722541838]}},{"type":"Feature","properties":{"id":"inat-403178389","inat_id":403178389,"observed_on":"2026-09-24","taxon_id":9721,"name":"Common Yellowthroat","sci_name":"Geothlypis trichas","iconic_taxon":"Aves","rank":"species","user":"colbee1","photo":"https://static.inaturalist.org/photos/740227389/medium.jpg","url":"https://www.inaturalist.org/observations/403178389"},"geometry":{"type":"Point","coordinates":[-73.9678425151,40.777790117]}},{"type":"Feature","properties":{"id":"inat-403107925","inat_id":403107925,"observed_on":"2026-09-24","taxon_id":133756,"name":"Leptoglossus oppositus","sci_name":"Leptoglossus oppositus","iconic_taxon":"Insecta","rank":"species","user":"nyssatupelo","photo":"https://inaturalist-open-data.s3.amazonaws.com/photos/740087341/medium.jpg","url":"https://www.inaturalist.org/observations/403107925"},"geometry":{"type":"Point","coordinates":[-73.875305,40.859655]}},{"type":"Feature","properties":{"id":"inat-403073431","inat_id":403073431,"observed_on":"2026-09-24","taxon_id":144047,"name":"American jumpseed","sci_name":"Persicaria virginiana","iconic_taxon":"Plantae","rank":"species","user":"amy2306","photo":"https://static.inaturalist.org/photos/740018597/medium.jpg","url":"https://www.inaturalist.org/observations/403073431"},"geometry":{"type":"Point","coordinates":[-73.9650631391,40.7793644349]}},{"type":"Feature","properties":{"id":"inat-403099224","inat_id":403099224,"observed_on":"2026-09-24","taxon_id":230641,"name":"Deadwood Borer Moth","sci_name":"Scolecocampa liburna","iconic_taxon":"Insecta","rank":"species","user":"superkoolio","photo":"https://inaturalist-open-data.s3.amazonaws.com/photos/740070217/medium.jpg","url":"https://www.inaturalist.org/observations/403099224"},"geometry":{"type":"Point","coordinates":[-73.9244833333,40.8705583333]}},{"type":"Feature","properties":{"id":"inat-403084255","inat_id":403084255,"observed_on":"2026-09-24","taxon_id":105567,"name":"Inland Silverside","sci_name":"Menidia beryllina","iconic_taxon":"Actinopterygii","rank":"species","user":"katielynne18","photo":"https://inaturalist-open-data.s3.amazonaws.com/photos/740040466/medium.jpg","url":"https://www.inaturalist.org/observations/403084255"},"geometry":{"type":"Point","coordinates":[-74.0760888333,40.837975]}},{"type":"Feature","properties":{"id":"inat-403178387","inat_id":403178387,"observed_on":"2026-09-24","taxon_id":12878,"name":"Swainson's Thrush","sci_name":"Catharus ustulatus","iconic_taxon":"Aves","rank":"species","user":"colbee1","photo":"https://static.inaturalist.org/photos/740227370/medium.jpg","url":"https://www.inaturalist.org/observations/403178387"},"geometry":{"type":"Point","coordinates":[-73.9681878513,40.7775229993]}},{"type":"Feature","properties":{"id":"inat-403088247","inat_id":403088247,"observed_on":"2026-09-24","taxon_id":9721,"name":"Common Yellowthroat","sci_name":"Geothlypis trichas","iconic_taxon":"Aves","rank":"species","user":"respectable_absorption","photo":"https://inaturalist-open-data.s3.amazonaws.com/photos/740048416/medium.jpg","url":"https://www.inaturalist.org/observations/403088247"},"geometry":{"type":"Point","coordinates":[-73.8964422047,40.8720212222]}},{"type":"Feature","properties":{"id":"inat-403178386","inat_id":403178386,"observed_on":"2026-09-24","taxon_id":13270,"name":"Wood Thrush","sci_name":"Hylocichla mustelina","iconic_taxon":"Aves","rank":"species","user":"colbee1","photo":"https://static.inaturalist.org/photos/740227376/medium.jpg","url":"https://www.inaturalist.org/observations/403178386"},"geometry":{"type":"Point","coordinates":[-73.9686446963,40.7772736155]}},{"type":"Feature","properties":{"id":"inat-403088731","inat_id":403088731,"observed_on":"2026-09-24","taxon_id":9721,"name":"Common Yellowthroat","sci_name":"Geothlypis trichas","iconic_taxon":"Aves","rank":"species","user":"respectable_absorption","photo":"https://inaturalist-open-data.s3.amazonaws.com/photos/740049476/medium.jpg","url":"https://www.inaturalist.org/observations/403088731"},"geometry":{"type":"Point","coordinates":[-73.8964398578,40.8721966625]}},{"type":"Feature","properties":{"id":"inat-403059926","inat_id":403059926,"observed_on":"2026-09-24","taxon_id":47603,"name":"dandelions","sci_name":"Taraxacum","iconic_taxon":"Plantae","rank":"genus","user":"sf4505","photo":"https://inaturalist-open-data.s3.amazonaws.com/photos/739992658/medium.jpg","url":"https://www.inaturalist.org/observations/403059926"},"geometry":{"type":"Point","coordinates":[-74.0107371763,40.7317235178]}},{"type":"Feature","properties":{"id":"inat-403059121","inat_id":403059121,"observed_on":"2026-09-24","taxon_id":48484,"name":"Asian Lady Beetle","sci_name":"Harmonia axyridis","iconic_taxon":"Insecta","rank":"species","user":"drg8971","photo":"https://inaturalist-open-data.s3.amazonaws.com/photos/739991169/medium.jpg","url":"https://www.inaturalist.org/observations/403059121"},"geometry":{"type":"Point","coordinates":[-74.065958354,40.8654456578]}},{"type":"Feature","properties":{"id":"inat-403073319","inat_id":403073319,"observed_on":"2026-09-24","taxon_id":119048,"name":"white snakeroot","sci_name":"Ageratina altissima","iconic_taxon":"Plantae","rank":"species","user":"amy2306","photo":"https://static.inaturalist.org/photos/740018343/medium.jpg","url":"https://www.inaturalist.org/observations/403073319"},"geometry":{"type":"Point","coordinates":[-73.9663772926,40.7780640489]}},{"type":"Feature","properties":{"id":"inat-403571020","inat_id":403571020,"observed_on":"2026-09-24","taxon_id":162,"name":"Sora","sci_name":"Porzana carolina","iconic_taxon":"Aves","rank":"species","user":"oldirtybasbird","photo":"https://inaturalist-open-data.s3.amazonaws.com/photos/740998310/medium.jpg","url":"https://www.inaturalist.org/observations/403571020"},"geometry":{"type":"Point","coordinates":[-73.838596344,40.6139527887]}},{"type":"Feature","properties":{"id":"inat-403056491","inat_id":403056491,"observed_on":"2026-09-24","taxon_id":76907,"name":"horseweed","sci_name":"Erigeron canadensis","iconic_taxon":"Plantae","rank":"species","user":"sf4505","photo":"https://inaturalist-open-data.s3.amazonaws.com/photos/739986355/medium.jpg","url":"https://www.inaturalist.org/observations/403056491"},"geometry":{"type":"Point","coordinates":[-74.0109476498,40.7316968421]}},{"type":"Feature","properties":{"id":"inat-403055245","inat_id":403055245,"observed_on":"2026-09-24","taxon_id":46017,"name":"Eastern Gray Squirrel","sci_name":"Sciurus carolinensis","iconic_taxon":"Mammalia","rank":"species","user":"fin_o_saurus","photo":"https://inaturalist-open-data.s3.amazonaws.com/photos/740025099/medium.jpg","url":"https://www.inaturalist.org/observations/403055245"},"geometry":{"type":"Point","coordinates":[-73.995803833,40.7306518555]}},{"type":"Feature","properties":{"id":"inat-403178385","inat_id":403178385,"observed_on":"2026-09-24","taxon_id":145231,"name":"Cape May Warbler","sci_name":"Setophaga tigrina","iconic_taxon":"Aves","rank":"species","user":"colbee1","photo":"https://static.inaturalist.org/photos/740227375/medium.jpg","url":"https://www.inaturalist.org/observations/403178385"},"geometry":{"type":"Point","coordinates":[-73.9696063954,40.7768170622]}},{"type":"Feature","properties":{"id":"inat-403103860","inat_id":403103860,"observed_on":"2026-09-24","taxon_id":324726,"name":"Spotted Lanternfly","sci_name":"Lycorma delicatula","iconic_taxon":"Insecta","rank":"species","user":"respectable_absorption","photo":"https://inaturalist-open-data.s3.amazonaws.com/photos/740079343/medium.jpg","url":"https://www.inaturalist.org/observations/403103860"},"geometry":{"type":"Point","coordinates":[-73.8968696818,40.871033728]}},{"type":"Feature","properties":{"id":"inat-403322854","inat_id":403322854,"observed_on":"2026-09-24","taxon_id":48549,"name":"American Lady","sci_name":"Vanessa virginiensis","iconic_taxon":"Insecta","rank":"species","user":"bd123456","photo":"https://inaturalist-open-data.s3.amazonaws.com/photos/740509193/medium.jpg","url":"https://www.inaturalist.org/observations/403322854"},"geometry":{"type":"Point","coordinates":[-73.7563866667,40.8166583333]}},{"type":"Feature","properties":{"id":"inat-403053039","inat_id":403053039,"observed_on":"2026-09-24","taxon_id":83150,"name":"strawberry bush","sci_name":"Euonymus americanus","iconic_taxon":"Plantae","rank":"species","user":"samareb","photo":"https://inaturalist-open-data.s3.amazonaws.com/photos/739978909/medium.jpg","url":"https://www.inaturalist.org/observations/403053039"},"geometry":{"type":"Point","coordinates":[-73.9704805216,40.6872199]}},{"type":"Feature","properties":{"id":"inat-403053047","inat_id":403053047,"observed_on":"2026-09-24","taxon_id":4999,"name":"Yellow-crowned Night Heron","sci_name":"Nyctanassa violacea","iconic_taxon":"Aves","rank":"species","user":"mczynski","photo":"https://inaturalist-open-data.s3.amazonaws.com/photos/739978835/medium.jpg","url":"https://www.inaturalist.org/observations/403053047"},"geometry":{"type":"Point","coordinates":[-73.8087083333,40.5928883333]}},{"type":"Feature","properties":{"id":"inat-403066327","inat_id":403066327,"observed_on":"2026-09-24","taxon_id":52911,"name":"Bald-faced Hornet","sci_name":"Dolichovespula maculata","iconic_taxon":"Insecta","rank":"species","user":"stevewalternature","photo":"https://inaturalist-open-data.s3.amazonaws.com/photos/740004459/medium.jpg","url":"https://www.inaturalist.org/observations/403066327"},"geometry":{"type":"Point","coordinates":[-73.7404369378,40.7402301517]}},{"type":"Feature","properties":{"id":"inat-403104461","inat_id":403104461,"observed_on":"2026-09-24","taxon_id":62550,"name":"Ovenbird","sci_name":"Seiurus aurocapilla","iconic_taxon":"Aves","rank":"species","user":"respectable_absorption","photo":"https://inaturalist-open-data.s3.amazonaws.com/photos/740080539/medium.jpg","url":"https://www.inaturalist.org/observations/403104461"},"geometry":{"type":"Point","coordinates":[-73.8966074958,40.8719684886]}},{"type":"Feature","properties":{"id":"inat-403105047","inat_id":403105047,"observed_on":"2026-09-24","taxon_id":126532,"name":"Eastern Calligrapher","sci_name":"Toxomerus geminatus","iconic_taxon":"Insecta","rank":"species","user":"respectable_absorption","photo":"https://inaturalist-open-data.s3.amazonaws.com/photos/740081802/medium.jpg","url":"https://www.inaturalist.org/observations/403105047"},"geometry":{"type":"Point","coordinates":[-73.8960864767,40.8718067382]}},{"type":"Feature","properties":{"id":"inat-403048147","inat_id":403048147,"observed_on":"2026-09-24","taxon_id":58555,"name":"Eastern Tailed-Blue","sci_name":"Everes comyntas","iconic_taxon":"Insecta","rank":"species","user":"averycunningham","photo":"https://inaturalist-open-data.s3.amazonaws.com/photos/739969493/medium.jpg","url":"https://www.inaturalist.org/observations/403048147"},"geometry":{"type":"Point","coordinates":[-74.0511361667,40.6971216667]}},{"type":"Feature","properties":{"id":"inat-403132764","inat_id":403132764,"observed_on":"2026-09-24","taxon_id":117443,"name":"New England aster","sci_name":"Symphyotrichum novae-angliae","iconic_taxon":"Plantae","rank":"species","user":"markchandler","photo":"https://inaturalist-open-data.s3.amazonaws.com/photos/740135639/medium.jpg","url":"https://www.inaturalist.org/observations/403132764"},"geometry":{"type":"Point","coordinates":[-73.9739966667,40.732975]}},{"type":"Feature","properties":{"id":"inat-403132785","inat_id":403132785,"observed_on":"2026-09-24","taxon_id":75916,"name":"Butterfly bush","sci_name":"Buddleja davidii","iconic_taxon":"Plantae","rank":"species","user":"markchandler","photo":"https://inaturalist-open-data.s3.amazonaws.com/photos/740135670/medium.jpg","url":"https://www.inaturalist.org/observations/403132785"},"geometry":{"type":"Point","coordinates":[-73.9739916667,40.7329833333]}},{"type":"Feature","properties":{"id":"inat-403132916","inat_id":403132916,"observed_on":"2026-09-24","taxon_id":48549,"name":"American Lady","sci_name":"Vanessa virginiensis","iconic_taxon":"Insecta","rank":"species","user":"markchandler","photo":"https://inaturalist-open-data.s3.amazonaws.com/photos/740135933/medium.jpg","url":"https://www.inaturalist.org/observations/403132916"},"geometry":{"type":"Point","coordinates":[-73.9739783333,40.7329883333]}},{"type":"Feature","properties":{"id":"inat-403132917","inat_id":403132917,"observed_on":"2026-09-24","taxon_id":47219,"name":"Western Honey Bee","sci_name":"Apis mellifera","iconic_taxon":"Insecta","rank":"species","user":"markchandler","photo":"https://inaturalist-open-data.s3.amazonaws.com/photos/740135938/medium.jpg","url":"https://www.inaturalist.org/observations/403132917"},"geometry":{"type":"Point","coordinates":[-73.9739783333,40.7329883333]}},{"type":"Feature","properties":{"id":"inat-403083557","inat_id":403083557,"observed_on":"2026-09-24","taxon_id":9721,"name":"Common Yellowthroat","sci_name":"Geothlypis trichas","iconic_taxon":"Aves","rank":"species","user":"respectable_absorption","photo":"https://inaturalist-open-data.s3.amazonaws.com/photos/740039214/medium.jpg","url":"https://www.inaturalist.org/observations/403083557"},"geometry":{"type":"Point","coordinates":[-73.8950521499,40.8722078177]}},{"type":"Feature","properties":{"id":"inat-403142714","inat_id":403142714,"observed_on":"2026-09-24","taxon_id":126888,"name":"northern seaside goldenrod","sci_name":"Solidago sempervirens","iconic_taxon":"Plantae","rank":"species","user":"markchandler","photo":"https://inaturalist-open-data.s3.amazonaws.com/photos/740155580/medium.jpg","url":"https://www.inaturalist.org/observations/403142714"},"geometry":{"type":"Point","coordinates":[-73.97418,40.73383]}},{"type":"Feature","properties":{"id":"inat-403059030","inat_id":403059030,"observed_on":"2026-09-24","taxon_id":18236,"name":"Northern Flicker","sci_name":"Colaptes auratus","iconic_taxon":"Aves","rank":"species","user":"victor312","photo":"https://static.inaturalist.org/photos/739990914/medium.jpg","url":"https://www.inaturalist.org/observations/403059030"},"geometry":{"type":"Point","coordinates":[-73.9545583333,40.7625666667]}},{"type":"Feature","properties":{"id":"inat-403048636","inat_id":403048636,"observed_on":"2026-09-24","taxon_id":155106,"name":"Black-shouldered Drone Fly","sci_name":"Eristalis dimidiata","iconic_taxon":"Insecta","rank":"species","user":"averycunningham","photo":"https://inaturalist-open-data.s3.amazonaws.com/photos/739970393/medium.jpg","url":"https://www.inaturalist.org/observations/403048636"},"geometry":{"type":"Point","coordinates":[-74.0508805,40.6977883333]}},{"type":"Feature","properties":{"id":"inat-403053099","inat_id":403053099,"observed_on":"2026-09-24","taxon_id":55626,"name":"Small White","sci_name":"Pieris rapae","iconic_taxon":"Insecta","rank":"species","user":"mczynski","photo":"https://inaturalist-open-data.s3.amazonaws.com/photos/740009890/medium.jpg","url":"https://www.inaturalist.org/observations/403053099"},"geometry":{"type":"Point","coordinates":[-73.8052216667,40.5928033333]}},{"type":"Feature","properties":{"id":"inat-403142734","inat_id":403142734,"observed_on":"2026-09-24","taxon_id":47219,"name":"Western Honey Bee","sci_name":"Apis mellifera","iconic_taxon":"Insecta","rank":"species","user":"markchandler","photo":"https://inaturalist-open-data.s3.amazonaws.com/photos/740155611/medium.jpg","url":"https://www.inaturalist.org/observations/403142734"},"geometry":{"type":"Point","coordinates":[-73.9742283333,40.7339533333]}},{"type":"Feature","properties":{"id":"inat-403058903","inat_id":403058903,"observed_on":"2026-09-24","taxon_id":10286,"name":"Black-and-white Warbler","sci_name":"Mniotilta varia","iconic_taxon":"Aves","rank":"species","user":"victor312","photo":"https://static.inaturalist.org/photos/739990731/medium.jpg","url":"https://www.inaturalist.org/observations/403058903"},"geometry":{"type":"Point","coordinates":[-73.9544833333,40.7623133333]}},{"type":"Feature","properties":{"id":"inat-403174212","inat_id":403174212,"observed_on":"2026-09-24","taxon_id":604465,"name":"Paspalum thunbergii","sci_name":"Paspalum thunbergii","iconic_taxon":"Plantae","rank":"species","user":"plbuttercup","photo":"https://inaturalist-open-data.s3.amazonaws.com/photos/740220995/medium.jpg","url":"https://www.inaturalist.org/observations/403174212"},"geometry":{"type":"Point","coordinates":[-73.8755192997,40.8683344]}},{"type":"Feature","properties":{"id":"inat-403142826","inat_id":403142826,"observed_on":"2026-09-24","taxon_id":52934,"name":"late boneset","sci_name":"Eupatorium serotinum","iconic_taxon":"Plantae","rank":"species","user":"markchandler","photo":"https://inaturalist-open-data.s3.amazonaws.com/photos/740155822/medium.jpg","url":"https://www.inaturalist.org/observations/403142826"},"geometry":{"type":"Point","coordinates":[-73.9742966667,40.7343133333]}},{"type":"Feature","properties":{"id":"inat-403268499","inat_id":403268499,"observed_on":"2026-09-24","taxon_id":604465,"name":"Paspalum thunbergii","sci_name":"Paspalum thunbergii","iconic_taxon":"Plantae","rank":"species","user":"devoncummings","photo":"https://inaturalist-open-data.s3.amazonaws.com/photos/740405703/medium.jpg","url":"https://www.inaturalist.org/observations/403268499"},"geometry":{"type":"Point","coordinates":[-73.875478,40.868224]}},{"type":"Feature","properties":{"id":"inat-403077125","inat_id":403077125,"observed_on":"2026-09-24","taxon_id":7089,"name":"Canada Goose","sci_name":"Branta canadensis","iconic_taxon":"Aves","rank":"species","user":"nycnatureobserver","photo":"https://static.inaturalist.org/photos/740026232/medium.jpg","url":"https://www.inaturalist.org/observations/403077125"},"geometry":{"type":"Point","coordinates":[-73.9615692427,40.7951738966]}},{"type":"Feature","properties":{"id":"inat-403077055","inat_id":403077055,"observed_on":"2026-09-24","taxon_id":7089,"name":"Canada Goose","sci_name":"Branta canadensis","iconic_taxon":"Aves","rank":"species","user":"nycnatureobserver","photo":"https://static.inaturalist.org/photos/740025654/medium.jpg","url":"https://www.inaturalist.org/observations/403077055"},"geometry":{"type":"Point","coordinates":[-73.961627091,40.795400288]}},{"type":"Feature","properties":{"id":"inat-403044344","inat_id":403044344,"observed_on":"2026-09-24","taxon_id":7089,"name":"Canada Goose","sci_name":"Branta canadensis","iconic_taxon":"Aves","rank":"species","user":"nycnatureobserver","photo":"https://static.inaturalist.org/photos/739962887/medium.jpg","url":"https://www.inaturalist.org/observations/403044344"},"geometry":{"type":"Point","coordinates":[-73.9618005934,40.7950850946]}},{"type":"Feature","properties":{"id":"inat-403044287","inat_id":403044287,"observed_on":"2026-09-24","taxon_id":46017,"name":"Eastern Gray Squirrel","sci_name":"Sciurus carolinensis","iconic_taxon":"Mammalia","rank":"species","user":"nycnatureobserver","photo":"https://static.inaturalist.org/photos/739962794/medium.jpg","url":"https://www.inaturalist.org/observations/403044287"},"geometry":{"type":"Point","coordinates":[-73.9616998117,40.7951902569]}},{"type":"Feature","properties":{"id":"inat-403060074","inat_id":403060074,"observed_on":"2026-09-24","taxon_id":55556,"name":"Large Milkweed Bug","sci_name":"Oncopeltus fasciatus","iconic_taxon":"Insecta","rank":"species","user":"lsilan","photo":"https://inaturalist-open-data.s3.amazonaws.com/photos/739993318/medium.jpg","url":"https://www.inaturalist.org/observations/403060074"},"geometry":{"type":"Point","coordinates":[-73.7578666667,40.760525]}},{"type":"Feature","properties":{"id":"inat-403084076","inat_id":403084076,"observed_on":"2026-09-24","taxon_id":117428,"name":"shingle oak","sci_name":"Quercus imbricaria","iconic_taxon":"Plantae","rank":"species","user":"themadventureclub","photo":"https://inaturalist-open-data.s3.amazonaws.com/photos/740040134/medium.jpg","url":"https://www.inaturalist.org/observations/403084076"},"geometry":{"type":"Point","coordinates":[-73.992601952,40.6517299789]}},{"type":"Feature","properties":{"id":"inat-403084020","inat_id":403084020,"observed_on":"2026-09-24","taxon_id":54780,"name":"swamp white oak","sci_name":"Quercus bicolor","iconic_taxon":"Plantae","rank":"species","user":"themadventureclub","photo":"https://inaturalist-open-data.s3.amazonaws.com/photos/740040057/medium.jpg","url":"https://www.inaturalist.org/observations/403084020"},"geometry":{"type":"Point","coordinates":[-73.9929659605,40.6512374378]}},{"type":"Feature","properties":{"id":"inat-403123770","inat_id":403123770,"observed_on":"2026-09-24","taxon_id":320786,"name":"Eurasian Drone Fly","sci_name":"Eristalis arbustorum","iconic_taxon":"Insecta","rank":"species","user":"respectable_absorption","photo":"https://inaturalist-open-data.s3.amazonaws.com/photos/740117426/medium.jpg","url":"https://www.inaturalist.org/observations/403123770"},"geometry":{"type":"Point","coordinates":[-73.895129,40.872222]}},{"type":"Feature","properties":{"id":"inat-403041792","inat_id":403041792,"observed_on":"2026-09-24","taxon_id":58523,"name":"Black Swallowtail","sci_name":"Papilio polyxenes","iconic_taxon":"Insecta","rank":"species","user":"averycunningham","photo":"https://inaturalist-open-data.s3.amazonaws.com/photos/739958387/medium.jpg","url":"https://www.inaturalist.org/observations/403041792"},"geometry":{"type":"Point","coordinates":[-74.0519611667,40.6969033333]}},{"type":"Feature","properties":{"id":"inat-403041840","inat_id":403041840,"observed_on":"2026-09-24","taxon_id":42069,"name":"Red Fox","sci_name":"Vulpes vulpes","iconic_taxon":"Mammalia","rank":"species","user":"averycunningham","photo":"https://inaturalist-open-data.s3.amazonaws.com/photos/739958476/medium.jpg","url":"https://www.inaturalist.org/observations/403041840"},"geometry":{"type":"Point","coordinates":[-74.0522278333,40.696955]}},{"type":"Feature","properties":{"id":"inat-403054407","inat_id":403054407,"observed_on":"2026-09-24","taxon_id":6432,"name":"Ruby-throated Hummingbird","sci_name":"Archilochus colubris","iconic_taxon":"Aves","rank":"species","user":"cliol","photo":"https://inaturalist-open-data.s3.amazonaws.com/photos/739982137/medium.jpg","url":"https://www.inaturalist.org/observations/403054407"},"geometry":{"type":"Point","coordinates":[-73.7916633333,40.8056133333]}},{"type":"Feature","properties":{"id":"inat-403040154","inat_id":403040154,"observed_on":"2026-09-24","taxon_id":4956,"name":"Great Blue Heron","sci_name":"Ardea herodias","iconic_taxon":"Aves","rank":"species","user":"nycnatureobserver","photo":"https://static.inaturalist.org/photos/739955329/medium.jpg","url":"https://www.inaturalist.org/observations/403040154"},"geometry":{"type":"Point","coordinates":[-73.9616754402,40.7946798185]}},{"type":"Feature","properties":{"id":"inat-403067313","inat_id":403067313,"observed_on":"2026-09-24","taxon_id":133765,"name":"Fraternal Potter Wasp","sci_name":"Eumenes fraternus","iconic_taxon":"Insecta","rank":"species","user":"stevewalternature","photo":"https://inaturalist-open-data.s3.amazonaws.com/photos/740006438/medium.jpg","url":"https://www.inaturalist.org/observations/403067313"},"geometry":{"type":"Point","coordinates":[-73.7404485636,40.740236737]}},{"type":"Feature","properties":{"id":"inat-403040334","inat_id":403040334,"observed_on":"2026-09-24","taxon_id":118970,"name":"Common Eastern Bumble Bee","sci_name":"Bombus impatiens","iconic_taxon":"Insecta","rank":"species","user":"osing","photo":"https://inaturalist-open-data.s3.amazonaws.com/photos/739955690/medium.jpg","url":"https://www.inaturalist.org/observations/403040334"},"geometry":{"type":"Point","coordinates":[-73.9544717968,40.6302784347]}},{"type":"Feature","properties":{"id":"inat-403376119","inat_id":403376119,"observed_on":"2026-09-24","taxon_id":51271,"name":"Red-eared Slider","sci_name":"Trachemys scripta elegans","iconic_taxon":"Reptilia","rank":"subspecies","user":"elharo","photo":"https://static.inaturalist.org/photos/740612706/medium.jpg","url":"https://www.inaturalist.org/observations/403376119"},"geometry":{"type":"Point","coordinates":[-73.969900211,40.6620918795]}},{"type":"Feature","properties":{"id":"inat-403038635","inat_id":403038635,"observed_on":"2026-09-24","taxon_id":84494,"name":"Golden Jumping Spider","sci_name":"Paraphidippus aurantius","iconic_taxon":"Arachnida","rank":"species","user":"osing","photo":"https://inaturalist-open-data.s3.amazonaws.com/photos/739951784/medium.jpg","url":"https://www.inaturalist.org/observations/403038635"},"geometry":{"type":"Point","coordinates":[-73.9550296962,40.6316226816]}},{"type":"Feature","properties":{"id":"inat-403127947","inat_id":403127947,"observed_on":"2026-09-24","taxon_id":53059,"name":"catchweed bedstraw","sci_name":"Galium aparine","iconic_taxon":"Plantae","rank":"species","user":"respectable_absorption","photo":"https://inaturalist-open-data.s3.amazonaws.com/photos/740126980/medium.jpg","url":"https://www.inaturalist.org/observations/403127947"},"geometry":{"type":"Point","coordinates":[-73.8940034062,40.8721053931]}},{"type":"Feature","properties":{"id":"inat-403311559","inat_id":403311559,"observed_on":"2026-09-24","taxon_id":6924,"name":"American Black Duck","sci_name":"Anas rubripes","iconic_taxon":"Aves","rank":"species","user":"elharo","photo":"https://static.inaturalist.org/photos/740486987/medium.jpg","url":"https://www.inaturalist.org/observations/403311559"},"geometry":{"type":"Point","coordinates":[-73.9695433333,40.6529383333]}},{"type":"Feature","properties":{"id":"inat-403376126","inat_id":403376126,"observed_on":"2026-09-24","taxon_id":46017,"name":"Eastern Gray Squirrel","sci_name":"Sciurus carolinensis","iconic_taxon":"Mammalia","rank":"species","user":"elharo","photo":"https://static.inaturalist.org/photos/740612723/medium.jpg","url":"https://www.inaturalist.org/observations/403376126"},"geometry":{"type":"Point","coordinates":[-73.9695433333,40.6529383333]}},{"type":"Feature","properties":{"id":"inat-403376124","inat_id":403376124,"observed_on":"2026-09-24","taxon_id":4956,"name":"Great Blue Heron","sci_name":"Ardea herodias","iconic_taxon":"Aves","rank":"species","user":"elharo","photo":"https://static.inaturalist.org/photos/740612701/medium.jpg","url":"https://www.inaturalist.org/observations/403376124"},"geometry":{"type":"Point","coordinates":[-73.9695433333,40.6529383333]}},{"type":"Feature","properties":{"id":"inat-403142834","inat_id":403142834,"observed_on":"2026-09-24","taxon_id":119048,"name":"white snakeroot","sci_name":"Ageratina altissima","iconic_taxon":"Plantae","rank":"species","user":"markchandler","photo":"https://inaturalist-open-data.s3.amazonaws.com/photos/740155860/medium.jpg","url":"https://www.inaturalist.org/observations/403142834"},"geometry":{"type":"Point","coordinates":[-73.9800633333,40.7473833333]}},{"type":"Feature","properties":{"id":"inat-403311095","inat_id":403311095,"observed_on":"2026-09-24","taxon_id":145240,"name":"Blackpoll Warbler","sci_name":"Setophaga striata","iconic_taxon":"Aves","rank":"species","user":"elharo","photo":"https://static.inaturalist.org/photos/740486225/medium.jpg","url":"https://www.inaturalist.org/observations/403311095"},"geometry":{"type":"Point","coordinates":[-73.9695433333,40.6529383333]}},{"type":"Feature","properties":{"id":"inat-403037311","inat_id":403037311,"observed_on":"2026-09-24","taxon_id":891704,"name":"Red-eyed Vireo","sci_name":"Vireo olivaceus","iconic_taxon":"Aves","rank":"species","user":"sophieh13","photo":"https://inaturalist-open-data.s3.amazonaws.com/photos/739949002/medium.jpg","url":"https://www.inaturalist.org/observations/403037311"},"geometry":{"type":"Point","coordinates":[-73.9820033333,40.7557416667]}},{"type":"Feature","properties":{"id":"inat-403083550","inat_id":403083550,"observed_on":"2026-09-24","taxon_id":324726,"name":"Spotted Lanternfly","sci_name":"Lycorma delicatula","iconic_taxon":"Insecta","rank":"species","user":"mehrvt","photo":"https://inaturalist-open-data.s3.amazonaws.com/photos/740039050/medium.jpg","url":"https://www.inaturalist.org/observations/403083550"},"geometry":{"type":"Point","coordinates":[-73.997332,40.7308838]}},{"type":"Feature","properties":{"id":"inat-403376130","inat_id":403376130,"observed_on":"2026-09-24","taxon_id":126155,"name":"German Yellowjacket","sci_name":"Vespula germanica","iconic_taxon":"Insecta","rank":"species","user":"elharo","photo":"https://static.inaturalist.org/photos/740612724/medium.jpg","url":"https://www.inaturalist.org/observations/403376130"},"geometry":{"type":"Point","coordinates":[-73.9695433333,40.6529383333]}},{"type":"Feature","properties":{"id":"inat-403034828","inat_id":403034828,"observed_on":"2026-09-24","taxon_id":14850,"name":"European Starling","sci_name":"Sturnus vulgaris","iconic_taxon":"Aves","rank":"species","user":"superkoolio","photo":"https://inaturalist-open-data.s3.amazonaws.com/photos/739946501/medium.jpg","url":"https://www.inaturalist.org/observations/403034828"},"geometry":{"type":"Point","coordinates":[-73.99637,40.7301033333]}},{"type":"Feature","properties":{"id":"inat-403376144","inat_id":403376144,"observed_on":"2026-09-24","taxon_id":145242,"name":"Palm Warbler","sci_name":"Setophaga palmarum","iconic_taxon":"Aves","rank":"species","user":"elharo","photo":"https://static.inaturalist.org/photos/740612743/medium.jpg","url":"https://www.inaturalist.org/observations/403376144"},"geometry":{"type":"Point","coordinates":[-73.9695433333,40.6529383333]}},{"type":"Feature","properties":{"id":"inat-403033395","inat_id":403033395,"observed_on":"2026-09-24","taxon_id":119793,"name":"Callery pear","sci_name":"Pyrus calleryana","iconic_taxon":"Plantae","rank":"species","user":"caitlinsacks","photo":"https://static.inaturalist.org/photos/739941106/medium.jpg","url":"https://www.inaturalist.org/observations/403033395"},"geometry":{"type":"Point","coordinates":[-73.9103320371,40.6896070295]}},{"type":"Feature","properties":{"id":"inat-403376147","inat_id":403376147,"observed_on":"2026-09-24","taxon_id":7089,"name":"Canada Goose","sci_name":"Branta canadensis","iconic_taxon":"Aves","rank":"species","user":"elharo","photo":"https://static.inaturalist.org/photos/740612759/medium.jpg","url":"https://www.inaturalist.org/observations/403376147"},"geometry":{"type":"Point","coordinates":[-73.9695433333,40.6529383333]}},{"type":"Feature","properties":{"id":"inat-403376138","inat_id":403376138,"observed_on":"2026-09-24","taxon_id":72458,"name":"Spotted Sandpiper","sci_name":"Actitis macularius","iconic_taxon":"Aves","rank":"species","user":"elharo","photo":"https://static.inaturalist.org/photos/740612736/medium.jpg","url":"https://www.inaturalist.org/observations/403376138"},"geometry":{"type":"Point","coordinates":[-73.9695433333,40.6529383333]}},{"type":"Feature","properties":{"id":"inat-403376134","inat_id":403376134,"observed_on":"2026-09-24","taxon_id":558438,"name":"Northern Shoveler","sci_name":"Spatula clypeata","iconic_taxon":"Aves","rank":"species","user":"elharo","photo":"https://static.inaturalist.org/photos/740612745/medium.jpg","url":"https://www.inaturalist.org/observations/403376134"},"geometry":{"type":"Point","coordinates":[-73.9695433333,40.6529383333]}},{"type":"Feature","properties":{"id":"inat-403042120","inat_id":403042120,"observed_on":"2026-09-24","taxon_id":118970,"name":"Common Eastern Bumble Bee","sci_name":"Bombus impatiens","iconic_taxon":"Insecta","rank":"species","user":"ch15","photo":"https://static.inaturalist.org/photos/739959042/medium.jpg","url":"https://www.inaturalist.org/observations/403042120"},"geometry":{"type":"Point","coordinates":[-74.0051696459,40.7256486794]}},{"type":"Feature","properties":{"id":"inat-403376151","inat_id":403376151,"observed_on":"2026-09-24","taxon_id":7107,"name":"Wood Duck","sci_name":"Aix sponsa","iconic_taxon":"Aves","rank":"species","user":"elharo","photo":"https://static.inaturalist.org/photos/740612763/medium.jpg","url":"https://www.inaturalist.org/observations/403376151"},"geometry":{"type":"Point","coordinates":[-73.9695433333,40.6529383333]}},{"type":"Feature","properties":{"id":"inat-403144968","inat_id":403144968,"observed_on":"2026-09-24","taxon_id":48549,"name":"American Lady","sci_name":"Vanessa virginiensis","iconic_taxon":"Insecta","rank":"species","user":"butterflyinthesky","photo":"https://inaturalist-open-data.s3.amazonaws.com/photos/740160297/medium.jpg","url":"https://www.inaturalist.org/observations/403144968"},"geometry":{"type":"Point","coordinates":[-73.8809143231,40.8635272861]}},{"type":"Feature","properties":{"id":"inat-403082678","inat_id":403082678,"observed_on":"2026-09-24","taxon_id":58320,"name":"golden rain tree","sci_name":"Koelreuteria paniculata","iconic_taxon":"Plantae","rank":"species","user":"themadventureclub","photo":"https://inaturalist-open-data.s3.amazonaws.com/photos/740037000/medium.jpg","url":"https://www.inaturalist.org/observations/403082678"},"geometry":{"type":"Point","coordinates":[-73.9917362954,40.6561204377]}},{"type":"Feature","properties":{"id":"inat-403309669","inat_id":403309669,"observed_on":"2026-09-24","taxon_id":1188207,"name":"Northern Yellow Warbler","sci_name":"Setophaga aestiva","iconic_taxon":"Aves","rank":"species","user":"elharo","photo":"https://static.inaturalist.org/photos/740483054/medium.jpg","url":"https://www.inaturalist.org/observations/403309669"},"geometry":{"type":"Point","coordinates":[-73.9695433333,40.6529383333]}},{"type":"Feature","properties":{"id":"inat-403030632","inat_id":403030632,"observed_on":"2026-09-24","taxon_id":54802,"name":"Black Tupelo","sci_name":"Nyssa sylvatica","iconic_taxon":"Plantae","rank":"species","user":"ranjanganguli","photo":"https://inaturalist-open-data.s3.amazonaws.com/photos/739935840/medium.jpg","url":"https://www.inaturalist.org/observations/403030632"},"geometry":{"type":"Point","coordinates":[-74.0080795288,40.7414894104]}},{"type":"Feature","properties":{"id":"inat-403082488","inat_id":403082488,"observed_on":"2026-09-24","taxon_id":52391,"name":"eastern white pine","sci_name":"Pinus strobus","iconic_taxon":"Plantae","rank":"species","user":"themadventureclub","photo":"https://inaturalist-open-data.s3.amazonaws.com/photos/740036628/medium.jpg","url":"https://www.inaturalist.org/observations/403082488"},"geometry":{"type":"Point","coordinates":[-73.9923338955,40.6558325316]}},{"type":"Feature","properties":{"id":"inat-403082439","inat_id":403082439,"observed_on":"2026-09-24","taxon_id":54797,"name":"honey locust","sci_name":"Gleditsia triacanthos","iconic_taxon":"Plantae","rank":"species","user":"themadventureclub","photo":"https://inaturalist-open-data.s3.amazonaws.com/photos/740036495/medium.jpg","url":"https://www.inaturalist.org/observations/403082439"},"geometry":{"type":"Point","coordinates":[-73.9925517786,40.6557328419]}},{"type":"Feature","properties":{"id":"inat-403376160","inat_id":403376160,"observed_on":"2026-09-24","taxon_id":145233,"name":"Northern Parula","sci_name":"Setophaga americana","iconic_taxon":"Aves","rank":"species","user":"elharo","photo":"https://static.inaturalist.org/photos/740612776/medium.jpg","url":"https://www.inaturalist.org/observations/403376160"},"geometry":{"type":"Point","coordinates":[-73.9713816667,40.6564833333]}},{"type":"Feature","properties":{"id":"inat-403376173","inat_id":403376173,"observed_on":"2026-09-24","taxon_id":129902,"name":"Eastern Black Carpenter Ant","sci_name":"Camponotus pennsylvanicus","iconic_taxon":"Insecta","rank":"species","user":"elharo","photo":"https://static.inaturalist.org/photos/740612794/medium.jpg","url":"https://www.inaturalist.org/observations/403376173"},"geometry":{"type":"Point","coordinates":[-73.9713816667,40.6564833333]}},{"type":"Feature","properties":{"id":"inat-403082245","inat_id":403082245,"observed_on":"2026-09-24","taxon_id":10247,"name":"American Redstart","sci_name":"Setophaga ruticilla","iconic_taxon":"Aves","rank":"species","user":"themadventureclub","photo":"https://inaturalist-open-data.s3.amazonaws.com/photos/740035961/medium.jpg","url":"https://www.inaturalist.org/observations/403082245"},"geometry":{"type":"Point","coordinates":[-73.9933965152,40.6557902695]}},{"type":"Feature","properties":{"id":"inat-403174102","inat_id":403174102,"observed_on":"2026-09-24","taxon_id":604465,"name":"Paspalum thunbergii","sci_name":"Paspalum thunbergii","iconic_taxon":"Plantae","rank":"species","user":"plbuttercup","photo":"https://inaturalist-open-data.s3.amazonaws.com/photos/740220881/medium.jpg","url":"https://www.inaturalist.org/observations/403174102"},"geometry":{"type":"Point","coordinates":[-73.87747145,40.8559542889]}},{"type":"Feature","properties":{"id":"inat-403024793","inat_id":403024793,"observed_on":"2026-09-24","taxon_id":118970,"name":"Common Eastern Bumble Bee","sci_name":"Bombus impatiens","iconic_taxon":"Insecta","rank":"species","user":"coddoc11","photo":"https://inaturalist-open-data.s3.amazonaws.com/photos/739924885/medium.jpg","url":"https://www.inaturalist.org/observations/403024793"},"geometry":{"type":"Point","coordinates":[-73.9839633333,40.7340283333]}},{"type":"Feature","properties":{"id":"inat-403081829","inat_id":403081829,"observed_on":"2026-09-24","taxon_id":48662,"name":"Monarch","sci_name":"Danaus plexippus","iconic_taxon":"Insecta","rank":"species","user":"themadventureclub","photo":"https://inaturalist-open-data.s3.amazonaws.com/photos/740035064/medium.jpg","url":"https://www.inaturalist.org/observations/403081829"},"geometry":{"type":"Point","coordinates":[-73.9943758925,40.6565073452]}},{"type":"Feature","properties":{"id":"inat-403177012","inat_id":403177012,"observed_on":"2026-09-24","taxon_id":1578489,"name":"American Herring Gull","sci_name":"Larus smithsonianus","iconic_taxon":"Aves","rank":"species","user":"aussiemarg","photo":"https://inaturalist-open-data.s3.amazonaws.com/photos/740225299/medium.jpg","url":"https://www.inaturalist.org/observations/403177012"},"geometry":{"type":"Point","coordinates":[-74.000755555,40.7631283333]}},{"type":"Feature","properties":{"id":"inat-403177075","inat_id":403177075,"observed_on":"2026-09-24","taxon_id":4364,"name":"Ring-billed Gull","sci_name":"Larus delawarensis","iconic_taxon":"Aves","rank":"species","user":"aussiemarg","photo":"https://inaturalist-open-data.s3.amazonaws.com/photos/740225356/medium.jpg","url":"https://www.inaturalist.org/observations/403177075"},"geometry":{"type":"Point","coordinates":[-74.0007638883,40.7631133333]}},{"type":"Feature","properties":{"id":"inat-403023259","inat_id":403023259,"observed_on":"2026-09-24","taxon_id":76584,"name":"yellow nutsedge","sci_name":"Cyperus esculentus","iconic_taxon":"Plantae","rank":"species","user":"gthor88","photo":"https://static.inaturalist.org/photos/739922729/medium.jpg","url":"https://www.inaturalist.org/observations/403023259"},"geometry":{"type":"Point","coordinates":[-73.9387831345,40.725723726]}},{"type":"Feature","properties":{"id":"inat-403173913","inat_id":403173913,"observed_on":"2026-09-24","taxon_id":604465,"name":"Paspalum thunbergii","sci_name":"Paspalum thunbergii","iconic_taxon":"Plantae","rank":"species","user":"plbuttercup","photo":"https://inaturalist-open-data.s3.amazonaws.com/photos/740220244/medium.jpg","url":"https://www.inaturalist.org/observations/403173913"},"geometry":{"type":"Point","coordinates":[-73.8748758083,40.8594755194]}},{"type":"Feature","properties":{"id":"inat-403081543","inat_id":403081543,"observed_on":"2026-09-24","taxon_id":122603,"name":"little bluestem","sci_name":"Schizachyrium scoparium","iconic_taxon":"Plantae","rank":"species","user":"themadventureclub","photo":"https://inaturalist-open-data.s3.amazonaws.com/photos/740034368/medium.jpg","url":"https://www.inaturalist.org/observations/403081543"},"geometry":{"type":"Point","coordinates":[-73.994411205,40.6567992105]}},{"type":"Feature","properties":{"id":"inat-403022997","inat_id":403022997,"observed_on":"2026-09-24","taxon_id":68229,"name":"Carolina Saddlebags","sci_name":"Tramea carolina","iconic_taxon":"Insecta","rank":"species","user":"asmith_bbp","photo":"https://inaturalist-open-data.s3.amazonaws.com/photos/739922069/medium.jpg","url":"https://www.inaturalist.org/observations/403022997"},"geometry":{"type":"Point","coordinates":[-73.9571159277,40.6388963306]}},{"type":"Feature","properties":{"id":"inat-403081415","inat_id":403081415,"observed_on":"2026-09-24","taxon_id":58523,"name":"Black Swallowtail","sci_name":"Papilio polyxenes","iconic_taxon":"Insecta","rank":"species","user":"themadventureclub","photo":"https://inaturalist-open-data.s3.amazonaws.com/photos/740033993/medium.jpg","url":"https://www.inaturalist.org/observations/403081415"},"geometry":{"type":"Point","coordinates":[-73.9943749323,40.6568128158]}},{"type":"Feature","properties":{"id":"inat-403189469","inat_id":403189469,"observed_on":"2026-09-24","taxon_id":16603,"name":"Yellow-bellied Flycatcher","sci_name":"Empidonax flaviventris","iconic_taxon":"Aves","rank":"species","user":"safari-mike","photo":"https://static.inaturalist.org/photos/740250939/medium.jpg","url":"https://www.inaturalist.org/observations/403189469"},"geometry":{"type":"Point","coordinates":[-73.88092,40.8511383333]}},{"type":"Feature","properties":{"id":"inat-403267158","inat_id":403267158,"observed_on":"2026-09-24","taxon_id":604465,"name":"Paspalum thunbergii","sci_name":"Paspalum thunbergii","iconic_taxon":"Plantae","rank":"species","user":"devoncummings","photo":"https://inaturalist-open-data.s3.amazonaws.com/photos/740402886/medium.jpg","url":"https://www.inaturalist.org/observations/403267158"},"geometry":{"type":"Point","coordinates":[-73.874899,40.859328]}},{"type":"Feature","properties":{"id":"inat-403025335","inat_id":403025335,"observed_on":"2026-09-24","taxon_id":122281,"name":"Red-banded Hairstreak","sci_name":"Calycopis cecrops","iconic_taxon":"Insecta","rank":"species","user":"totallynermal","photo":"https://inaturalist-open-data.s3.amazonaws.com/photos/739925649/medium.jpg","url":"https://www.inaturalist.org/observations/403025335"},"geometry":{"type":"Point","coordinates":[-73.8760208679,40.8458742502]}},{"type":"Feature","properties":{"id":"inat-403376167","inat_id":403376167,"observed_on":"2026-09-24","taxon_id":8229,"name":"Blue Jay","sci_name":"Cyanocitta cristata","iconic_taxon":"Aves","rank":"species","user":"elharo","photo":"https://static.inaturalist.org/photos/740612780/medium.jpg","url":"https://www.inaturalist.org/observations/403376167"},"geometry":{"type":"Point","coordinates":[-73.9713666667,40.6564833333]}},{"type":"Feature","properties":{"id":"inat-403160639","inat_id":403160639,"observed_on":"2026-09-24","taxon_id":604465,"name":"Paspalum thunbergii","sci_name":"Paspalum thunbergii","iconic_taxon":"Plantae","rank":"species","user":"plbuttercup","photo":"https://inaturalist-open-data.s3.amazonaws.com/photos/740194154/medium.jpg","url":"https://www.inaturalist.org/observations/403160639"},"geometry":{"type":"Point","coordinates":[-73.8746929997,40.8585718]}},{"type":"Feature","properties":{"id":"inat-403307348","inat_id":403307348,"observed_on":"2026-09-24","taxon_id":143005,"name":"Bent-lined Carpet","sci_name":"Costaconvexa centrostrigaria","iconic_taxon":"Insecta","rank":"species","user":"elharo","photo":"https://static.inaturalist.org/photos/740478793/medium.jpg","url":"https://www.inaturalist.org/observations/403307348"},"geometry":{"type":"Point","coordinates":[-73.9694366667,40.6572566667]}},{"type":"Feature","properties":{"id":"inat-403020710","inat_id":403020710,"observed_on":"2026-09-24","taxon_id":119048,"name":"white snakeroot","sci_name":"Ageratina altissima","iconic_taxon":"Plantae","rank":"species","user":"manacat","photo":"https://inaturalist-open-data.s3.amazonaws.com/photos/739917817/medium.jpg","url":"https://www.inaturalist.org/observations/403020710"},"geometry":{"type":"Point","coordinates":[-74.0315043709,40.6175911802]}},{"type":"Feature","properties":{"id":"inat-403019012","inat_id":403019012,"observed_on":"2026-09-24","taxon_id":9921,"name":"Scarlet Tanager","sci_name":"Piranga olivacea","iconic_taxon":"Aves","rank":"species","user":"nycnatureobserver","photo":"https://static.inaturalist.org/photos/739914190/medium.jpg","url":"https://www.inaturalist.org/observations/403019012"},"geometry":{"type":"Point","coordinates":[-73.9694886683,40.7801774419]}},{"type":"Feature","properties":{"id":"inat-403376181","inat_id":403376181,"observed_on":"2026-09-24","taxon_id":324726,"name":"Spotted Lanternfly","sci_name":"Lycorma delicatula","iconic_taxon":"Insecta","rank":"species","user":"elharo","photo":"https://static.inaturalist.org/photos/740612825/medium.jpg","url":"https://www.inaturalist.org/observations/403376181"},"geometry":{"type":"Point","coordinates":[-73.9694133333,40.6573066667]}},{"type":"Feature","properties":{"id":"inat-403376177","inat_id":403376177,"observed_on":"2026-09-24","taxon_id":792988,"name":"Downy Woodpecker","sci_name":"Dryobates pubescens","iconic_taxon":"Aves","rank":"species","user":"elharo","photo":"https://static.inaturalist.org/photos/740612801/medium.jpg","url":"https://www.inaturalist.org/observations/403376177"},"geometry":{"type":"Point","coordinates":[-73.9694366667,40.6572566667]}},{"type":"Feature","properties":{"id":"inat-403160585","inat_id":403160585,"observed_on":"2026-09-24","taxon_id":54809,"name":"pumpkin ash","sci_name":"Fraxinus profunda","iconic_taxon":"Plantae","rank":"species","user":"plbuttercup","photo":"https://inaturalist-open-data.s3.amazonaws.com/photos/740194020/medium.jpg","url":"https://www.inaturalist.org/observations/403160585"},"geometry":{"type":"Point","coordinates":[-73.8764737997,40.8588783]}},{"type":"Feature","properties":{"id":"inat-403257004","inat_id":403257004,"observed_on":"2026-09-24","taxon_id":49005,"name":"northern red oak","sci_name":"Quercus rubra","iconic_taxon":"Plantae","rank":"species","user":"id56","photo":"https://inaturalist-open-data.s3.amazonaws.com/photos/740382453/medium.jpg","url":"https://www.inaturalist.org/observations/403257004"},"geometry":{"type":"Point","coordinates":[-73.8370162764,40.857192407]}},{"type":"Feature","properties":{"id":"inat-403080645","inat_id":403080645,"observed_on":"2026-09-24","taxon_id":47911,"name":"common milkweed","sci_name":"Asclepias syriaca","iconic_taxon":"Plantae","rank":"species","user":"themadventureclub","photo":"https://inaturalist-open-data.s3.amazonaws.com/photos/740032215/medium.jpg","url":"https://www.inaturalist.org/observations/403080645"},"geometry":{"type":"Point","coordinates":[-73.9948521823,40.6570894529]}},{"type":"Feature","properties":{"id":"inat-403080307","inat_id":403080307,"observed_on":"2026-09-24","taxon_id":118970,"name":"Common Eastern Bumble Bee","sci_name":"Bombus impatiens","iconic_taxon":"Insecta","rank":"species","user":"themadventureclub","photo":"https://inaturalist-open-data.s3.amazonaws.com/photos/740031551/medium.jpg","url":"https://www.inaturalist.org/observations/403080307"},"geometry":{"type":"Point","coordinates":[-73.9944709871,40.6568857804]}},{"type":"Feature","properties":{"id":"inat-403080119","inat_id":403080119,"observed_on":"2026-09-24","taxon_id":52934,"name":"late boneset","sci_name":"Eupatorium serotinum","iconic_taxon":"Plantae","rank":"species","user":"themadventureclub","photo":"https://inaturalist-open-data.s3.amazonaws.com/photos/740031192/medium.jpg","url":"https://www.inaturalist.org/observations/403080119"},"geometry":{"type":"Point","coordinates":[-73.9943684599,40.6565067153]}},{"type":"Feature","properties":{"id":"inat-403376178","inat_id":403376178,"observed_on":"2026-09-24","taxon_id":5212,"name":"Red-tailed Hawk","sci_name":"Buteo jamaicensis","iconic_taxon":"Aves","rank":"species","user":"elharo","photo":"https://static.inaturalist.org/photos/740612817/medium.jpg","url":"https://www.inaturalist.org/observations/403376178"},"geometry":{"type":"Point","coordinates":[-73.971985,40.6631316667]}},{"type":"Feature","properties":{"id":"inat-403125801","inat_id":403125801,"observed_on":"2026-09-24","taxon_id":155106,"name":"Black-shouldered Drone Fly","sci_name":"Eristalis dimidiata","iconic_taxon":"Insecta","rank":"species","user":"meredith_huddleston","photo":"https://inaturalist-open-data.s3.amazonaws.com/photos/740122202/medium.jpg","url":"https://www.inaturalist.org/observations/403125801"},"geometry":{"type":"Point","coordinates":[-74.0148388833,40.7033616667]}},{"type":"Feature","properties":{"id":"inat-403079650","inat_id":403079650,"observed_on":"2026-09-24","taxon_id":49658,"name":"American sweetgum","sci_name":"Liquidambar styraciflua","iconic_taxon":"Plantae","rank":"species","user":"themadventureclub","photo":"https://inaturalist-open-data.s3.amazonaws.com/photos/740030346/medium.jpg","url":"https://www.inaturalist.org/observations/403079650"},"geometry":{"type":"Point","coordinates":[-73.9938032725,40.6554077696]}},{"type":"Feature","properties":{"id":"inat-403021890","inat_id":403021890,"observed_on":"2026-09-24","taxon_id":48484,"name":"Asian Lady Beetle","sci_name":"Harmonia axyridis","iconic_taxon":"Insecta","rank":"species","user":"manacat","photo":"https://inaturalist-open-data.s3.amazonaws.com/photos/739920012/medium.jpg","url":"https://www.inaturalist.org/observations/403021890"},"geometry":{"type":"Point","coordinates":[-74.0314710848,40.6175759333]}},{"type":"Feature","properties":{"id":"inat-403160499","inat_id":403160499,"observed_on":"2026-09-24","taxon_id":604465,"name":"Paspalum thunbergii","sci_name":"Paspalum thunbergii","iconic_taxon":"Plantae","rank":"species","user":"plbuttercup","photo":"https://inaturalist-open-data.s3.amazonaws.com/photos/740193832/medium.jpg","url":"https://www.inaturalist.org/observations/403160499"},"geometry":{"type":"Point","coordinates":[-73.8803237,40.8637427997]}},{"type":"Feature","properties":{"id":"inat-403265317","inat_id":403265317,"observed_on":"2026-09-24","taxon_id":604465,"name":"Paspalum thunbergii","sci_name":"Paspalum thunbergii","iconic_taxon":"Plantae","rank":"species","user":"devoncummings","photo":"https://inaturalist-open-data.s3.amazonaws.com/photos/740398729/medium.jpg","url":"https://www.inaturalist.org/observations/403265317"},"geometry":{"type":"Point","coordinates":[-73.8803194444,40.8637194444]}},{"type":"Feature","properties":{"id":"inat-403036969","inat_id":403036969,"observed_on":"2026-09-24","taxon_id":558439,"name":"Gadwall","sci_name":"Mareca strepera","iconic_taxon":"Aves","rank":"species","user":"kls072892","photo":"https://inaturalist-open-data.s3.amazonaws.com/photos/739948188/medium.jpg","url":"https://www.inaturalist.org/observations/403036969"},"geometry":{"type":"Point","coordinates":[-73.9611083333,40.7947388889]}},{"type":"Feature","properties":{"id":"inat-403036907","inat_id":403036907,"observed_on":"2026-09-24","taxon_id":558439,"name":"Gadwall","sci_name":"Mareca strepera","iconic_taxon":"Aves","rank":"species","user":"kls072892","photo":"https://inaturalist-open-data.s3.amazonaws.com/photos/739948031/medium.jpg","url":"https://www.inaturalist.org/observations/403036907"},"geometry":{"type":"Point","coordinates":[-73.9603388889,40.7947083333]}},{"type":"Feature","properties":{"id":"inat-403037012","inat_id":403037012,"observed_on":"2026-09-24","taxon_id":17008,"name":"Eastern Phoebe","sci_name":"Sayornis phoebe","iconic_taxon":"Aves","rank":"species","user":"kls072892","photo":"https://inaturalist-open-data.s3.amazonaws.com/photos/739948268/medium.jpg","url":"https://www.inaturalist.org/observations/403037012"},"geometry":{"type":"Point","coordinates":[-73.9604111111,40.7947722222]}},{"type":"Feature","properties":{"id":"inat-403376184","inat_id":403376184,"observed_on":"2026-09-24","taxon_id":6921,"name":"Mute Swan","sci_name":"Cygnus olor","iconic_taxon":"Aves","rank":"species","user":"elharo","photo":"https://static.inaturalist.org/photos/740612831/medium.jpg","url":"https://www.inaturalist.org/observations/403376184"},"geometry":{"type":"Point","coordinates":[-73.971985,40.6631316667]}},{"type":"Feature","properties":{"id":"inat-403006304","inat_id":403006304,"observed_on":"2026-09-24","taxon_id":51271,"name":"Red-eared Slider","sci_name":"Trachemys scripta elegans","iconic_taxon":"Reptilia","rank":"subspecies","user":"rjhawk","photo":"https://inaturalist-open-data.s3.amazonaws.com/photos/739890535/medium.jpg","url":"https://www.inaturalist.org/observations/403006304"},"geometry":{"type":"Point","coordinates":[-73.8404166667,40.752555]}},{"type":"Feature","properties":{"id":"inat-403160450","inat_id":403160450,"observed_on":"2026-09-24","taxon_id":604465,"name":"Paspalum thunbergii","sci_name":"Paspalum thunbergii","iconic_taxon":"Plantae","rank":"species","user":"plbuttercup","photo":"https://inaturalist-open-data.s3.amazonaws.com/photos/740193772/medium.jpg","url":"https://www.inaturalist.org/observations/403160450"},"geometry":{"type":"Point","coordinates":[-73.8783317997,40.8623119]}},{"type":"Feature","properties":{"id":"inat-403376185","inat_id":403376185,"observed_on":"2026-09-24","taxon_id":7107,"name":"Wood Duck","sci_name":"Aix sponsa","iconic_taxon":"Aves","rank":"species","user":"elharo","photo":"https://static.inaturalist.org/photos/740612841/medium.jpg","url":"https://www.inaturalist.org/observations/403376185"},"geometry":{"type":"Point","coordinates":[-73.971985,40.6631316667]}},{"type":"Feature","properties":{"id":"inat-403097168","inat_id":403097168,"observed_on":"2026-09-24","taxon_id":46017,"name":"Eastern Gray Squirrel","sci_name":"Sciurus carolinensis","iconic_taxon":"Mammalia","rank":"species","user":"scottedmunds","photo":"https://inaturalist-open-data.s3.amazonaws.com/photos/740065853/medium.jpg","url":"https://www.inaturalist.org/observations/403097168"},"geometry":{"type":"Point","coordinates":[-73.94317,40.79333]}},{"type":"Feature","properties":{"id":"inat-403160423","inat_id":403160423,"observed_on":"2026-09-24","taxon_id":604465,"name":"Paspalum thunbergii","sci_name":"Paspalum thunbergii","iconic_taxon":"Plantae","rank":"species","user":"plbuttercup","photo":"https://inaturalist-open-data.s3.amazonaws.com/photos/740193669/medium.jpg","url":"https://www.inaturalist.org/observations/403160423"},"geometry":{"type":"Point","coordinates":[-73.8790905,40.8594659997]}},{"type":"Feature","properties":{"id":"inat-403134030","inat_id":403134030,"observed_on":"2026-09-24","taxon_id":604465,"name":"Paspalum thunbergii","sci_name":"Paspalum thunbergii","iconic_taxon":"Plantae","rank":"species","user":"plbuttercup","photo":"https://inaturalist-open-data.s3.amazonaws.com/photos/740138512/medium.jpg","url":"https://www.inaturalist.org/observations/403134030"},"geometry":{"type":"Point","coordinates":[-73.8790754997,40.8594587997]}},{"type":"Feature","properties":{"id":"inat-403376198","inat_id":403376198,"observed_on":"2026-09-24","taxon_id":10286,"name":"Black-and-white Warbler","sci_name":"Mniotilta varia","iconic_taxon":"Aves","rank":"species","user":"elharo","photo":"https://static.inaturalist.org/photos/740612880/medium.jpg","url":"https://www.inaturalist.org/observations/403376198"},"geometry":{"type":"Point","coordinates":[-73.971985,40.6631316667]}},{"type":"Feature","properties":{"id":"inat-403376188","inat_id":403376188,"observed_on":"2026-09-24","taxon_id":9721,"name":"Common Yellowthroat","sci_name":"Geothlypis trichas","iconic_taxon":"Aves","rank":"species","user":"elharo","photo":"https://static.inaturalist.org/photos/740612851/medium.jpg","url":"https://www.inaturalist.org/observations/403376188"},"geometry":{"type":"Point","coordinates":[-73.971985,40.6631316667]}},{"type":"Feature","properties":{"id":"inat-403077146","inat_id":403077146,"observed_on":"2026-09-24","taxon_id":14850,"name":"European Starling","sci_name":"Sturnus vulgaris","iconic_taxon":"Aves","rank":"species","user":"kbbutler","photo":"https://inaturalist-open-data.s3.amazonaws.com/photos/740025513/medium.jpg","url":"https://www.inaturalist.org/observations/403077146"},"geometry":{"type":"Point","coordinates":[-73.9677359325,40.7770350027]}},{"type":"Feature","properties":{"id":"inat-403074738","inat_id":403074738,"observed_on":"2026-09-24","taxon_id":9083,"name":"Northern Cardinal","sci_name":"Cardinalis cardinalis","iconic_taxon":"Aves","rank":"species","user":"kbbutler","photo":"https://inaturalist-open-data.s3.amazonaws.com/photos/740020904/medium.jpg","url":"https://www.inaturalist.org/observations/403074738"},"geometry":{"type":"Point","coordinates":[-73.9676314041,40.7771336482]}},{"type":"Feature","properties":{"id":"inat-403376197","inat_id":403376197,"observed_on":"2026-09-24","taxon_id":12727,"name":"American Robin","sci_name":"Turdus migratorius","iconic_taxon":"Aves","rank":"species","user":"elharo","photo":"https://static.inaturalist.org/photos/740612870/medium.jpg","url":"https://www.inaturalist.org/observations/403376197"},"geometry":{"type":"Point","coordinates":[-73.971985,40.6631316667]}},{"type":"Feature","properties":{"id":"inat-403037044","inat_id":403037044,"observed_on":"2026-09-24","taxon_id":199916,"name":"Black-throated Blue Warbler","sci_name":"Setophaga caerulescens","iconic_taxon":"Aves","rank":"species","user":"kls072892","photo":"https://inaturalist-open-data.s3.amazonaws.com/photos/739948380/medium.jpg","url":"https://www.inaturalist.org/observations/403037044"},"geometry":{"type":"Point","coordinates":[-73.9568361111,40.7948888889]}},{"type":"Feature","properties":{"id":"inat-403133439","inat_id":403133439,"observed_on":"2026-09-24","taxon_id":604465,"name":"Paspalum thunbergii","sci_name":"Paspalum thunbergii","iconic_taxon":"Plantae","rank":"species","user":"plbuttercup","photo":"https://inaturalist-open-data.s3.amazonaws.com/photos/740193526/medium.jpg","url":"https://www.inaturalist.org/observations/403133439"},"geometry":{"type":"Point","coordinates":[-73.8797730997,40.8618347997]}},{"type":"Feature","properties":{"id":"inat-403037070","inat_id":403037070,"observed_on":"2026-09-24","taxon_id":199916,"name":"Black-throated Blue Warbler","sci_name":"Setophaga caerulescens","iconic_taxon":"Aves","rank":"species","user":"kls072892","photo":"https://inaturalist-open-data.s3.amazonaws.com/photos/739948466/medium.jpg","url":"https://www.inaturalist.org/observations/403037070"},"geometry":{"type":"Point","coordinates":[-73.9567361111,40.7904083333]}},{"type":"Feature","properties":{"id":"inat-403122174","inat_id":403122174,"observed_on":"2026-09-24","taxon_id":79141,"name":"black nightshade","sci_name":"Solanum nigrum","iconic_taxon":"Plantae","rank":"species","user":"scottedmunds","photo":"https://inaturalist-open-data.s3.amazonaws.com/photos/740114330/medium.jpg","url":"https://www.inaturalist.org/observations/403122174"},"geometry":{"type":"Point","coordinates":[-73.9424283333,40.8036366667]}},{"type":"Feature","properties":{"id":"inat-403122295","inat_id":403122295,"observed_on":"2026-09-24","taxon_id":52927,"name":"Asiatic dayflower","sci_name":"Commelina communis","iconic_taxon":"Plantae","rank":"species","user":"scottedmunds","photo":"https://inaturalist-open-data.s3.amazonaws.com/photos/740114507/medium.jpg","url":"https://www.inaturalist.org/observations/403122295"},"geometry":{"type":"Point","coordinates":[-73.941925,40.804495]}},{"type":"Feature","properties":{"id":"inat-403122322","inat_id":403122322,"observed_on":"2026-09-24","taxon_id":46017,"name":"Eastern Gray Squirrel","sci_name":"Sciurus carolinensis","iconic_taxon":"Mammalia","rank":"species","user":"scottedmunds","photo":"https://inaturalist-open-data.s3.amazonaws.com/photos/740114558/medium.jpg","url":"https://www.inaturalist.org/observations/403122322"},"geometry":{"type":"Point","coordinates":[-73.942305,40.8052133333]}},{"type":"Feature","properties":{"id":"inat-402994370","inat_id":402994370,"observed_on":"2026-09-24","taxon_id":145435,"name":"cinnamon willowherb","sci_name":"Epilobium coloratum","iconic_taxon":"Plantae","rank":"species","user":"weeder3812","photo":"https://inaturalist-open-data.s3.amazonaws.com/photos/739868502/medium.jpg","url":"https://www.inaturalist.org/observations/402994370"},"geometry":{"type":"Point","coordinates":[-73.9757107839,40.6930664136]}},{"type":"Feature","properties":{"id":"inat-402994337","inat_id":402994337,"observed_on":"2026-09-24","taxon_id":18205,"name":"Red-bellied Woodpecker","sci_name":"Melanerpes carolinus","iconic_taxon":"Aves","rank":"species","user":"emisterdouglas","photo":"https://inaturalist-open-data.s3.amazonaws.com/photos/739868486/medium.jpg","url":"https://www.inaturalist.org/observations/402994337"},"geometry":{"type":"Point","coordinates":[-73.9681042997,40.7746764997]}},{"type":"Feature","properties":{"id":"inat-403122228","inat_id":403122228,"observed_on":"2026-09-24","taxon_id":14850,"name":"European Starling","sci_name":"Sturnus vulgaris","iconic_taxon":"Aves","rank":"species","user":"scottedmunds","photo":"https://inaturalist-open-data.s3.amazonaws.com/photos/740114443/medium.jpg","url":"https://www.inaturalist.org/observations/403122228"},"geometry":{"type":"Point","coordinates":[-73.9430916667,40.80663]}},{"type":"Feature","properties":{"id":"inat-403304565","inat_id":403304565,"observed_on":"2026-09-24","taxon_id":4672,"name":"Merlin","sci_name":"Falco columbarius","iconic_taxon":"Aves","rank":"species","user":"elharo","photo":"https://static.inaturalist.org/photos/740473335/medium.jpg","url":"https://www.inaturalist.org/observations/403304565"},"geometry":{"type":"Point","coordinates":[-73.9678033333,40.6701583333]}},{"type":"Feature","properties":{"id":"inat-403037126","inat_id":403037126,"observed_on":"2026-09-24","taxon_id":10247,"name":"American Redstart","sci_name":"Setophaga ruticilla","iconic_taxon":"Aves","rank":"species","user":"kls072892","photo":"https://inaturalist-open-data.s3.amazonaws.com/photos/739948588/medium.jpg","url":"https://www.inaturalist.org/observations/403037126"},"geometry":{"type":"Point","coordinates":[-73.9600333333,40.7954]}},{"type":"Feature","properties":{"id":"inat-402992751","inat_id":402992751,"observed_on":"2026-09-24","taxon_id":48599,"name":"American pokeweed","sci_name":"Phytolacca americana","iconic_taxon":"Plantae","rank":"species","user":"mrforest","photo":"https://inaturalist-open-data.s3.amazonaws.com/photos/739865311/medium.jpg","url":"https://www.inaturalist.org/observations/402992751"},"geometry":{"type":"Point","coordinates":[-73.8626866667,40.8968666667]}},{"type":"Feature","properties":{"id":"inat-402993024","inat_id":402993024,"observed_on":"2026-09-24","taxon_id":144047,"name":"American jumpseed","sci_name":"Persicaria virginiana","iconic_taxon":"Plantae","rank":"species","user":"mrforest","photo":"https://inaturalist-open-data.s3.amazonaws.com/photos/739865899/medium.jpg","url":"https://www.inaturalist.org/observations/402993024"},"geometry":{"type":"Point","coordinates":[-73.8626866667,40.8970416667]}},{"type":"Feature","properties":{"id":"inat-403037167","inat_id":403037167,"observed_on":"2026-09-24","taxon_id":17402,"name":"Blue-headed Vireo","sci_name":"Vireo solitarius","iconic_taxon":"Aves","rank":"species","user":"kls072892","photo":"https://inaturalist-open-data.s3.amazonaws.com/photos/739948679/medium.jpg","url":"https://www.inaturalist.org/observations/403037167"},"geometry":{"type":"Point","coordinates":[-73.9577305556,40.7970722222]}},{"type":"Feature","properties":{"id":"inat-403069956","inat_id":403069956,"observed_on":"2026-09-24","taxon_id":46017,"name":"Eastern Gray Squirrel","sci_name":"Sciurus carolinensis","iconic_taxon":"Mammalia","rank":"species","user":"kbbutler","photo":"https://inaturalist-open-data.s3.amazonaws.com/photos/740011773/medium.jpg","url":"https://www.inaturalist.org/observations/403069956"},"geometry":{"type":"Point","coordinates":[-73.9710324102,40.7783974618]}},{"type":"Feature","properties":{"id":"inat-402982624","inat_id":402982624,"observed_on":"2026-09-24","taxon_id":13858,"name":"House Sparrow","sci_name":"Passer domesticus","iconic_taxon":"Aves","rank":"species","user":"pigeon_appreciator","photo":"https://inaturalist-open-data.s3.amazonaws.com/photos/739846571/medium.jpg","url":"https://www.inaturalist.org/observations/402982624"},"geometry":{"type":"Point","coordinates":[-73.9718383333,40.802655]}},{"type":"Feature","properties":{"id":"inat-402982292","inat_id":402982292,"observed_on":"2026-09-24","taxon_id":6930,"name":"Mallard","sci_name":"Anas platyrhynchos","iconic_taxon":"Aves","rank":"species","user":"lucia_alexeyev","photo":"https://inaturalist-open-data.s3.amazonaws.com/photos/739846007/medium.jpg","url":"https://www.inaturalist.org/observations/402982292"},"geometry":{"type":"Point","coordinates":[-73.9608272221,40.7944776976]}},{"type":"Feature","properties":{"id":"inat-403393912","inat_id":403393912,"observed_on":"2026-09-24","taxon_id":129251,"name":"Restless Bush Cricket","sci_name":"Hapithus agitator","iconic_taxon":"Insecta","rank":"species","user":"nonavianry","photo":"https://inaturalist-open-data.s3.amazonaws.com/photos/740649915/medium.jpg","url":"https://www.inaturalist.org/observations/403393912"},"geometry":{"type":"Point","coordinates":[-73.8943152969,40.9026944192]}},{"type":"Feature","properties":{"id":"inat-403098610","inat_id":403098610,"observed_on":"2026-09-24","taxon_id":129251,"name":"Restless Bush Cricket","sci_name":"Hapithus agitator","iconic_taxon":"Insecta","rank":"species","user":"nonavianry","photo":"https://inaturalist-open-data.s3.amazonaws.com/photos/740068959/medium.jpg","url":"https://www.inaturalist.org/observations/403098610"},"geometry":{"type":"Point","coordinates":[-73.89431611,40.9026959092]}},{"type":"Feature","properties":{"id":"inat-402981334","inat_id":402981334,"observed_on":"2026-09-24","taxon_id":1070908,"name":"Asiatic Wall Jumping Spider","sci_name":"Attulus fasciger","iconic_taxon":"Arachnida","rank":"species","user":"nikwisnie","photo":"https://inaturalist-open-data.s3.amazonaws.com/photos/739844121/medium.jpg","url":"https://www.inaturalist.org/observations/402981334"},"geometry":{"type":"Point","coordinates":[-73.9043234936,40.705186596]}},{"type":"Feature","properties":{"id":"inat-402979095","inat_id":402979095,"observed_on":"2026-09-24","taxon_id":48599,"name":"American pokeweed","sci_name":"Phytolacca americana","iconic_taxon":"Plantae","rank":"species","user":"elharo","photo":"https://static.inaturalist.org/photos/739840488/medium.jpg","url":"https://www.inaturalist.org/observations/402979095"},"geometry":{"type":"Point","coordinates":[-73.9655545812,40.6664229449]}},{"type":"Feature","properties":{"id":"inat-402978900","inat_id":402978900,"observed_on":"2026-09-24","taxon_id":119792,"name":"princess tree","sci_name":"Paulownia tomentosa","iconic_taxon":"Plantae","rank":"species","user":"elharo","photo":"https://static.inaturalist.org/photos/739840136/medium.jpg","url":"https://www.inaturalist.org/observations/402978900"},"geometry":{"type":"Point","coordinates":[-73.9658136491,40.6667229608]}},{"type":"Feature","properties":{"id":"inat-402978959","inat_id":402978959,"observed_on":"2026-09-24","taxon_id":128032,"name":"Paper mulberry","sci_name":"Broussonetia papyrifera","iconic_taxon":"Plantae","rank":"species","user":"lisasees","photo":"https://inaturalist-open-data.s3.amazonaws.com/photos/739840343/medium.jpg","url":"https://www.inaturalist.org/observations/402978959"},"geometry":{"type":"Point","coordinates":[-73.9646845507,40.7289958311]}},{"type":"Feature","properties":{"id":"inat-402976772","inat_id":402976772,"observed_on":"2026-09-24","taxon_id":4956,"name":"Great Blue Heron","sci_name":"Ardea herodias","iconic_taxon":"Aves","rank":"species","user":"lucia_alexeyev","photo":"https://inaturalist-open-data.s3.amazonaws.com/photos/739835719/medium.jpg","url":"https://www.inaturalist.org/observations/402976772"},"geometry":{"type":"Point","coordinates":[-73.9599935454,40.7945213227]}},{"type":"Feature","properties":{"id":"inat-402975197","inat_id":402975197,"observed_on":"2026-09-24","taxon_id":9602,"name":"Common Grackle","sci_name":"Quiscalus quiscula","iconic_taxon":"Aves","rank":"species","user":"julesgh1","photo":"https://inaturalist-open-data.s3.amazonaws.com/photos/739831944/medium.jpg","url":"https://www.inaturalist.org/observations/402975197"},"geometry":{"type":"Point","coordinates":[-74.0587611667,40.8909533333]}},{"type":"Feature","properties":{"id":"inat-403098540","inat_id":403098540,"observed_on":"2026-09-24","taxon_id":50278,"name":"Virginia creeper","sci_name":"Parthenocissus quinquefolia","iconic_taxon":"Plantae","rank":"species","user":"nonavianry","photo":"https://inaturalist-open-data.s3.amazonaws.com/photos/740068785/medium.jpg","url":"https://www.inaturalist.org/observations/403098540"},"geometry":{"type":"Point","coordinates":[-73.893915983,40.8996433765]}},{"type":"Feature","properties":{"id":"inat-403376205","inat_id":403376205,"observed_on":"2026-09-24","taxon_id":3454,"name":"Mourning Dove","sci_name":"Zenaida macroura","iconic_taxon":"Aves","rank":"species","user":"elharo","photo":"https://static.inaturalist.org/photos/740612913/medium.jpg","url":"https://www.inaturalist.org/observations/403376205"},"geometry":{"type":"Point","coordinates":[-73.96901,40.6713866667]}},{"type":"Feature","properties":{"id":"inat-403376208","inat_id":403376208,"observed_on":"2026-09-24","taxon_id":16100,"name":"Eastern Wood-Pewee","sci_name":"Contopus virens","iconic_taxon":"Aves","rank":"species","user":"elharo","photo":"https://static.inaturalist.org/photos/740612904/medium.jpg","url":"https://www.inaturalist.org/observations/403376208"},"geometry":{"type":"Point","coordinates":[-73.96901,40.6713866667]}},{"type":"Feature","properties":{"id":"inat-403098468","inat_id":403098468,"observed_on":"2026-09-24","taxon_id":4364,"name":"Ring-billed Gull","sci_name":"Larus delawarensis","iconic_taxon":"Aves","rank":"species","user":"nonavianry","photo":"https://inaturalist-open-data.s3.amazonaws.com/photos/740068685/medium.jpg","url":"https://www.inaturalist.org/observations/403098468"},"geometry":{"type":"Point","coordinates":[-73.8952754845,40.896127837]}},{"type":"Feature","properties":{"id":"inat-402973334","inat_id":402973334,"observed_on":"2026-09-24","taxon_id":261464,"name":"Red-shouldered Stink Bug","sci_name":"Thyanta custator","iconic_taxon":"Insecta","rank":"species","user":"pawelp","photo":"https://inaturalist-open-data.s3.amazonaws.com/photos/739828893/medium.jpg","url":"https://www.inaturalist.org/observations/402973334"},"geometry":{"type":"Point","coordinates":[-73.999289,40.6948599722]}},{"type":"Feature","properties":{"id":"inat-402972470","inat_id":402972470,"observed_on":"2026-09-24","taxon_id":52856,"name":"common mugwort","sci_name":"Artemisia vulgaris","iconic_taxon":"Plantae","rank":"species","user":"elharo","photo":"https://static.inaturalist.org/photos/739827125/medium.jpg","url":"https://www.inaturalist.org/observations/402972470"},"geometry":{"type":"Point","coordinates":[-73.9696299822,40.6723314191]}},{"type":"Feature","properties":{"id":"inat-403417002","inat_id":403417002,"observed_on":"2026-09-24","taxon_id":16100,"name":"Eastern Wood-Pewee","sci_name":"Contopus virens","iconic_taxon":"Aves","rank":"species","user":"jbnerd","photo":"https://inaturalist-open-data.s3.amazonaws.com/photos/740698261/medium.jpg","url":"https://www.inaturalist.org/observations/403417002"},"geometry":{"type":"Point","coordinates":[-73.957615681,40.7947628467]}},{"type":"Feature","properties":{"id":"inat-403416864","inat_id":403416864,"observed_on":"2026-09-24","taxon_id":73149,"name":"Northern Waterthrush","sci_name":"Parkesia noveboracensis","iconic_taxon":"Aves","rank":"species","user":"jbnerd","photo":"https://inaturalist-open-data.s3.amazonaws.com/photos/740697956/medium.jpg","url":"https://www.inaturalist.org/observations/403416864"},"geometry":{"type":"Point","coordinates":[-73.9582242072,40.7946610638]}},{"type":"Feature","properties":{"id":"inat-403416638","inat_id":403416638,"observed_on":"2026-09-24","taxon_id":792988,"name":"Downy Woodpecker","sci_name":"Dryobates pubescens","iconic_taxon":"Aves","rank":"species","user":"jbnerd","photo":"https://inaturalist-open-data.s3.amazonaws.com/photos/740697549/medium.jpg","url":"https://www.inaturalist.org/observations/403416638"},"geometry":{"type":"Point","coordinates":[-73.9578443393,40.7946240057]}},{"type":"Feature","properties":{"id":"inat-402965182","inat_id":402965182,"observed_on":"2026-09-24","taxon_id":61119,"name":"winterberry holly","sci_name":"Ilex verticillata","iconic_taxon":"Plantae","rank":"species","user":"sameerajmani","photo":"https://static.inaturalist.org/photos/739812847/medium.jpg","url":"https://www.inaturalist.org/observations/402965182"},"geometry":{"type":"Point","coordinates":[-73.8769002632,40.7852041668]}},{"type":"Feature","properties":{"id":"inat-402915015","inat_id":402915015,"observed_on":"2026-09-23","taxon_id":55626,"name":"Small White","sci_name":"Pieris rapae","iconic_taxon":"Insecta","rank":"species","user":"gfowler23","photo":"https://inaturalist-open-data.s3.amazonaws.com/photos/739714633/medium.jpg","url":"https://www.inaturalist.org/observations/402915015"},"geometry":{"type":"Point","coordinates":[-73.9487383333,40.6746333333]}},{"type":"Feature","properties":{"id":"inat-402904544","inat_id":402904544,"observed_on":"2026-09-23","taxon_id":13858,"name":"House Sparrow","sci_name":"Passer domesticus","iconic_taxon":"Aves","rank":"species","user":"byjoetrezza","photo":"https://static.inaturalist.org/photos/739694144/medium.jpg","url":"https://www.inaturalist.org/observations/402904544"},"geometry":{"type":"Point","coordinates":[-73.9503964143,40.7208691358]}},{"type":"Feature","properties":{"id":"inat-402891754","inat_id":402891754,"observed_on":"2026-09-23","taxon_id":55487,"name":"Spotted Cucumber Beetle","sci_name":"Diabrotica undecimpunctata","iconic_taxon":"Insecta","rank":"species","user":"bassant_elgengihy","photo":"https://inaturalist-open-data.s3.amazonaws.com/photos/739667632/medium.jpg","url":"https://www.inaturalist.org/observations/402891754"},"geometry":{"type":"Point","coordinates":[-73.9746419727,40.7952105287]}},{"type":"Feature","properties":{"id":"inat-402868730","inat_id":402868730,"observed_on":"2026-09-23","taxon_id":48484,"name":"Asian Lady Beetle","sci_name":"Harmonia axyridis","iconic_taxon":"Insecta","rank":"species","user":"predominantly_pigeon","photo":"https://inaturalist-open-data.s3.amazonaws.com/photos/739619576/medium.jpg","url":"https://www.inaturalist.org/observations/402868730"},"geometry":{"type":"Point","coordinates":[-73.864455,40.8332833333]}},{"type":"Feature","properties":{"id":"inat-403091671","inat_id":403091671,"observed_on":"2026-09-23","taxon_id":12727,"name":"American Robin","sci_name":"Turdus migratorius","iconic_taxon":"Aves","rank":"species","user":"graceleeboggs","photo":"https://static.inaturalist.org/photos/740058835/medium.jpg","url":"https://www.inaturalist.org/observations/403091671"},"geometry":{"type":"Point","coordinates":[-73.72296714,40.6061174796]}},{"type":"Feature","properties":{"id":"inat-403171311","inat_id":403171311,"observed_on":"2026-09-23","taxon_id":76907,"name":"horseweed","sci_name":"Erigeron canadensis","iconic_taxon":"Plantae","rank":"species","user":"ternterntern","photo":"https://inaturalist-open-data.s3.amazonaws.com/photos/740215266/medium.jpg","url":"https://www.inaturalist.org/observations/403171311"},"geometry":{"type":"Point","coordinates":[-73.9247283333,40.8763866667]}},{"type":"Feature","properties":{"id":"inat-402855800","inat_id":402855800,"observed_on":"2026-09-23","taxon_id":44576,"name":"Brown Rat","sci_name":"Rattus norvegicus","iconic_taxon":"Mammalia","rank":"species","user":"superkoolio","photo":"https://inaturalist-open-data.s3.amazonaws.com/photos/739593851/medium.jpg","url":"https://www.inaturalist.org/observations/402855800"},"geometry":{"type":"Point","coordinates":[-73.996505,40.7307383333]}},{"type":"Feature","properties":{"id":"inat-402855525","inat_id":402855525,"observed_on":"2026-09-23","taxon_id":12727,"name":"American Robin","sci_name":"Turdus migratorius","iconic_taxon":"Aves","rank":"species","user":"superkoolio","photo":"https://inaturalist-open-data.s3.amazonaws.com/photos/739593184/medium.jpg","url":"https://www.inaturalist.org/observations/402855525"},"geometry":{"type":"Point","coordinates":[-73.9961,40.730705]}},{"type":"Feature","properties":{"id":"inat-403330278","inat_id":403330278,"observed_on":"2026-09-23","taxon_id":4956,"name":"Great Blue Heron","sci_name":"Ardea herodias","iconic_taxon":"Aves","rank":"species","user":"rshn","photo":"https://inaturalist-open-data.s3.amazonaws.com/photos/740522882/medium.jpg","url":"https://www.inaturalist.org/observations/403330278"},"geometry":{"type":"Point","coordinates":[-73.9674689731,40.6577771604]}},{"type":"Feature","properties":{"id":"inat-402851813","inat_id":402851813,"observed_on":"2026-09-23","taxon_id":54785,"name":"pin oak","sci_name":"Quercus palustris","iconic_taxon":"Plantae","rank":"species","user":"jjbeetle","photo":"https://static.inaturalist.org/photos/739586790/medium.jpg","url":"https://www.inaturalist.org/observations/402851813"},"geometry":{"type":"Point","coordinates":[-73.9939193726,40.7352828979]}},{"type":"Feature","properties":{"id":"inat-402908910","inat_id":402908910,"observed_on":"2026-09-23","taxon_id":6571,"name":"Chimney Swift","sci_name":"Chaetura pelagica","iconic_taxon":"Aves","rank":"species","user":"byjoetrezza","photo":"https://static.inaturalist.org/photos/739703535/medium.jpg","url":"https://www.inaturalist.org/observations/402908910"},"geometry":{"type":"Point","coordinates":[-73.9513488,40.7210405]}},{"type":"Feature","properties":{"id":"inat-402908906","inat_id":402908906,"observed_on":"2026-09-23","taxon_id":4647,"name":"Peregrine Falcon","sci_name":"Falco peregrinus","iconic_taxon":"Aves","rank":"species","user":"byjoetrezza","photo":"https://static.inaturalist.org/photos/739703490/medium.jpg","url":"https://www.inaturalist.org/observations/402908906"},"geometry":{"type":"Point","coordinates":[-73.9513488,40.7210405]}},{"type":"Feature","properties":{"id":"inat-402908904","inat_id":402908904,"observed_on":"2026-09-23","taxon_id":13858,"name":"House Sparrow","sci_name":"Passer domesticus","iconic_taxon":"Aves","rank":"species","user":"byjoetrezza","photo":"https://static.inaturalist.org/photos/739703479/medium.jpg","url":"https://www.inaturalist.org/observations/402908904"},"geometry":{"type":"Point","coordinates":[-73.9513488,40.7210405]}},{"type":"Feature","properties":{"id":"inat-402908903","inat_id":402908903,"observed_on":"2026-09-23","taxon_id":13858,"name":"House Sparrow","sci_name":"Passer domesticus","iconic_taxon":"Aves","rank":"species","user":"byjoetrezza","photo":"https://static.inaturalist.org/photos/739703469/medium.jpg","url":"https://www.inaturalist.org/observations/402908903"},"geometry":{"type":"Point","coordinates":[-73.9513488,40.7210405]}},{"type":"Feature","properties":{"id":"inat-402908900","inat_id":402908900,"observed_on":"2026-09-23","taxon_id":10373,"name":"Brown-headed Cowbird","sci_name":"Molothrus ater","iconic_taxon":"Aves","rank":"species","user":"byjoetrezza","photo":"https://static.inaturalist.org/photos/739703424/medium.jpg","url":"https://www.inaturalist.org/observations/402908900"},"geometry":{"type":"Point","coordinates":[-73.9513488,40.7210405]}},{"type":"Feature","properties":{"id":"inat-402908898","inat_id":402908898,"observed_on":"2026-09-23","taxon_id":13858,"name":"House Sparrow","sci_name":"Passer domesticus","iconic_taxon":"Aves","rank":"species","user":"byjoetrezza","photo":"https://static.inaturalist.org/photos/739703370/medium.jpg","url":"https://www.inaturalist.org/observations/402908898"},"geometry":{"type":"Point","coordinates":[-73.9513488,40.7210405]}},{"type":"Feature","properties":{"id":"inat-402908897","inat_id":402908897,"observed_on":"2026-09-23","taxon_id":13858,"name":"House Sparrow","sci_name":"Passer domesticus","iconic_taxon":"Aves","rank":"species","user":"byjoetrezza","photo":"https://static.inaturalist.org/photos/739703369/medium.jpg","url":"https://www.inaturalist.org/observations/402908897"},"geometry":{"type":"Point","coordinates":[-73.9513488,40.7210405]}},{"type":"Feature","properties":{"id":"inat-402908894","inat_id":402908894,"observed_on":"2026-09-23","taxon_id":9721,"name":"Common Yellowthroat","sci_name":"Geothlypis trichas","iconic_taxon":"Aves","rank":"species","user":"byjoetrezza","photo":"https://static.inaturalist.org/photos/739703352/medium.jpg","url":"https://www.inaturalist.org/observations/402908894"},"geometry":{"type":"Point","coordinates":[-73.9513488,40.7210405]}},{"type":"Feature","properties":{"id":"inat-402885517","inat_id":402885517,"observed_on":"2026-09-23","taxon_id":6921,"name":"Mute Swan","sci_name":"Cygnus olor","iconic_taxon":"Aves","rank":"species","user":"asfrankie","photo":"https://inaturalist-open-data.s3.amazonaws.com/photos/739655488/medium.jpg","url":"https://www.inaturalist.org/observations/402885517"},"geometry":{"type":"Point","coordinates":[-73.964905,40.65685]}},{"type":"Feature","properties":{"id":"inat-402850973","inat_id":402850973,"observed_on":"2026-09-23","taxon_id":13858,"name":"House Sparrow","sci_name":"Passer domesticus","iconic_taxon":"Aves","rank":"species","user":"emrocha31","photo":"https://inaturalist-open-data.s3.amazonaws.com/photos/739585425/medium.jpg","url":"https://www.inaturalist.org/observations/402850973"},"geometry":{"type":"Point","coordinates":[-73.9650116667,40.6571833333]}},{"type":"Feature","properties":{"id":"inat-402885799","inat_id":402885799,"observed_on":"2026-09-23","taxon_id":6930,"name":"Mallard","sci_name":"Anas platyrhynchos","iconic_taxon":"Aves","rank":"species","user":"asfrankie","photo":"https://inaturalist-open-data.s3.amazonaws.com/photos/739656094/medium.jpg","url":"https://www.inaturalist.org/observations/402885799"},"geometry":{"type":"Point","coordinates":[-73.96505,40.6576833333]}},{"type":"Feature","properties":{"id":"inat-403154100","inat_id":403154100,"observed_on":"2026-09-23","taxon_id":10286,"name":"Black-and-white Warbler","sci_name":"Mniotilta varia","iconic_taxon":"Aves","rank":"species","user":"nicolesikora","photo":"https://static.inaturalist.org/photos/740168892/medium.jpg","url":"https://www.inaturalist.org/observations/403154100"},"geometry":{"type":"Point","coordinates":[-73.9699367635,40.777730499]}},{"type":"Feature","properties":{"id":"inat-402885414","inat_id":402885414,"observed_on":"2026-09-23","taxon_id":8229,"name":"Blue Jay","sci_name":"Cyanocitta cristata","iconic_taxon":"Aves","rank":"species","user":"asfrankie","photo":"https://inaturalist-open-data.s3.amazonaws.com/photos/739655250/medium.jpg","url":"https://www.inaturalist.org/observations/402885414"},"geometry":{"type":"Point","coordinates":[-73.965195,40.6626033333]}},{"type":"Feature","properties":{"id":"inat-402885627","inat_id":402885627,"observed_on":"2026-09-23","taxon_id":9083,"name":"Northern Cardinal","sci_name":"Cardinalis cardinalis","iconic_taxon":"Aves","rank":"species","user":"asfrankie","photo":"https://inaturalist-open-data.s3.amazonaws.com/photos/739655746/medium.jpg","url":"https://www.inaturalist.org/observations/402885627"},"geometry":{"type":"Point","coordinates":[-73.965195,40.6625966667]}},{"type":"Feature","properties":{"id":"inat-402885469","inat_id":402885469,"observed_on":"2026-09-23","taxon_id":122767,"name":"Feral Pigeon","sci_name":"Columba livia domestica","iconic_taxon":"Aves","rank":"variety","user":"asfrankie","photo":"https://inaturalist-open-data.s3.amazonaws.com/photos/739655360/medium.jpg","url":"https://www.inaturalist.org/observations/402885469"},"geometry":{"type":"Point","coordinates":[-73.9697100975,40.6725320773]}},{"type":"Feature","properties":{"id":"inat-403235844","inat_id":403235844,"observed_on":"2026-09-23","taxon_id":43111,"name":"Eastern Cottontail","sci_name":"Sylvilagus floridanus","iconic_taxon":"Mammalia","rank":"species","user":"pier71199","photo":"https://static.inaturalist.org/photos/740340736/medium.jpg","url":"https://www.inaturalist.org/observations/403235844"},"geometry":{"type":"Point","coordinates":[-73.8799781089,40.8608920113]}},{"type":"Feature","properties":{"id":"inat-402844155","inat_id":402844155,"observed_on":"2026-09-23","taxon_id":14886,"name":"Northern Mockingbird","sci_name":"Mimus polyglottos","iconic_taxon":"Aves","rank":"species","user":"james71183","photo":"https://inaturalist-open-data.s3.amazonaws.com/photos/739571148/medium.jpg","url":"https://www.inaturalist.org/observations/402844155"},"geometry":{"type":"Point","coordinates":[-73.9738462067,40.7324545489]}},{"type":"Feature","properties":{"id":"inat-402888662","inat_id":402888662,"observed_on":"2026-09-23","taxon_id":1401306,"name":"Donkia pulcherrima","sci_name":"Donkia pulcherrima","iconic_taxon":"Fungi","rank":"species","user":"ethancrenson","photo":"https://inaturalist-open-data.s3.amazonaws.com/photos/739661327/medium.jpg","url":"https://www.inaturalist.org/observations/402888662"},"geometry":{"type":"Point","coordinates":[-73.9689033333,40.6588366667]}},{"type":"Feature","properties":{"id":"inat-402842054","inat_id":402842054,"observed_on":"2026-09-23","taxon_id":6930,"name":"Mallard","sci_name":"Anas platyrhynchos","iconic_taxon":"Aves","rank":"species","user":"rshn","photo":"https://inaturalist-open-data.s3.amazonaws.com/photos/739566981/medium.jpg","url":"https://www.inaturalist.org/observations/402842054"},"geometry":{"type":"Point","coordinates":[-73.971662929,40.655501791]}},{"type":"Feature","properties":{"id":"inat-402841427","inat_id":402841427,"observed_on":"2026-09-23","taxon_id":118970,"name":"Common Eastern Bumble Bee","sci_name":"Bombus impatiens","iconic_taxon":"Insecta","rank":"species","user":"mmothmman","photo":"https://inaturalist-open-data.s3.amazonaws.com/photos/739565413/medium.jpg","url":"https://www.inaturalist.org/observations/402841427"},"geometry":{"type":"Point","coordinates":[-73.9437979222,40.594934151]}},{"type":"Feature","properties":{"id":"inat-403416510","inat_id":403416510,"observed_on":"2026-09-23","taxon_id":10271,"name":"Rose-breasted Grosbeak","sci_name":"Pheucticus ludovicianus","iconic_taxon":"Aves","rank":"species","user":"jbnerd","photo":"https://inaturalist-open-data.s3.amazonaws.com/photos/740697300/medium.jpg","url":"https://www.inaturalist.org/observations/403416510"},"geometry":{"type":"Point","coordinates":[-73.9576720074,40.7946948222]}},{"type":"Feature","properties":{"id":"inat-403178463","inat_id":403178463,"observed_on":"2026-09-23","taxon_id":914922,"name":"Japanese knotweed","sci_name":"Reynoutria japonica","iconic_taxon":"Plantae","rank":"species","user":"lavindertrails","photo":"https://inaturalist-open-data.s3.amazonaws.com/photos/740228049/medium.jpg","url":"https://www.inaturalist.org/observations/403178463"},"geometry":{"type":"Point","coordinates":[-73.9169533333,40.8840133333]}},{"type":"Feature","properties":{"id":"inat-402838622","inat_id":402838622,"observed_on":"2026-09-23","taxon_id":57278,"name":"tree-of-heaven","sci_name":"Ailanthus altissima","iconic_taxon":"Plantae","rank":"species","user":"annikakd","photo":"https://inaturalist-open-data.s3.amazonaws.com/photos/739559756/medium.jpg","url":"https://www.inaturalist.org/observations/402838622"},"geometry":{"type":"Point","coordinates":[-73.8406893,40.6625317]}},{"type":"Feature","properties":{"id":"inat-402879389","inat_id":402879389,"observed_on":"2026-09-23","taxon_id":58555,"name":"Eastern Tailed-Blue","sci_name":"Everes comyntas","iconic_taxon":"Insecta","rank":"species","user":"snowleopardgirl","photo":"https://inaturalist-open-data.s3.amazonaws.com/photos/739641987/medium.jpg","url":"https://www.inaturalist.org/observations/402879389"},"geometry":{"type":"Point","coordinates":[-73.718713349,40.7835144424]}},{"type":"Feature","properties":{"id":"inat-402838063","inat_id":402838063,"observed_on":"2026-09-23","taxon_id":76790,"name":"Goose Grass","sci_name":"Eleusine indica","iconic_taxon":"Plantae","rank":"species","user":"tracy_yu","photo":"https://inaturalist-open-data.s3.amazonaws.com/photos/739558623/medium.jpg","url":"https://www.inaturalist.org/observations/402838063"},"geometry":{"type":"Point","coordinates":[-74.0882110583,40.6087551976]}},{"type":"Feature","properties":{"id":"inat-402838119","inat_id":402838119,"observed_on":"2026-09-23","taxon_id":46017,"name":"Eastern Gray Squirrel","sci_name":"Sciurus carolinensis","iconic_taxon":"Mammalia","rank":"species","user":"luket333","photo":"https://inaturalist-open-data.s3.amazonaws.com/photos/739558844/medium.jpg","url":"https://www.inaturalist.org/observations/402838119"},"geometry":{"type":"Point","coordinates":[-73.8799666667,40.8654966667]}},{"type":"Feature","properties":{"id":"inat-402847562","inat_id":402847562,"observed_on":"2026-09-23","taxon_id":119989,"name":"Carolina Mantis","sci_name":"Stagmomantis carolina","iconic_taxon":"Insecta","rank":"species","user":"haayefirefly","photo":"https://inaturalist-open-data.s3.amazonaws.com/photos/739578006/medium.jpg","url":"https://www.inaturalist.org/observations/402847562"},"geometry":{"type":"Point","coordinates":[-73.95875,40.9080222222]}},{"type":"Feature","properties":{"id":"inat-402888868","inat_id":402888868,"observed_on":"2026-09-23","taxon_id":328305,"name":"Latte Bracket","sci_name":"Trametes lactinea","iconic_taxon":"Fungi","rank":"species","user":"ethancrenson","photo":"https://inaturalist-open-data.s3.amazonaws.com/photos/739661855/medium.jpg","url":"https://www.inaturalist.org/observations/402888868"},"geometry":{"type":"Point","coordinates":[-73.9674533333,40.6632616667]}},{"type":"Feature","properties":{"id":"inat-403416443","inat_id":403416443,"observed_on":"2026-09-23","taxon_id":199916,"name":"Black-throated Blue Warbler","sci_name":"Setophaga caerulescens","iconic_taxon":"Aves","rank":"species","user":"jbnerd","photo":"https://inaturalist-open-data.s3.amazonaws.com/photos/740697148/medium.jpg","url":"https://www.inaturalist.org/observations/403416443"},"geometry":{"type":"Point","coordinates":[-73.9565260336,40.7944882103]}},{"type":"Feature","properties":{"id":"inat-403154093","inat_id":403154093,"observed_on":"2026-09-23","taxon_id":10247,"name":"American Redstart","sci_name":"Setophaga ruticilla","iconic_taxon":"Aves","rank":"species","user":"nicolesikora","photo":"https://static.inaturalist.org/photos/740168822/medium.jpg","url":"https://www.inaturalist.org/observations/403154093"},"geometry":{"type":"Point","coordinates":[-73.9699689222,40.779835675]}},{"type":"Feature","properties":{"id":"inat-402889941","inat_id":402889941,"observed_on":"2026-09-23","taxon_id":118231,"name":"bear lentinus","sci_name":"Lentinellus ursinus","iconic_taxon":"Fungi","rank":"species","user":"ethancrenson","photo":"https://inaturalist-open-data.s3.amazonaws.com/photos/739664017/medium.jpg","url":"https://www.inaturalist.org/observations/402889941"},"geometry":{"type":"Point","coordinates":[-73.9669416667,40.664555]}},{"type":"Feature","properties":{"id":"inat-403154092","inat_id":403154092,"observed_on":"2026-09-23","taxon_id":9083,"name":"Northern Cardinal","sci_name":"Cardinalis cardinalis","iconic_taxon":"Aves","rank":"species","user":"nicolesikora","photo":"https://static.inaturalist.org/photos/740168824/medium.jpg","url":"https://www.inaturalist.org/observations/403154092"},"geometry":{"type":"Point","coordinates":[-73.9698652999,40.7797931251]}},{"type":"Feature","properties":{"id":"inat-403416349","inat_id":403416349,"observed_on":"2026-09-23","taxon_id":19893,"name":"Barred Owl","sci_name":"Strix varia","iconic_taxon":"Aves","rank":"species","user":"jbnerd","photo":"https://inaturalist-open-data.s3.amazonaws.com/photos/740697063/medium.jpg","url":"https://www.inaturalist.org/observations/403416349"},"geometry":{"type":"Point","coordinates":[-73.956082128,40.7947176663]}},{"type":"Feature","properties":{"id":"inat-402875155","inat_id":402875155,"observed_on":"2026-09-23","taxon_id":55745,"name":"white clover","sci_name":"Trifolium repens","iconic_taxon":"Plantae","rank":"species","user":"deniseedits","photo":"https://inaturalist-open-data.s3.amazonaws.com/photos/739633811/medium.jpg","url":"https://www.inaturalist.org/observations/402875155"},"geometry":{"type":"Point","coordinates":[-73.98738,40.6978833333]}},{"type":"Feature","properties":{"id":"inat-402876564","inat_id":402876564,"observed_on":"2026-09-23","taxon_id":55745,"name":"white clover","sci_name":"Trifolium repens","iconic_taxon":"Plantae","rank":"species","user":"deniseedits","photo":"https://inaturalist-open-data.s3.amazonaws.com/photos/739636611/medium.jpg","url":"https://www.inaturalist.org/observations/402876564"},"geometry":{"type":"Point","coordinates":[-73.987495,40.69797]}},{"type":"Feature","properties":{"id":"inat-402876549","inat_id":402876549,"observed_on":"2026-09-23","taxon_id":243824,"name":"mock strawberry","sci_name":"Potentilla indica","iconic_taxon":"Plantae","rank":"species","user":"deniseedits","photo":"https://inaturalist-open-data.s3.amazonaws.com/photos/739636573/medium.jpg","url":"https://www.inaturalist.org/observations/402876549"},"geometry":{"type":"Point","coordinates":[-73.9873716667,40.6980283333]}},{"type":"Feature","properties":{"id":"inat-403119727","inat_id":403119727,"observed_on":"2026-09-23","taxon_id":54900,"name":"Eastern Black Swallowtail","sci_name":"Papilio polyxenes asterius","iconic_taxon":"Insecta","rank":"subspecies","user":"ni2plus","photo":"https://inaturalist-open-data.s3.amazonaws.com/photos/740106128/medium.jpg","url":"https://www.inaturalist.org/observations/403119727"},"geometry":{"type":"Point","coordinates":[-74.0187626,40.7052908]}},{"type":"Feature","properties":{"id":"inat-402869061","inat_id":402869061,"observed_on":"2026-09-23","taxon_id":52911,"name":"Bald-faced Hornet","sci_name":"Dolichovespula maculata","iconic_taxon":"Insecta","rank":"species","user":"madzee","photo":"https://inaturalist-open-data.s3.amazonaws.com/photos/739620424/medium.jpg","url":"https://www.inaturalist.org/observations/402869061"},"geometry":{"type":"Point","coordinates":[-73.868270874,40.7000083923]}},{"type":"Feature","properties":{"id":"inat-403119725","inat_id":403119725,"observed_on":"2026-09-23","taxon_id":55556,"name":"Large Milkweed Bug","sci_name":"Oncopeltus fasciatus","iconic_taxon":"Insecta","rank":"species","user":"ni2plus","photo":"https://inaturalist-open-data.s3.amazonaws.com/photos/740106131/medium.jpg","url":"https://www.inaturalist.org/observations/403119725"},"geometry":{"type":"Point","coordinates":[-74.0187626,40.7052908]}},{"type":"Feature","properties":{"id":"inat-402882464","inat_id":402882464,"observed_on":"2026-09-23","taxon_id":47911,"name":"common milkweed","sci_name":"Asclepias syriaca","iconic_taxon":"Plantae","rank":"species","user":"deniseedits","photo":"https://inaturalist-open-data.s3.amazonaws.com/photos/739648310/medium.jpg","url":"https://www.inaturalist.org/observations/402882464"},"geometry":{"type":"Point","coordinates":[-73.9875466667,40.69683]}},{"type":"Feature","properties":{"id":"inat-402832801","inat_id":402832801,"observed_on":"2026-09-23","taxon_id":14886,"name":"Northern Mockingbird","sci_name":"Mimus polyglottos","iconic_taxon":"Aves","rank":"species","user":"cuttlefishcuddler","photo":"https://inaturalist-open-data.s3.amazonaws.com/photos/739547982/medium.jpg","url":"https://www.inaturalist.org/observations/402832801"},"geometry":{"type":"Point","coordinates":[-73.8326848682,40.7350825982]}},{"type":"Feature","properties":{"id":"inat-402828995","inat_id":402828995,"observed_on":"2026-09-23","taxon_id":127685,"name":"White Wood Aster","sci_name":"Eurybia divaricata","iconic_taxon":"Plantae","rank":"species","user":"surajeselsohn","photo":"https://inaturalist-open-data.s3.amazonaws.com/photos/739541711/medium.jpg","url":"https://www.inaturalist.org/observations/402828995"},"geometry":{"type":"Point","coordinates":[-73.9161638646,40.8847657044]}},{"type":"Feature","properties":{"id":"inat-403416218","inat_id":403416218,"observed_on":"2026-09-23","taxon_id":4956,"name":"Great Blue Heron","sci_name":"Ardea herodias","iconic_taxon":"Aves","rank":"species","user":"jbnerd","photo":"https://inaturalist-open-data.s3.amazonaws.com/photos/740696613/medium.jpg","url":"https://www.inaturalist.org/observations/403416218"},"geometry":{"type":"Point","coordinates":[-73.9605523646,40.7948565071]}},{"type":"Feature","properties":{"id":"inat-403119726","inat_id":403119726,"observed_on":"2026-09-23","taxon_id":13858,"name":"House Sparrow","sci_name":"Passer domesticus","iconic_taxon":"Aves","rank":"species","user":"ni2plus","photo":"https://inaturalist-open-data.s3.amazonaws.com/photos/740106134/medium.jpg","url":"https://www.inaturalist.org/observations/403119726"},"geometry":{"type":"Point","coordinates":[-74.0153603,40.7029312]}},{"type":"Feature","properties":{"id":"inat-402857886","inat_id":402857886,"observed_on":"2026-09-23","taxon_id":335743,"name":"Tufted Globetail","sci_name":"Sphaerophoria contigua","iconic_taxon":"Insecta","rank":"species","user":"william_johnston2","photo":"https://static.inaturalist.org/photos/739597624/medium.jpg","url":"https://www.inaturalist.org/observations/402857886"},"geometry":{"type":"Point","coordinates":[-73.919525,40.8726833333]}},{"type":"Feature","properties":{"id":"inat-403119719","inat_id":403119719,"observed_on":"2026-09-23","taxon_id":906,"name":"Wild Turkey","sci_name":"Meleagris gallopavo","iconic_taxon":"Aves","rank":"species","user":"ni2plus","photo":"https://inaturalist-open-data.s3.amazonaws.com/photos/740105112/medium.jpg","url":"https://www.inaturalist.org/observations/403119719"},"geometry":{"type":"Point","coordinates":[-74.0153603,40.7029312]}},{"type":"Feature","properties":{"id":"inat-402822660","inat_id":402822660,"observed_on":"2026-09-23","taxon_id":51741,"name":"Goutweed","sci_name":"Aegopodium podagraria","iconic_taxon":"Plantae","rank":"species","user":"betsyyyy","photo":"https://inaturalist-open-data.s3.amazonaws.com/photos/739529510/medium.jpg","url":"https://www.inaturalist.org/observations/402822660"},"geometry":{"type":"Point","coordinates":[-73.8726878228,40.9040575439]}},{"type":"Feature","properties":{"id":"inat-402821892","inat_id":402821892,"observed_on":"2026-09-23","taxon_id":51741,"name":"Goutweed","sci_name":"Aegopodium podagraria","iconic_taxon":"Plantae","rank":"species","user":"betsyyyy","photo":"https://inaturalist-open-data.s3.amazonaws.com/photos/739527831/medium.jpg","url":"https://www.inaturalist.org/observations/402821892"},"geometry":{"type":"Point","coordinates":[-73.8726405222,40.904072416]}},{"type":"Feature","properties":{"id":"inat-403154088","inat_id":403154088,"observed_on":"2026-09-23","taxon_id":13858,"name":"House Sparrow","sci_name":"Passer domesticus","iconic_taxon":"Aves","rank":"species","user":"nicolesikora","photo":"https://static.inaturalist.org/photos/740168751/medium.jpg","url":"https://www.inaturalist.org/observations/403154088"},"geometry":{"type":"Point","coordinates":[-73.969260819,40.7794538392]}},{"type":"Feature","properties":{"id":"inat-403154084","inat_id":403154084,"observed_on":"2026-09-23","taxon_id":10247,"name":"American Redstart","sci_name":"Setophaga ruticilla","iconic_taxon":"Aves","rank":"species","user":"nicolesikora","photo":"https://static.inaturalist.org/photos/740168750/medium.jpg","url":"https://www.inaturalist.org/observations/403154084"},"geometry":{"type":"Point","coordinates":[-73.9696899725,40.7794700876]}},{"type":"Feature","properties":{"id":"inat-403154082","inat_id":403154082,"observed_on":"2026-09-23","taxon_id":13858,"name":"House Sparrow","sci_name":"Passer domesticus","iconic_taxon":"Aves","rank":"species","user":"nicolesikora","photo":"https://static.inaturalist.org/photos/740168749/medium.jpg","url":"https://www.inaturalist.org/observations/403154082"},"geometry":{"type":"Point","coordinates":[-73.9690677,40.7794302]}},{"type":"Feature","properties":{"id":"inat-403119718","inat_id":403119718,"observed_on":"2026-09-23","taxon_id":144514,"name":"Laughing Gull","sci_name":"Leucophaeus atricilla","iconic_taxon":"Aves","rank":"species","user":"ni2plus","photo":"https://inaturalist-open-data.s3.amazonaws.com/photos/740105534/medium.jpg","url":"https://www.inaturalist.org/observations/403119718"},"geometry":{"type":"Point","coordinates":[-74.0555833254,40.6520042635]}},{"type":"Feature","properties":{"id":"inat-402832734","inat_id":402832734,"observed_on":"2026-09-23","taxon_id":47911,"name":"common milkweed","sci_name":"Asclepias syriaca","iconic_taxon":"Plantae","rank":"species","user":"johaylin_parra_lopez","photo":"https://inaturalist-open-data.s3.amazonaws.com/photos/739548143/medium.jpg","url":"https://www.inaturalist.org/observations/402832734"},"geometry":{"type":"Point","coordinates":[-74.0323333333,40.8985383333]}},{"type":"Feature","properties":{"id":"inat-402815909","inat_id":402815909,"observed_on":"2026-09-23","taxon_id":131249,"name":"mile-a-minute weed","sci_name":"Persicaria perfoliata","iconic_taxon":"Plantae","rank":"species","user":"lw1944","photo":"https://inaturalist-open-data.s3.amazonaws.com/photos/739516494/medium.jpg","url":"https://www.inaturalist.org/observations/402815909"},"geometry":{"type":"Point","coordinates":[-73.9520436433,40.8666334721]}},{"type":"Feature","properties":{"id":"inat-403154080","inat_id":403154080,"observed_on":"2026-09-23","taxon_id":12878,"name":"Swainson's Thrush","sci_name":"Catharus ustulatus","iconic_taxon":"Aves","rank":"species","user":"nicolesikora","photo":"https://static.inaturalist.org/photos/740167852/medium.jpg","url":"https://www.inaturalist.org/observations/403154080"},"geometry":{"type":"Point","coordinates":[-73.9697174,40.7778736]}},{"type":"Feature","properties":{"id":"inat-402814254","inat_id":402814254,"observed_on":"2026-09-23","taxon_id":58531,"name":"Clouded Sulphur","sci_name":"Colias philodice","iconic_taxon":"Insecta","rank":"species","user":"mala947","photo":"https://inaturalist-open-data.s3.amazonaws.com/photos/740025797/medium.jpg","url":"https://www.inaturalist.org/observations/402814254"},"geometry":{"type":"Point","coordinates":[-74.0177562787,40.7040909678]}},{"type":"Feature","properties":{"id":"inat-403075384","inat_id":403075384,"observed_on":"2026-09-23","taxon_id":122767,"name":"Feral Pigeon","sci_name":"Columba livia domestica","iconic_taxon":"Aves","rank":"variety","user":"mehrvt","photo":"https://inaturalist-open-data.s3.amazonaws.com/photos/740022239/medium.jpg","url":"https://www.inaturalist.org/observations/403075384"},"geometry":{"type":"Point","coordinates":[-73.9969171,40.728115]}},{"type":"Feature","properties":{"id":"inat-403052261","inat_id":403052261,"observed_on":"2026-09-23","taxon_id":48502,"name":"eastern redbud","sci_name":"Cercis canadensis","iconic_taxon":"Plantae","rank":"species","user":"mehrvt","photo":"https://inaturalist-open-data.s3.amazonaws.com/photos/739977189/medium.jpg","url":"https://www.inaturalist.org/observations/403052261"},"geometry":{"type":"Point","coordinates":[-73.9969171,40.728115]}},{"type":"Feature","properties":{"id":"inat-403051117","inat_id":403051117,"observed_on":"2026-09-23","taxon_id":56083,"name":"Common Pill Woodlouse","sci_name":"Armadillidium vulgare","iconic_taxon":"Animalia","rank":"species","user":"mehrvt","photo":"https://inaturalist-open-data.s3.amazonaws.com/photos/739974943/medium.jpg","url":"https://www.inaturalist.org/observations/403051117"},"geometry":{"type":"Point","coordinates":[-73.9969171,40.728115]}},{"type":"Feature","properties":{"id":"inat-402863281","inat_id":402863281,"observed_on":"2026-09-23","taxon_id":7089,"name":"Canada Goose","sci_name":"Branta canadensis","iconic_taxon":"Aves","rank":"species","user":"johaylin_parra_lopez","photo":"https://inaturalist-open-data.s3.amazonaws.com/photos/739609013/medium.jpg","url":"https://www.inaturalist.org/observations/402863281"},"geometry":{"type":"Point","coordinates":[-74.0305778333,40.8980616667]}},{"type":"Feature","properties":{"id":"inat-402815351","inat_id":402815351,"observed_on":"2026-09-23","taxon_id":4364,"name":"Ring-billed Gull","sci_name":"Larus delawarensis","iconic_taxon":"Aves","rank":"species","user":"drjammy","photo":"https://inaturalist-open-data.s3.amazonaws.com/photos/739515433/medium.jpg","url":"https://www.inaturalist.org/observations/402815351"},"geometry":{"type":"Point","coordinates":[-74.0109,40.7392555556]}},{"type":"Feature","properties":{"id":"inat-402812313","inat_id":402812313,"observed_on":"2026-09-23","taxon_id":324726,"name":"Spotted Lanternfly","sci_name":"Lycorma delicatula","iconic_taxon":"Insecta","rank":"species","user":"randy_fisher","photo":"https://inaturalist-open-data.s3.amazonaws.com/photos/739509954/medium.jpg","url":"https://www.inaturalist.org/observations/402812313"},"geometry":{"type":"Point","coordinates":[-73.9382107419,40.8285194217]}},{"type":"Feature","properties":{"id":"inat-403023211","inat_id":403023211,"observed_on":"2026-09-23","taxon_id":10373,"name":"Brown-headed Cowbird","sci_name":"Molothrus ater","iconic_taxon":"Aves","rank":"species","user":"katiejanelovesspiders","photo":"https://static.inaturalist.org/photos/739922566/medium.jpg","url":"https://www.inaturalist.org/observations/403023211"},"geometry":{"type":"Point","coordinates":[-73.963905,40.7903333333]}},{"type":"Feature","properties":{"id":"inat-402812513","inat_id":402812513,"observed_on":"2026-09-23","taxon_id":52856,"name":"common mugwort","sci_name":"Artemisia vulgaris","iconic_taxon":"Plantae","rank":"species","user":"ichibanx3","photo":"https://inaturalist-open-data.s3.amazonaws.com/photos/739510319/medium.jpg","url":"https://www.inaturalist.org/observations/402812513"},"geometry":{"type":"Point","coordinates":[-74.0045083333,40.9000333333]}},{"type":"Feature","properties":{"id":"inat-402812557","inat_id":402812557,"observed_on":"2026-09-23","taxon_id":48688,"name":"yellow foxtail","sci_name":"Setaria pumila","iconic_taxon":"Plantae","rank":"species","user":"ichibanx3","photo":"https://inaturalist-open-data.s3.amazonaws.com/photos/739510413/medium.jpg","url":"https://www.inaturalist.org/observations/402812557"},"geometry":{"type":"Point","coordinates":[-74.0045472167,40.8999716667]}},{"type":"Feature","properties":{"id":"inat-402808955","inat_id":402808955,"observed_on":"2026-09-23","taxon_id":46017,"name":"Eastern Gray Squirrel","sci_name":"Sciurus carolinensis","iconic_taxon":"Mammalia","rank":"species","user":"randy_fisher","photo":"https://inaturalist-open-data.s3.amazonaws.com/photos/739504319/medium.jpg","url":"https://www.inaturalist.org/observations/402808955"},"geometry":{"type":"Point","coordinates":[-73.9385194643,40.8284865461]}},{"type":"Feature","properties":{"id":"inat-403021339","inat_id":403021339,"observed_on":"2026-09-23","taxon_id":9721,"name":"Common Yellowthroat","sci_name":"Geothlypis trichas","iconic_taxon":"Aves","rank":"species","user":"edenchristensen","photo":"https://inaturalist-open-data.s3.amazonaws.com/photos/739919026/medium.jpg","url":"https://www.inaturalist.org/observations/403021339"},"geometry":{"type":"Point","coordinates":[-73.9535083468,40.772353651]}},{"type":"Feature","properties":{"id":"inat-402833215","inat_id":402833215,"observed_on":"2026-09-23","taxon_id":55626,"name":"Small White","sci_name":"Pieris rapae","iconic_taxon":"Insecta","rank":"species","user":"cuttlefishcuddler","photo":"https://inaturalist-open-data.s3.amazonaws.com/photos/739548705/medium.jpg","url":"https://www.inaturalist.org/observations/402833215"},"geometry":{"type":"Point","coordinates":[-73.8626249601,40.6236912503]}},{"type":"Feature","properties":{"id":"inat-403020769","inat_id":403020769,"observed_on":"2026-09-23","taxon_id":6937,"name":"Green-winged Teal","sci_name":"Anas crecca","iconic_taxon":"Aves","rank":"species","user":"edenchristensen","photo":"https://inaturalist-open-data.s3.amazonaws.com/photos/739917912/medium.jpg","url":"https://www.inaturalist.org/observations/403020769"},"geometry":{"type":"Point","coordinates":[-73.9599939155,40.794612174]}},{"type":"Feature","properties":{"id":"inat-402828142","inat_id":402828142,"observed_on":"2026-09-23","taxon_id":324726,"name":"Spotted Lanternfly","sci_name":"Lycorma delicatula","iconic_taxon":"Insecta","rank":"species","user":"marley_s","photo":"https://inaturalist-open-data.s3.amazonaws.com/photos/739540170/medium.jpg","url":"https://www.inaturalist.org/observations/402828142"},"geometry":{"type":"Point","coordinates":[-73.98568,40.76168]}},{"type":"Feature","properties":{"id":"inat-402805976","inat_id":402805976,"observed_on":"2026-09-23","taxon_id":48549,"name":"American Lady","sci_name":"Vanessa virginiensis","iconic_taxon":"Insecta","rank":"species","user":"mala947","photo":"https://inaturalist-open-data.s3.amazonaws.com/photos/739513556/medium.jpg","url":"https://www.inaturalist.org/observations/402805976"},"geometry":{"type":"Point","coordinates":[-74.0169971064,40.7027683966]}},{"type":"Feature","properties":{"id":"inat-402804087","inat_id":402804087,"observed_on":"2026-09-23","taxon_id":145233,"name":"Northern Parula","sci_name":"Setophaga americana","iconic_taxon":"Aves","rank":"species","user":"rafael_marcondes","photo":"https://inaturalist-open-data.s3.amazonaws.com/photos/739534989/medium.jpg","url":"https://www.inaturalist.org/observations/402804087"},"geometry":{"type":"Point","coordinates":[-73.9634033333,40.8094]}},{"type":"Feature","properties":{"id":"inat-403021202","inat_id":403021202,"observed_on":"2026-09-23","taxon_id":6937,"name":"Green-winged Teal","sci_name":"Anas crecca","iconic_taxon":"Aves","rank":"species","user":"edenchristensen","photo":"https://inaturalist-open-data.s3.amazonaws.com/photos/739918805/medium.jpg","url":"https://www.inaturalist.org/observations/403021202"},"geometry":{"type":"Point","coordinates":[-73.9598959961,40.7946081135]}},{"type":"Feature","properties":{"id":"inat-402912590","inat_id":402912590,"observed_on":"2026-09-23","taxon_id":58732,"name":"eastern poison ivy","sci_name":"Toxicodendron radicans","iconic_taxon":"Plantae","rank":"species","user":"peter251","photo":"https://inaturalist-open-data.s3.amazonaws.com/photos/739709789/medium.jpg","url":"https://www.inaturalist.org/observations/402912590"},"geometry":{"type":"Point","coordinates":[-73.8362829722,40.757981]}},{"type":"Feature","properties":{"id":"inat-402920702","inat_id":402920702,"observed_on":"2026-09-23","taxon_id":119048,"name":"white snakeroot","sci_name":"Ageratina altissima","iconic_taxon":"Plantae","rank":"species","user":"hpgodfrey","photo":"https://static.inaturalist.org/photos/739726813/medium.jpg","url":"https://www.inaturalist.org/observations/402920702"},"geometry":{"type":"Point","coordinates":[-73.8759532338,40.8618831023]}},{"type":"Feature","properties":{"id":"inat-402850260","inat_id":402850260,"observed_on":"2026-09-23","taxon_id":81729,"name":"Harvester","sci_name":"Feniseca tarquinius","iconic_taxon":"Insecta","rank":"species","user":"totallynermal","photo":"https://inaturalist-open-data.s3.amazonaws.com/photos/739584060/medium.jpg","url":"https://www.inaturalist.org/observations/402850260"},"geometry":{"type":"Point","coordinates":[-73.8760265873,40.8457953195]}},{"type":"Feature","properties":{"id":"inat-402801417","inat_id":402801417,"observed_on":"2026-09-23","taxon_id":54797,"name":"honey locust","sci_name":"Gleditsia triacanthos","iconic_taxon":"Plantae","rank":"species","user":"emrocha31","photo":"https://inaturalist-open-data.s3.amazonaws.com/photos/739490224/medium.jpg","url":"https://www.inaturalist.org/observations/402801417"},"geometry":{"type":"Point","coordinates":[-73.9638157392,40.777311524]}},{"type":"Feature","properties":{"id":"inat-402964543","inat_id":402964543,"observed_on":"2026-09-23","taxon_id":118970,"name":"Common Eastern Bumble Bee","sci_name":"Bombus impatiens","iconic_taxon":"Insecta","rank":"species","user":"renatmoore","photo":"https://inaturalist-open-data.s3.amazonaws.com/photos/739811677/medium.jpg","url":"https://www.inaturalist.org/observations/402964543"},"geometry":{"type":"Point","coordinates":[-73.9859749937,40.6574968621]}},{"type":"Feature","properties":{"id":"inat-402801124","inat_id":402801124,"observed_on":"2026-09-23","taxon_id":144047,"name":"American jumpseed","sci_name":"Persicaria virginiana","iconic_taxon":"Plantae","rank":"species","user":"emrocha31","photo":"https://inaturalist-open-data.s3.amazonaws.com/photos/739489624/medium.jpg","url":"https://www.inaturalist.org/observations/402801124"},"geometry":{"type":"Point","coordinates":[-73.9640194694,40.7773834779]}},{"type":"Feature","properties":{"id":"inat-402800534","inat_id":402800534,"observed_on":"2026-09-23","taxon_id":143803,"name":"low smartweed","sci_name":"Persicaria longiseta","iconic_taxon":"Plantae","rank":"species","user":"emrocha31","photo":"https://inaturalist-open-data.s3.amazonaws.com/photos/739488568/medium.jpg","url":"https://www.inaturalist.org/observations/402800534"},"geometry":{"type":"Point","coordinates":[-73.9648016592,40.7781961943]}},{"type":"Feature","properties":{"id":"inat-402920689","inat_id":402920689,"observed_on":"2026-09-23","taxon_id":127685,"name":"White Wood Aster","sci_name":"Eurybia divaricata","iconic_taxon":"Plantae","rank":"species","user":"hpgodfrey","photo":"https://static.inaturalist.org/photos/739726764/medium.jpg","url":"https://www.inaturalist.org/observations/402920689"},"geometry":{"type":"Point","coordinates":[-73.8760255149,40.8618477033]}},{"type":"Feature","properties":{"id":"inat-402800106","inat_id":402800106,"observed_on":"2026-09-23","taxon_id":53587,"name":"common ragweed","sci_name":"Ambrosia artemisiifolia","iconic_taxon":"Plantae","rank":"species","user":"emrocha31","photo":"https://inaturalist-open-data.s3.amazonaws.com/photos/739487519/medium.jpg","url":"https://www.inaturalist.org/observations/402800106"},"geometry":{"type":"Point","coordinates":[-73.9652727007,40.7791966303]}},{"type":"Feature","properties":{"id":"inat-402964283","inat_id":402964283,"observed_on":"2026-09-23","taxon_id":155106,"name":"Black-shouldered Drone Fly","sci_name":"Eristalis dimidiata","iconic_taxon":"Insecta","rank":"species","user":"renatmoore","photo":"https://inaturalist-open-data.s3.amazonaws.com/photos/739811080/medium.jpg","url":"https://www.inaturalist.org/observations/402964283"},"geometry":{"type":"Point","coordinates":[-73.9871523724,40.6583040945]}},{"type":"Feature","properties":{"id":"inat-403021292","inat_id":403021292,"observed_on":"2026-09-23","taxon_id":14995,"name":"Gray Catbird","sci_name":"Dumetella carolinensis","iconic_taxon":"Aves","rank":"species","user":"edenchristensen","photo":"https://inaturalist-open-data.s3.amazonaws.com/photos/739918956/medium.jpg","url":"https://www.inaturalist.org/observations/403021292"},"geometry":{"type":"Point","coordinates":[-73.9605544859,40.7942666224]}},{"type":"Feature","properties":{"id":"inat-402808632","inat_id":402808632,"observed_on":"2026-09-23","taxon_id":329845,"name":"Immigrant fruit fly","sci_name":"Drosophila immigrans","iconic_taxon":"Insecta","rank":"species","user":"wormgirl111","photo":"https://inaturalist-open-data.s3.amazonaws.com/photos/739503720/medium.jpg","url":"https://www.inaturalist.org/observations/402808632"},"geometry":{"type":"Point","coordinates":[-73.99333,40.7486916667]}},{"type":"Feature","properties":{"id":"inat-402799669","inat_id":402799669,"observed_on":"2026-09-23","taxon_id":55620,"name":"bittersweet nightshade","sci_name":"Solanum dulcamara","iconic_taxon":"Plantae","rank":"species","user":"emrocha31","photo":"https://inaturalist-open-data.s3.amazonaws.com/photos/739486898/medium.jpg","url":"https://www.inaturalist.org/observations/402799669"},"geometry":{"type":"Point","coordinates":[-73.9644739754,40.7801920889]}},{"type":"Feature","properties":{"id":"inat-402964044","inat_id":402964044,"observed_on":"2026-09-23","taxon_id":47219,"name":"Western Honey Bee","sci_name":"Apis mellifera","iconic_taxon":"Insecta","rank":"species","user":"renatmoore","photo":"https://inaturalist-open-data.s3.amazonaws.com/photos/739810500/medium.jpg","url":"https://www.inaturalist.org/observations/402964044"},"geometry":{"type":"Point","coordinates":[-73.9879194312,40.6587681324]}},{"type":"Feature","properties":{"id":"inat-402799319","inat_id":402799319,"observed_on":"2026-09-23","taxon_id":55620,"name":"bittersweet nightshade","sci_name":"Solanum dulcamara","iconic_taxon":"Plantae","rank":"species","user":"emrocha31","photo":"https://inaturalist-open-data.s3.amazonaws.com/photos/739486498/medium.jpg","url":"https://www.inaturalist.org/observations/402799319"},"geometry":{"type":"Point","coordinates":[-73.9644739754,40.7801920889]}},{"type":"Feature","properties":{"id":"inat-402796814","inat_id":402796814,"observed_on":"2026-09-23","taxon_id":204160,"name":"border privet","sci_name":"Ligustrum obtusifolium","iconic_taxon":"Plantae","rank":"species","user":"betsyyyy","photo":"https://inaturalist-open-data.s3.amazonaws.com/photos/739482116/medium.jpg","url":"https://www.inaturalist.org/observations/402796814"},"geometry":{"type":"Point","coordinates":[-73.8732291322,40.9044739843]}},{"type":"Feature","properties":{"id":"inat-402796264","inat_id":402796264,"observed_on":"2026-09-23","taxon_id":324726,"name":"Spotted Lanternfly","sci_name":"Lycorma delicatula","iconic_taxon":"Insecta","rank":"species","user":"fin_o_saurus","photo":"https://inaturalist-open-data.s3.amazonaws.com/photos/739481111/medium.jpg","url":"https://www.inaturalist.org/observations/402796264"},"geometry":{"type":"Point","coordinates":[-73.9859771729,40.721988678]}},{"type":"Feature","properties":{"id":"inat-402795472","inat_id":402795472,"observed_on":"2026-09-23","taxon_id":324726,"name":"Spotted Lanternfly","sci_name":"Lycorma delicatula","iconic_taxon":"Insecta","rank":"species","user":"stacey_b","photo":"https://inaturalist-open-data.s3.amazonaws.com/photos/739479533/medium.jpg","url":"https://www.inaturalist.org/observations/402795472"},"geometry":{"type":"Point","coordinates":[-73.9704688266,40.7526385803]}},{"type":"Feature","properties":{"id":"inat-402791829","inat_id":402791829,"observed_on":"2026-09-23","taxon_id":117943,"name":"common greenshield lichen","sci_name":"Flavoparmelia caperata","iconic_taxon":"Fungi","rank":"species","user":"skmth","photo":"https://inaturalist-open-data.s3.amazonaws.com/photos/739471831/medium.jpg","url":"https://www.inaturalist.org/observations/402791829"},"geometry":{"type":"Point","coordinates":[-73.8757822559,40.861293109]}},{"type":"Feature","properties":{"id":"inat-402791755","inat_id":402791755,"observed_on":"2026-09-23","taxon_id":122767,"name":"Feral Pigeon","sci_name":"Columba livia domestica","iconic_taxon":"Aves","rank":"variety","user":"emrocha31","photo":"https://inaturalist-open-data.s3.amazonaws.com/photos/739471663/medium.jpg","url":"https://www.inaturalist.org/observations/402791755"},"geometry":{"type":"Point","coordinates":[-73.9566535224,40.788592631]}},{"type":"Feature","properties":{"id":"inat-402815615","inat_id":402815615,"observed_on":"2026-09-23","taxon_id":203488,"name":"Bramble Mason Wasp","sci_name":"Ancistrocerus adiabatus","iconic_taxon":"Insecta","rank":"species","user":"conorkodell","photo":"https://inaturalist-open-data.s3.amazonaws.com/photos/739515827/medium.jpg","url":"https://www.inaturalist.org/observations/402815615"},"geometry":{"type":"Point","coordinates":[-73.9729557611,40.7816894404]}},{"type":"Feature","properties":{"id":"inat-403024476","inat_id":403024476,"observed_on":"2026-09-23","taxon_id":199916,"name":"Black-throated Blue Warbler","sci_name":"Setophaga caerulescens","iconic_taxon":"Aves","rank":"species","user":"edenchristensen","photo":"https://inaturalist-open-data.s3.amazonaws.com/photos/739924567/medium.jpg","url":"https://www.inaturalist.org/observations/403024476"},"geometry":{"type":"Point","coordinates":[-73.9578151934,40.7968395211]}},{"type":"Feature","properties":{"id":"inat-403119723","inat_id":403119723,"observed_on":"2026-09-23","taxon_id":64237,"name":"common reed","sci_name":"Phragmites australis","iconic_taxon":"Plantae","rank":"species","user":"ni2plus","photo":"https://inaturalist-open-data.s3.amazonaws.com/photos/740105609/medium.jpg","url":"https://www.inaturalist.org/observations/403119723"},"geometry":{"type":"Point","coordinates":[-74.084049887,40.5774780191]}},{"type":"Feature","properties":{"id":"inat-402826233","inat_id":402826233,"observed_on":"2026-09-23","taxon_id":117433,"name":"winged euonymus","sci_name":"Euonymus alatus","iconic_taxon":"Plantae","rank":"species","user":"nonavianry","photo":"https://inaturalist-open-data.s3.amazonaws.com/photos/739536622/medium.jpg","url":"https://www.inaturalist.org/observations/402826233"},"geometry":{"type":"Point","coordinates":[-73.8733424066,40.9044329423]}},{"type":"Feature","properties":{"id":"inat-402788121","inat_id":402788121,"observed_on":"2026-09-23","taxon_id":118970,"name":"Common Eastern Bumble Bee","sci_name":"Bombus impatiens","iconic_taxon":"Insecta","rank":"species","user":"ibillie","photo":"https://static.inaturalist.org/photos/739464576/medium.jpg","url":"https://www.inaturalist.org/observations/402788121"},"geometry":{"type":"Point","coordinates":[-73.997463901,40.7018663195]}},{"type":"Feature","properties":{"id":"inat-402787620","inat_id":402787620,"observed_on":"2026-09-23","taxon_id":46017,"name":"Eastern Gray Squirrel","sci_name":"Sciurus carolinensis","iconic_taxon":"Mammalia","rank":"species","user":"ibillie","photo":"https://static.inaturalist.org/photos/739463672/medium.jpg","url":"https://www.inaturalist.org/observations/402787620"},"geometry":{"type":"Point","coordinates":[-73.9964655265,40.7017782424]}},{"type":"Feature","properties":{"id":"inat-402787561","inat_id":402787561,"observed_on":"2026-09-23","taxon_id":61119,"name":"winterberry holly","sci_name":"Ilex verticillata","iconic_taxon":"Plantae","rank":"species","user":"ibillie","photo":"https://static.inaturalist.org/photos/739463572/medium.jpg","url":"https://www.inaturalist.org/observations/402787561"},"geometry":{"type":"Point","coordinates":[-73.9432233867,40.7776045178]}},{"type":"Feature","properties":{"id":"inat-402894162","inat_id":402894162,"observed_on":"2026-09-23","taxon_id":792988,"name":"Downy Woodpecker","sci_name":"Dryobates pubescens","iconic_taxon":"Aves","rank":"species","user":"possabilitiesclub","photo":"https://inaturalist-open-data.s3.amazonaws.com/photos/739672000/medium.jpg","url":"https://www.inaturalist.org/observations/402894162"},"geometry":{"type":"Point","coordinates":[-73.9655834,40.7825547]}},{"type":"Feature","properties":{"id":"inat-403022504","inat_id":403022504,"observed_on":"2026-09-23","taxon_id":10271,"name":"Rose-breasted Grosbeak","sci_name":"Pheucticus ludovicianus","iconic_taxon":"Aves","rank":"species","user":"edenchristensen","photo":"https://inaturalist-open-data.s3.amazonaws.com/photos/739921082/medium.jpg","url":"https://www.inaturalist.org/observations/403022504"},"geometry":{"type":"Point","coordinates":[-73.9565201926,40.7953775193]}},{"type":"Feature","properties":{"id":"inat-403095103","inat_id":403095103,"observed_on":"2026-09-23","taxon_id":125186,"name":"round-headed bush clover","sci_name":"Lespedeza capitata","iconic_taxon":"Plantae","rank":"species","user":"lenlibrizzi","photo":"https://inaturalist-open-data.s3.amazonaws.com/photos/740062532/medium.jpg","url":"https://www.inaturalist.org/observations/403095103"},"geometry":{"type":"Point","coordinates":[-74.0855695,40.625555]}},{"type":"Feature","properties":{"id":"inat-402785116","inat_id":402785116,"observed_on":"2026-09-23","taxon_id":48549,"name":"American Lady","sci_name":"Vanessa virginiensis","iconic_taxon":"Insecta","rank":"species","user":"eyokoi","photo":"https://inaturalist-open-data.s3.amazonaws.com/photos/739458712/medium.jpg","url":"https://www.inaturalist.org/observations/402785116"},"geometry":{"type":"Point","coordinates":[-74.0189833333,40.7066883333]}},{"type":"Feature","properties":{"id":"inat-402788894","inat_id":402788894,"observed_on":"2026-09-23","taxon_id":10286,"name":"Black-and-white Warbler","sci_name":"Mniotilta varia","iconic_taxon":"Aves","rank":"species","user":"emrocha31","photo":"https://inaturalist-open-data.s3.amazonaws.com/photos/739466282/medium.jpg","url":"https://www.inaturalist.org/observations/402788894"},"geometry":{"type":"Point","coordinates":[-73.9580466667,40.7940116667]}},{"type":"Feature","properties":{"id":"inat-403022896","inat_id":403022896,"observed_on":"2026-09-23","taxon_id":10286,"name":"Black-and-white Warbler","sci_name":"Mniotilta varia","iconic_taxon":"Aves","rank":"species","user":"edenchristensen","photo":"https://inaturalist-open-data.s3.amazonaws.com/photos/739921774/medium.jpg","url":"https://www.inaturalist.org/observations/403022896"},"geometry":{"type":"Point","coordinates":[-73.957558861,40.7961970298]}},{"type":"Feature","properties":{"id":"inat-402787833","inat_id":402787833,"observed_on":"2026-09-23","taxon_id":122767,"name":"Feral Pigeon","sci_name":"Columba livia domestica","iconic_taxon":"Aves","rank":"variety","user":"curtisl2027","photo":"https://inaturalist-open-data.s3.amazonaws.com/photos/739674356/medium.jpg","url":"https://www.inaturalist.org/observations/402787833"},"geometry":{"type":"Point","coordinates":[-74.0133115247,40.7210356296]}},{"type":"Feature","properties":{"id":"inat-402784181","inat_id":402784181,"observed_on":"2026-09-23","taxon_id":48904,"name":"Asian Shore Crab","sci_name":"Hemigrapsus sanguineus","iconic_taxon":"Animalia","rank":"species","user":"curtisl2027","photo":"https://inaturalist-open-data.s3.amazonaws.com/photos/739456875/medium.jpg","url":"https://www.inaturalist.org/observations/402784181"},"geometry":{"type":"Point","coordinates":[-74.0132405297,40.7210480784]}},{"type":"Feature","properties":{"id":"inat-402783547","inat_id":402783547,"observed_on":"2026-09-23","taxon_id":126869,"name":"Cypress Vine","sci_name":"Ipomoea quamoclit","iconic_taxon":"Plantae","rank":"species","user":"sophiapeluso","photo":"https://static.inaturalist.org/photos/739455708/medium.jpg","url":"https://www.inaturalist.org/observations/402783547"},"geometry":{"type":"Point","coordinates":[-73.8825595313,40.8643352864]}},{"type":"Feature","properties":{"id":"inat-403376211","inat_id":403376211,"observed_on":"2026-09-23","taxon_id":13858,"name":"House Sparrow","sci_name":"Passer domesticus","iconic_taxon":"Aves","rank":"species","user":"elharo","photo":"https://static.inaturalist.org/photos/740612926/medium.jpg","url":"https://www.inaturalist.org/observations/403376211"},"geometry":{"type":"Point","coordinates":[-73.9704366667,40.6600833333]}},{"type":"Feature","properties":{"id":"inat-402781783","inat_id":402781783,"observed_on":"2026-09-23","taxon_id":558439,"name":"Gadwall","sci_name":"Mareca strepera","iconic_taxon":"Aves","rank":"species","user":"emrocha31","photo":"https://inaturalist-open-data.s3.amazonaws.com/photos/739452094/medium.jpg","url":"https://www.inaturalist.org/observations/402781783"},"geometry":{"type":"Point","coordinates":[-73.9538692218,40.7966769347]}},{"type":"Feature","properties":{"id":"inat-403119721","inat_id":403119721,"observed_on":"2026-09-23","taxon_id":39782,"name":"Pond Slider","sci_name":"Trachemys scripta","iconic_taxon":"Reptilia","rank":"species","user":"ni2plus","photo":"https://inaturalist-open-data.s3.amazonaws.com/photos/740102921/medium.jpg","url":"https://www.inaturalist.org/observations/403119721"},"geometry":{"type":"Point","coordinates":[-74.0874446,40.5787032]}},{"type":"Feature","properties":{"id":"inat-402779167","inat_id":402779167,"observed_on":"2026-09-23","taxon_id":1455248,"name":"Huron Skipper","sci_name":"Atalopedes huron","iconic_taxon":"Insecta","rank":"species","user":"emrocha31","photo":"https://inaturalist-open-data.s3.amazonaws.com/photos/739446830/medium.jpg","url":"https://www.inaturalist.org/observations/402779167"},"geometry":{"type":"Point","coordinates":[-73.9513770489,40.7959946673]}},{"type":"Feature","properties":{"id":"inat-402812966","inat_id":402812966,"observed_on":"2026-09-23","taxon_id":113498,"name":"Blue-faced Meadowhawk","sci_name":"Sympetrum ambiguum","iconic_taxon":"Insecta","rank":"species","user":"stevewalternature","photo":"https://inaturalist-open-data.s3.amazonaws.com/photos/739510888/medium.jpg","url":"https://www.inaturalist.org/observations/402812966"},"geometry":{"type":"Point","coordinates":[-73.7402411047,40.740141566]}},{"type":"Feature","properties":{"id":"inat-402778698","inat_id":402778698,"observed_on":"2026-09-23","taxon_id":52934,"name":"late boneset","sci_name":"Eupatorium serotinum","iconic_taxon":"Plantae","rank":"species","user":"kostihl08","photo":"https://inaturalist-open-data.s3.amazonaws.com/photos/739445953/medium.jpg","url":"https://www.inaturalist.org/observations/402778698"},"geometry":{"type":"Point","coordinates":[-73.9969024658,40.6555023193]}},{"type":"Feature","properties":{"id":"inat-402781732","inat_id":402781732,"observed_on":"2026-09-23","taxon_id":48662,"name":"Monarch","sci_name":"Danaus plexippus","iconic_taxon":"Insecta","rank":"species","user":"emrocha31","photo":"https://inaturalist-open-data.s3.amazonaws.com/photos/739452019/medium.jpg","url":"https://www.inaturalist.org/observations/402781732"},"geometry":{"type":"Point","coordinates":[-73.9513390395,40.7944632199]}},{"type":"Feature","properties":{"id":"inat-402778444","inat_id":402778444,"observed_on":"2026-09-23","taxon_id":13858,"name":"House Sparrow","sci_name":"Passer domesticus","iconic_taxon":"Aves","rank":"species","user":"emrocha31","photo":"https://inaturalist-open-data.s3.amazonaws.com/photos/739445437/medium.jpg","url":"https://www.inaturalist.org/observations/402778444"},"geometry":{"type":"Point","coordinates":[-73.95193696,40.7942286998]}},{"type":"Feature","properties":{"id":"inat-402778373","inat_id":402778373,"observed_on":"2026-09-23","taxon_id":12727,"name":"American Robin","sci_name":"Turdus migratorius","iconic_taxon":"Aves","rank":"species","user":"emrocha31","photo":"https://inaturalist-open-data.s3.amazonaws.com/photos/739445273/medium.jpg","url":"https://www.inaturalist.org/observations/402778373"},"geometry":{"type":"Point","coordinates":[-73.9521345031,40.7942401898]}},{"type":"Feature","properties":{"id":"inat-403095157","inat_id":403095157,"observed_on":"2026-09-23","taxon_id":119989,"name":"Carolina Mantis","sci_name":"Stagmomantis carolina","iconic_taxon":"Insecta","rank":"species","user":"lenlibrizzi","photo":"https://inaturalist-open-data.s3.amazonaws.com/photos/740062615/medium.jpg","url":"https://www.inaturalist.org/observations/403095157"},"geometry":{"type":"Point","coordinates":[-74.0984416667,40.6427883333]}},{"type":"Feature","properties":{"id":"inat-402778091","inat_id":402778091,"observed_on":"2026-09-23","taxon_id":13858,"name":"House Sparrow","sci_name":"Passer domesticus","iconic_taxon":"Aves","rank":"species","user":"emrocha31","photo":"https://inaturalist-open-data.s3.amazonaws.com/photos/739444797/medium.jpg","url":"https://www.inaturalist.org/observations/402778091"},"geometry":{"type":"Point","coordinates":[-73.9521484171,40.7944732905]}},{"type":"Feature","properties":{"id":"inat-403265297","inat_id":403265297,"observed_on":"2026-09-23","taxon_id":119048,"name":"white snakeroot","sci_name":"Ageratina altissima","iconic_taxon":"Plantae","rank":"species","user":"lowellnoel","photo":"https://inaturalist-open-data.s3.amazonaws.com/photos/740398782/medium.jpg","url":"https://www.inaturalist.org/observations/403265297"},"geometry":{"type":"Point","coordinates":[-73.7615283333,40.7576966667]}},{"type":"Feature","properties":{"id":"inat-402822021","inat_id":402822021,"observed_on":"2026-09-23","taxon_id":145244,"name":"Pine Warbler","sci_name":"Setophaga pinus","iconic_taxon":"Aves","rank":"species","user":"pilcrow","photo":"https://inaturalist-open-data.s3.amazonaws.com/photos/739526857/medium.jpg","url":"https://www.inaturalist.org/observations/402822021"},"geometry":{"type":"Point","coordinates":[-74.0161859199,40.6270331659]}},{"type":"Feature","properties":{"id":"inat-402817728","inat_id":402817728,"observed_on":"2026-09-23","taxon_id":133978,"name":"common eastern physocephala","sci_name":"Physocephala tibialis","iconic_taxon":"Insecta","rank":"species","user":"stevewalternature","photo":"https://inaturalist-open-data.s3.amazonaws.com/photos/739519298/medium.jpg","url":"https://www.inaturalist.org/observations/402817728"},"geometry":{"type":"Point","coordinates":[-73.7403977357,40.7402048744]}},{"type":"Feature","properties":{"id":"inat-403265150","inat_id":403265150,"observed_on":"2026-09-23","taxon_id":47888,"name":"common jewelweed","sci_name":"Impatiens capensis","iconic_taxon":"Plantae","rank":"species","user":"lowellnoel","photo":"https://inaturalist-open-data.s3.amazonaws.com/photos/740398582/medium.jpg","url":"https://www.inaturalist.org/observations/403265150"},"geometry":{"type":"Point","coordinates":[-73.7612833333,40.7585716667]}},{"type":"Feature","properties":{"id":"inat-403351895","inat_id":403351895,"observed_on":"2026-09-23","taxon_id":68901,"name":"Zebra Jumping Spider","sci_name":"Salticus scenicus","iconic_taxon":"Arachnida","rank":"species","user":"johnsbarelyhome","photo":"https://inaturalist-open-data.s3.amazonaws.com/photos/740565123/medium.jpg","url":"https://www.inaturalist.org/observations/403351895"},"geometry":{"type":"Point","coordinates":[-73.7682033333,40.7682033333]}},{"type":"Feature","properties":{"id":"inat-402990635","inat_id":402990635,"observed_on":"2026-09-23","taxon_id":52521,"name":"Ocellate Lady Crab","sci_name":"Ovalipes ocellatus","iconic_taxon":"Animalia","rank":"species","user":"kyan43","photo":"https://inaturalist-open-data.s3.amazonaws.com/photos/739861290/medium.jpg","url":"https://www.inaturalist.org/observations/402990635"},"geometry":{"type":"Point","coordinates":[-73.9631666667,40.57433]}},{"type":"Feature","properties":{"id":"inat-402776343","inat_id":402776343,"observed_on":"2026-09-23","taxon_id":47219,"name":"Western Honey Bee","sci_name":"Apis mellifera","iconic_taxon":"Insecta","rank":"species","user":"emrocha31","photo":"https://inaturalist-open-data.s3.amazonaws.com/photos/739441284/medium.jpg","url":"https://www.inaturalist.org/observations/402776343"},"geometry":{"type":"Point","coordinates":[-73.9520390793,40.7935945601]}},{"type":"Feature","properties":{"id":"inat-402776301","inat_id":402776301,"observed_on":"2026-09-23","taxon_id":51110,"name":"Eastern Carpenter Bee","sci_name":"Xylocopa virginica","iconic_taxon":"Insecta","rank":"species","user":"emrocha31","photo":"https://inaturalist-open-data.s3.amazonaws.com/photos/739441168/medium.jpg","url":"https://www.inaturalist.org/observations/402776301"},"geometry":{"type":"Point","coordinates":[-73.952463988,40.7935231571]}},{"type":"Feature","properties":{"id":"inat-403303238","inat_id":403303238,"observed_on":"2026-09-23","taxon_id":6924,"name":"American Black Duck","sci_name":"Anas rubripes","iconic_taxon":"Aves","rank":"species","user":"elharo","photo":"https://static.inaturalist.org/photos/740470958/medium.jpg","url":"https://www.inaturalist.org/observations/403303238"},"geometry":{"type":"Point","coordinates":[-73.9704366667,40.6600833333]}},{"type":"Feature","properties":{"id":"inat-403029228","inat_id":403029228,"observed_on":"2026-09-23","taxon_id":7107,"name":"Wood Duck","sci_name":"Aix sponsa","iconic_taxon":"Aves","rank":"species","user":"edenchristensen","photo":"https://inaturalist-open-data.s3.amazonaws.com/photos/739932991/medium.jpg","url":"https://www.inaturalist.org/observations/403029228"},"geometry":{"type":"Point","coordinates":[-73.9600220161,40.7841734584]}},{"type":"Feature","properties":{"id":"inat-402990756","inat_id":402990756,"observed_on":"2026-09-23","taxon_id":48302,"name":"Atlantic Horseshoe Crab","sci_name":"Limulus polyphemus","iconic_taxon":"Animalia","rank":"species","user":"kyan43","photo":"https://inaturalist-open-data.s3.amazonaws.com/photos/739861538/medium.jpg","url":"https://www.inaturalist.org/observations/402990756"},"geometry":{"type":"Point","coordinates":[-73.9627133333,40.57475]}},{"type":"Feature","properties":{"id":"inat-403265100","inat_id":403265100,"observed_on":"2026-09-23","taxon_id":48070,"name":"broadleaf arrowhead","sci_name":"Sagittaria latifolia","iconic_taxon":"Plantae","rank":"species","user":"lowellnoel","photo":"https://inaturalist-open-data.s3.amazonaws.com/photos/740398445/medium.jpg","url":"https://www.inaturalist.org/observations/403265100"},"geometry":{"type":"Point","coordinates":[-73.7583466667,40.7599666667]}},{"type":"Feature","properties":{"id":"inat-403302097","inat_id":403302097,"observed_on":"2026-09-23","taxon_id":46017,"name":"Eastern Gray Squirrel","sci_name":"Sciurus carolinensis","iconic_taxon":"Mammalia","rank":"species","user":"elharo","photo":"https://static.inaturalist.org/photos/740468917/medium.jpg","url":"https://www.inaturalist.org/observations/403302097"},"geometry":{"type":"Point","coordinates":[-73.9704366667,40.6600833333]}},{"type":"Feature","properties":{"id":"inat-402780412","inat_id":402780412,"observed_on":"2026-09-23","taxon_id":117433,"name":"winged euonymus","sci_name":"Euonymus alatus","iconic_taxon":"Plantae","rank":"species","user":"betsyyyy","photo":"https://inaturalist-open-data.s3.amazonaws.com/photos/739449082/medium.jpg","url":"https://www.inaturalist.org/observations/402780412"},"geometry":{"type":"Point","coordinates":[-73.8808156128,40.8913998548]}},{"type":"Feature","properties":{"id":"inat-403376221","inat_id":403376221,"observed_on":"2026-09-23","taxon_id":126155,"name":"German Yellowjacket","sci_name":"Vespula germanica","iconic_taxon":"Insecta","rank":"species","user":"elharo","photo":"https://static.inaturalist.org/photos/740612944/medium.jpg","url":"https://www.inaturalist.org/observations/403376221"},"geometry":{"type":"Point","coordinates":[-73.9704366667,40.6600833333]}},{"type":"Feature","properties":{"id":"inat-403116279","inat_id":403116279,"observed_on":"2026-09-23","taxon_id":1454382,"name":"Double-crested Cormorant","sci_name":"Nannopterum auritum","iconic_taxon":"Aves","rank":"species","user":"ni2plus","photo":"https://inaturalist-open-data.s3.amazonaws.com/photos/740102357/medium.jpg","url":"https://www.inaturalist.org/observations/403116279"},"geometry":{"type":"Point","coordinates":[-74.0923680653,40.5804426524]}},{"type":"Feature","properties":{"id":"inat-402775312","inat_id":402775312,"observed_on":"2026-09-23","taxon_id":117433,"name":"winged euonymus","sci_name":"Euonymus alatus","iconic_taxon":"Plantae","rank":"species","user":"betsyyyy","photo":"https://inaturalist-open-data.s3.amazonaws.com/photos/739439216/medium.jpg","url":"https://www.inaturalist.org/observations/402775312"},"geometry":{"type":"Point","coordinates":[-73.88088024,40.8913788406]}},{"type":"Feature","properties":{"id":"inat-403062260","inat_id":403062260,"observed_on":"2026-09-23","taxon_id":204237,"name":"Porcelain Berry","sci_name":"Ampelopsis glandulosa","iconic_taxon":"Plantae","rank":"species","user":"andius-brooklynius","photo":"https://static.inaturalist.org/photos/740458523/medium.jpg","url":"https://www.inaturalist.org/observations/403062260"},"geometry":{"type":"Point","coordinates":[-73.99689394,40.69970374]}},{"type":"Feature","properties":{"id":"inat-402990359","inat_id":402990359,"observed_on":"2026-09-23","taxon_id":4368,"name":"Great Black-backed Gull","sci_name":"Larus marinus","iconic_taxon":"Aves","rank":"species","user":"kyan43","photo":"https://inaturalist-open-data.s3.amazonaws.com/photos/739860734/medium.jpg","url":"https://www.inaturalist.org/observations/402990359"},"geometry":{"type":"Point","coordinates":[-73.9646383333,40.5744083333]}},{"type":"Feature","properties":{"id":"inat-402990781","inat_id":402990781,"observed_on":"2026-09-23","taxon_id":1578489,"name":"American Herring Gull","sci_name":"Larus smithsonianus","iconic_taxon":"Aves","rank":"species","user":"kyan43","photo":"https://inaturalist-open-data.s3.amazonaws.com/photos/739861524/medium.jpg","url":"https://www.inaturalist.org/observations/402990781"},"geometry":{"type":"Point","coordinates":[-73.9648216667,40.5747866667]}},{"type":"Feature","properties":{"id":"inat-402791710","inat_id":402791710,"observed_on":"2026-09-23","taxon_id":118970,"name":"Common Eastern Bumble Bee","sci_name":"Bombus impatiens","iconic_taxon":"Insecta","rank":"species","user":"aberkov","photo":"https://inaturalist-open-data.s3.amazonaws.com/photos/739471575/medium.jpg","url":"https://www.inaturalist.org/observations/402791710"},"geometry":{"type":"Point","coordinates":[-73.9830383333,40.7264966667]}},{"type":"Feature","properties":{"id":"inat-403300394","inat_id":403300394,"observed_on":"2026-09-23","taxon_id":48484,"name":"Asian Lady Beetle","sci_name":"Harmonia axyridis","iconic_taxon":"Insecta","rank":"species","user":"elharo","photo":"https://static.inaturalist.org/photos/740465012/medium.jpg","url":"https://www.inaturalist.org/observations/403300394"},"geometry":{"type":"Point","coordinates":[-73.9704366667,40.6600833333]}},{"type":"Feature","properties":{"id":"inat-403300214","inat_id":403300214,"observed_on":"2026-09-23","taxon_id":1433448,"name":"Hesperomyces harmoniae","sci_name":"Hesperomyces harmoniae","iconic_taxon":"Fungi","rank":"species","user":"elharo","photo":"https://static.inaturalist.org/photos/740465012/medium.jpg","url":"https://www.inaturalist.org/observations/403300214"},"geometry":{"type":"Point","coordinates":[-73.9704366667,40.6600833333]}},{"type":"Feature","properties":{"id":"inat-402772778","inat_id":402772778,"observed_on":"2026-09-23","taxon_id":127609,"name":"jetbead","sci_name":"Rhodotypos scandens","iconic_taxon":"Plantae","rank":"species","user":"betsyyyy","photo":"https://inaturalist-open-data.s3.amazonaws.com/photos/739434760/medium.jpg","url":"https://www.inaturalist.org/observations/402772778"},"geometry":{"type":"Point","coordinates":[-73.8809058088,40.8911946791]}},{"type":"Feature","properties":{"id":"inat-402772596","inat_id":402772596,"observed_on":"2026-09-23","taxon_id":51110,"name":"Eastern Carpenter Bee","sci_name":"Xylocopa virginica","iconic_taxon":"Insecta","rank":"species","user":"aecace","photo":"https://inaturalist-open-data.s3.amazonaws.com/photos/739434483/medium.jpg","url":"https://www.inaturalist.org/observations/402772596"},"geometry":{"type":"Point","coordinates":[-73.9700959818,40.7678368964]}},{"type":"Feature","properties":{"id":"inat-402778687","inat_id":402778687,"observed_on":"2026-09-23","taxon_id":117433,"name":"winged euonymus","sci_name":"Euonymus alatus","iconic_taxon":"Plantae","rank":"species","user":"betsyyyy","photo":"https://inaturalist-open-data.s3.amazonaws.com/photos/739445812/medium.jpg","url":"https://www.inaturalist.org/observations/402778687"},"geometry":{"type":"Point","coordinates":[-73.8808638164,40.8912589077]}},{"type":"Feature","properties":{"id":"inat-402771242","inat_id":402771242,"observed_on":"2026-09-23","taxon_id":57278,"name":"tree-of-heaven","sci_name":"Ailanthus altissima","iconic_taxon":"Plantae","rank":"species","user":"betsyyyy","photo":"https://inaturalist-open-data.s3.amazonaws.com/photos/739432021/medium.jpg","url":"https://www.inaturalist.org/observations/402771242"},"geometry":{"type":"Point","coordinates":[-73.8808795172,40.8913279063]}},{"type":"Feature","properties":{"id":"inat-402770165","inat_id":402770165,"observed_on":"2026-09-23","taxon_id":4364,"name":"Ring-billed Gull","sci_name":"Larus delawarensis","iconic_taxon":"Aves","rank":"species","user":"krincon","photo":"https://inaturalist-open-data.s3.amazonaws.com/photos/739430386/medium.jpg","url":"https://www.inaturalist.org/observations/402770165"},"geometry":{"type":"Point","coordinates":[-74.0159869863,40.7213661097]}},{"type":"Feature","properties":{"id":"inat-402770400","inat_id":402770400,"observed_on":"2026-09-23","taxon_id":127609,"name":"jetbead","sci_name":"Rhodotypos scandens","iconic_taxon":"Plantae","rank":"species","user":"betsyyyy","photo":"https://inaturalist-open-data.s3.amazonaws.com/photos/739430757/medium.jpg","url":"https://www.inaturalist.org/observations/402770400"},"geometry":{"type":"Point","coordinates":[-73.8805322147,40.8911549291]}},{"type":"Feature","properties":{"id":"inat-402770377","inat_id":402770377,"observed_on":"2026-09-23","taxon_id":14850,"name":"European Starling","sci_name":"Sturnus vulgaris","iconic_taxon":"Aves","rank":"species","user":"pmcgovern99","photo":"https://inaturalist-open-data.s3.amazonaws.com/photos/739430743/medium.jpg","url":"https://www.inaturalist.org/observations/402770377"},"geometry":{"type":"Point","coordinates":[-74.046295166,40.6897926331]}},{"type":"Feature","properties":{"id":"inat-403265005","inat_id":403265005,"observed_on":"2026-09-23","taxon_id":333624,"name":"White-fringed weevil","sci_name":"Naupactus leucoloma","iconic_taxon":"Insecta","rank":"species","user":"lowellnoel","photo":"https://inaturalist-open-data.s3.amazonaws.com/photos/740398289/medium.jpg","url":"https://www.inaturalist.org/observations/403265005"},"geometry":{"type":"Point","coordinates":[-73.7576616667,40.75558]}},{"type":"Feature","properties":{"id":"inat-403071220","inat_id":403071220,"observed_on":"2026-09-23","taxon_id":126889,"name":"Margined Calligrapher","sci_name":"Toxomerus marginatus","iconic_taxon":"Insecta","rank":"species","user":"johnsbarelyhome","photo":"https://inaturalist-open-data.s3.amazonaws.com/photos/740564950/medium.jpg","url":"https://www.inaturalist.org/observations/403071220"},"geometry":{"type":"Point","coordinates":[-73.7682633333,40.7682533333]}},{"type":"Feature","properties":{"id":"inat-402769873","inat_id":402769873,"observed_on":"2026-09-23","taxon_id":82342,"name":"Amur honeysuckle","sci_name":"Lonicera maackii","iconic_taxon":"Plantae","rank":"species","user":"betsyyyy","photo":"https://inaturalist-open-data.s3.amazonaws.com/photos/739428702/medium.jpg","url":"https://www.inaturalist.org/observations/402769873"},"geometry":{"type":"Point","coordinates":[-73.8804493489,40.891127129]}},{"type":"Feature","properties":{"id":"inat-402787160","inat_id":402787160,"observed_on":"2026-09-23","taxon_id":117443,"name":"New England aster","sci_name":"Symphyotrichum novae-angliae","iconic_taxon":"Plantae","rank":"species","user":"mesaja","photo":"https://inaturalist-open-data.s3.amazonaws.com/photos/739462774/medium.jpg","url":"https://www.inaturalist.org/observations/402787160"},"geometry":{"type":"Point","coordinates":[-74.0153416667,40.7212133333]}},{"type":"Feature","properties":{"id":"inat-402787203","inat_id":402787203,"observed_on":"2026-09-23","taxon_id":52934,"name":"late boneset","sci_name":"Eupatorium serotinum","iconic_taxon":"Plantae","rank":"species","user":"mesaja","photo":"https://inaturalist-open-data.s3.amazonaws.com/photos/739462846/medium.jpg","url":"https://www.inaturalist.org/observations/402787203"},"geometry":{"type":"Point","coordinates":[-74.01528055,40.721205]}},{"type":"Feature","properties":{"id":"inat-403376229","inat_id":403376229,"observed_on":"2026-09-23","taxon_id":7089,"name":"Canada Goose","sci_name":"Branta canadensis","iconic_taxon":"Aves","rank":"species","user":"elharo","photo":"https://static.inaturalist.org/photos/740612977/medium.jpg","url":"https://www.inaturalist.org/observations/403376229"},"geometry":{"type":"Point","coordinates":[-73.9704366667,40.6600833333]}},{"type":"Feature","properties":{"id":"inat-403376225","inat_id":403376225,"observed_on":"2026-09-23","taxon_id":6930,"name":"Mallard","sci_name":"Anas platyrhynchos","iconic_taxon":"Aves","rank":"species","user":"elharo","photo":"https://static.inaturalist.org/photos/740612959/medium.jpg","url":"https://www.inaturalist.org/observations/403376225"},"geometry":{"type":"Point","coordinates":[-73.9704366667,40.6600833333]}},{"type":"Feature","properties":{"id":"inat-402768251","inat_id":402768251,"observed_on":"2026-09-23","taxon_id":55556,"name":"Large Milkweed Bug","sci_name":"Oncopeltus fasciatus","iconic_taxon":"Insecta","rank":"species","user":"curtisl2027","photo":"https://inaturalist-open-data.s3.amazonaws.com/photos/739426462/medium.jpg","url":"https://www.inaturalist.org/observations/402768251"},"geometry":{"type":"Point","coordinates":[-74.0152711858,40.7212169811]}},{"type":"Feature","properties":{"id":"inat-402768749","inat_id":402768749,"observed_on":"2026-09-23","taxon_id":82342,"name":"Amur honeysuckle","sci_name":"Lonicera maackii","iconic_taxon":"Plantae","rank":"species","user":"betsyyyy","photo":"https://inaturalist-open-data.s3.amazonaws.com/photos/739427194/medium.jpg","url":"https://www.inaturalist.org/observations/402768749"},"geometry":{"type":"Point","coordinates":[-73.8805544746,40.8909433165]}},{"type":"Feature","properties":{"id":"inat-402767427","inat_id":402767427,"observed_on":"2026-09-23","taxon_id":119048,"name":"white snakeroot","sci_name":"Ageratina altissima","iconic_taxon":"Plantae","rank":"species","user":"elharo","photo":"https://static.inaturalist.org/photos/739424860/medium.jpg","url":"https://www.inaturalist.org/observations/402767427"},"geometry":{"type":"Point","coordinates":[-73.9713281754,40.6565524504]}},{"type":"Feature","properties":{"id":"inat-402767045","inat_id":402767045,"observed_on":"2026-09-23","taxon_id":118552,"name":"Domestic Cat","sci_name":"Felis catus","iconic_taxon":"Mammalia","rank":"species","user":"rjhawk","photo":"https://inaturalist-open-data.s3.amazonaws.com/photos/739424043/medium.jpg","url":"https://www.inaturalist.org/observations/402767045"},"geometry":{"type":"Point","coordinates":[-73.8375633333,40.7516116667]}},{"type":"Feature","properties":{"id":"inat-402769225","inat_id":402769225,"observed_on":"2026-09-23","taxon_id":69311,"name":"Turfgrass Ant","sci_name":"Lasius neoniger","iconic_taxon":"Insecta","rank":"species","user":"lovisalden","photo":"https://inaturalist-open-data.s3.amazonaws.com/photos/739428483/medium.jpg","url":"https://www.inaturalist.org/observations/402769225"},"geometry":{"type":"Point","coordinates":[-73.7779300226,40.7952678701]}},{"type":"Feature","properties":{"id":"inat-402769339","inat_id":402769339,"observed_on":"2026-09-23","taxon_id":118961,"name":"Short-winged Meadow Katydid","sci_name":"Conocephalus brevipennis","iconic_taxon":"Insecta","rank":"species","user":"lovisalden","photo":"https://inaturalist-open-data.s3.amazonaws.com/photos/739428709/medium.jpg","url":"https://www.inaturalist.org/observations/402769339"},"geometry":{"type":"Point","coordinates":[-73.7779533333,40.79523]}},{"type":"Feature","properties":{"id":"inat-402763713","inat_id":402763713,"observed_on":"2026-09-23","taxon_id":48599,"name":"American pokeweed","sci_name":"Phytolacca americana","iconic_taxon":"Plantae","rank":"species","user":"samdubbz","photo":"https://inaturalist-open-data.s3.amazonaws.com/photos/739418422/medium.jpg","url":"https://www.inaturalist.org/observations/402763713"},"geometry":{"type":"Point","coordinates":[-73.9599407778,40.7945709727]}},{"type":"Feature","properties":{"id":"inat-403376230","inat_id":403376230,"observed_on":"2026-09-23","taxon_id":18236,"name":"Northern Flicker","sci_name":"Colaptes auratus","iconic_taxon":"Aves","rank":"species","user":"elharo","photo":"https://static.inaturalist.org/photos/740612978/medium.jpg","url":"https://www.inaturalist.org/observations/403376230"},"geometry":{"type":"Point","coordinates":[-73.9704366667,40.6600833333]}},{"type":"Feature","properties":{"id":"inat-402762377","inat_id":402762377,"observed_on":"2026-09-23","taxon_id":84813,"name":"groundsel tree","sci_name":"Baccharis halimifolia","iconic_taxon":"Plantae","rank":"species","user":"boswijckbloemen","photo":"https://inaturalist-open-data.s3.amazonaws.com/photos/739416949/medium.jpg","url":"https://www.inaturalist.org/observations/402762377"},"geometry":{"type":"Point","coordinates":[-73.9211512836,40.8577327746]}},{"type":"Feature","properties":{"id":"inat-403299165","inat_id":403299165,"observed_on":"2026-09-23","taxon_id":118970,"name":"Common Eastern Bumble Bee","sci_name":"Bombus impatiens","iconic_taxon":"Insecta","rank":"species","user":"elharo","photo":"https://static.inaturalist.org/photos/740463014/medium.jpg","url":"https://www.inaturalist.org/observations/403299165"},"geometry":{"type":"Point","coordinates":[-73.9683066667,40.6605116667]}},{"type":"Feature","properties":{"id":"inat-402762171","inat_id":402762171,"observed_on":"2026-09-23","taxon_id":84813,"name":"groundsel tree","sci_name":"Baccharis halimifolia","iconic_taxon":"Plantae","rank":"species","user":"boswijckbloemen","photo":"https://inaturalist-open-data.s3.amazonaws.com/photos/739415706/medium.jpg","url":"https://www.inaturalist.org/observations/402762171"},"geometry":{"type":"Point","coordinates":[-73.921175073,40.8577403571]}},{"type":"Feature","properties":{"id":"inat-402767111","inat_id":402767111,"observed_on":"2026-09-23","taxon_id":14850,"name":"European Starling","sci_name":"Sturnus vulgaris","iconic_taxon":"Aves","rank":"species","user":"lararancic","photo":"https://inaturalist-open-data.s3.amazonaws.com/photos/739424161/medium.jpg","url":"https://www.inaturalist.org/observations/402767111"},"geometry":{"type":"Point","coordinates":[-73.9974883333,40.7311783333]}},{"type":"Feature","properties":{"id":"inat-402774342","inat_id":402774342,"observed_on":"2026-09-23","taxon_id":14995,"name":"Gray Catbird","sci_name":"Dumetella carolinensis","iconic_taxon":"Aves","rank":"species","user":"isaisopod","photo":"https://inaturalist-open-data.s3.amazonaws.com/photos/739437493/medium.jpg","url":"https://www.inaturalist.org/observations/402774342"},"geometry":{"type":"Point","coordinates":[-73.9650116667,40.6914333333]}},{"type":"Feature","properties":{"id":"inat-403298962","inat_id":403298962,"observed_on":"2026-09-23","taxon_id":58523,"name":"Black Swallowtail","sci_name":"Papilio polyxenes","iconic_taxon":"Insecta","rank":"species","user":"elharo","photo":"https://static.inaturalist.org/photos/740462538/medium.jpg","url":"https://www.inaturalist.org/observations/403298962"},"geometry":{"type":"Point","coordinates":[-73.9683066667,40.6605116667]}},{"type":"Feature","properties":{"id":"inat-403298025","inat_id":403298025,"observed_on":"2026-09-23","taxon_id":9981,"name":"Savannah Sparrow","sci_name":"Passerculus sandwichensis","iconic_taxon":"Aves","rank":"species","user":"elharo","photo":"https://static.inaturalist.org/photos/740460674/medium.jpg","url":"https://www.inaturalist.org/observations/403298025"},"geometry":{"type":"Point","coordinates":[-73.9683066667,40.6605116667]}},{"type":"Feature","properties":{"id":"inat-402759768","inat_id":402759768,"observed_on":"2026-09-23","taxon_id":82231,"name":"American Cockroach","sci_name":"Periplaneta americana","iconic_taxon":"Insecta","rank":"species","user":"empiron","photo":"https://inaturalist-open-data.s3.amazonaws.com/photos/739411903/medium.jpg","url":"https://www.inaturalist.org/observations/402759768"},"geometry":{"type":"Point","coordinates":[-73.9552307129,40.7688598633]}},{"type":"Feature","properties":{"id":"inat-403138953","inat_id":403138953,"observed_on":"2026-09-23","taxon_id":141626,"name":"False Milkweed Bug","sci_name":"Lygaeus turcicus","iconic_taxon":"Insecta","rank":"species","user":"leoscheideman","photo":"https://inaturalist-open-data.s3.amazonaws.com/photos/740148491/medium.jpg","url":"https://www.inaturalist.org/observations/403138953"},"geometry":{"type":"Point","coordinates":[-73.9978633333,40.7304916667]}},{"type":"Feature","properties":{"id":"inat-402767344","inat_id":402767344,"observed_on":"2026-09-23","taxon_id":143803,"name":"low smartweed","sci_name":"Persicaria longiseta","iconic_taxon":"Plantae","rank":"species","user":"lararancic","photo":"https://inaturalist-open-data.s3.amazonaws.com/photos/739424658/medium.jpg","url":"https://www.inaturalist.org/observations/402767344"},"geometry":{"type":"Point","coordinates":[-73.9982133333,40.731455]}},{"type":"Feature","properties":{"id":"inat-402761592","inat_id":402761592,"observed_on":"2026-09-23","taxon_id":52911,"name":"Bald-faced Hornet","sci_name":"Dolichovespula maculata","iconic_taxon":"Insecta","rank":"species","user":"marielongo","photo":"https://static.inaturalist.org/photos/739414653/medium.jpg","url":"https://www.inaturalist.org/observations/402761592"},"geometry":{"type":"Point","coordinates":[-74.0479583611,40.8995246667]}},{"type":"Feature","properties":{"id":"inat-403138616","inat_id":403138616,"observed_on":"2026-09-23","taxon_id":52856,"name":"common mugwort","sci_name":"Artemisia vulgaris","iconic_taxon":"Plantae","rank":"species","user":"leoscheideman","photo":"https://inaturalist-open-data.s3.amazonaws.com/photos/740147838/medium.jpg","url":"https://www.inaturalist.org/observations/403138616"},"geometry":{"type":"Point","coordinates":[-73.997825,40.7305]}},{"type":"Feature","properties":{"id":"inat-402766456","inat_id":402766456,"observed_on":"2026-09-23","taxon_id":3454,"name":"Mourning Dove","sci_name":"Zenaida macroura","iconic_taxon":"Aves","rank":"species","user":"lararancic","photo":"https://inaturalist-open-data.s3.amazonaws.com/photos/739422920/medium.jpg","url":"https://www.inaturalist.org/observations/402766456"},"geometry":{"type":"Point","coordinates":[-73.9976366667,40.7311666667]}},{"type":"Feature","properties":{"id":"inat-402766385","inat_id":402766385,"observed_on":"2026-09-23","taxon_id":122767,"name":"Feral Pigeon","sci_name":"Columba livia domestica","iconic_taxon":"Aves","rank":"variety","user":"lararancic","photo":"https://inaturalist-open-data.s3.amazonaws.com/photos/739422765/medium.jpg","url":"https://www.inaturalist.org/observations/402766385"},"geometry":{"type":"Point","coordinates":[-73.9975283333,40.7304466667]}},{"type":"Feature","properties":{"id":"inat-402804402","inat_id":402804402,"observed_on":"2026-09-23","taxon_id":46095,"name":"Groundhog","sci_name":"Marmota monax","iconic_taxon":"Mammalia","rank":"species","user":"urbanwoods","photo":"https://inaturalist-open-data.s3.amazonaws.com/photos/739495966/medium.jpg","url":"https://www.inaturalist.org/observations/402804402"},"geometry":{"type":"Point","coordinates":[-73.9956760269,40.6491388963]}},{"type":"Feature","properties":{"id":"inat-402766297","inat_id":402766297,"observed_on":"2026-09-23","taxon_id":122767,"name":"Feral Pigeon","sci_name":"Columba livia domestica","iconic_taxon":"Aves","rank":"variety","user":"lararancic","photo":"https://inaturalist-open-data.s3.amazonaws.com/photos/739422606/medium.jpg","url":"https://www.inaturalist.org/observations/402766297"},"geometry":{"type":"Point","coordinates":[-73.9973216667,40.73055]}},{"type":"Feature","properties":{"id":"inat-402766130","inat_id":402766130,"observed_on":"2026-09-23","taxon_id":13858,"name":"House Sparrow","sci_name":"Passer domesticus","iconic_taxon":"Aves","rank":"species","user":"lararancic","photo":"https://inaturalist-open-data.s3.amazonaws.com/photos/739422296/medium.jpg","url":"https://www.inaturalist.org/observations/402766130"},"geometry":{"type":"Point","coordinates":[-73.9974833333,40.73078]}},{"type":"Feature","properties":{"id":"inat-403578810","inat_id":403578810,"observed_on":"2026-09-23","taxon_id":84844,"name":"Organ-pipe Mud-dauber Wasp","sci_name":"Trypoxylon politum","iconic_taxon":"Insecta","rank":"species","user":"tweety888","photo":"https://inaturalist-open-data.s3.amazonaws.com/photos/741013405/medium.jpg","url":"https://www.inaturalist.org/observations/403578810"},"geometry":{"type":"Point","coordinates":[-73.87838,40.86277]}},{"type":"Feature","properties":{"id":"inat-402753598","inat_id":402753598,"observed_on":"2026-09-23","taxon_id":131249,"name":"mile-a-minute weed","sci_name":"Persicaria perfoliata","iconic_taxon":"Plantae","rank":"species","user":"betsyyyy","photo":"https://inaturalist-open-data.s3.amazonaws.com/photos/739400005/medium.jpg","url":"https://www.inaturalist.org/observations/402753598"},"geometry":{"type":"Point","coordinates":[-73.8749905403,40.899649796]}},{"type":"Feature","properties":{"id":"inat-403120603","inat_id":403120603,"observed_on":"2026-09-23","taxon_id":48662,"name":"Monarch","sci_name":"Danaus plexippus","iconic_taxon":"Insecta","rank":"species","user":"t_morris_knower","photo":"https://static.inaturalist.org/photos/740111659/medium.jpg","url":"https://www.inaturalist.org/observations/403120603"},"geometry":{"type":"Point","coordinates":[-73.9825555556,40.6574916667]}},{"type":"Feature","properties":{"id":"inat-403277584","inat_id":403277584,"observed_on":"2026-09-23","taxon_id":130893,"name":"fortune's spindle","sci_name":"Euonymus fortunei","iconic_taxon":"Plantae","rank":"species","user":"chloefallon","photo":"https://static.inaturalist.org/photos/740422581/medium.jpg","url":"https://www.inaturalist.org/observations/403277584"},"geometry":{"type":"Point","coordinates":[-73.9176345628,40.8871809678]}},{"type":"Feature","properties":{"id":"inat-402830464","inat_id":402830464,"observed_on":"2026-09-23","taxon_id":128824,"name":"Common European Greenbottle Fly","sci_name":"Lucilia sericata","iconic_taxon":"Insecta","rank":"species","user":"haayefirefly","photo":"https://inaturalist-open-data.s3.amazonaws.com/photos/739544377/medium.jpg","url":"https://www.inaturalist.org/observations/402830464"},"geometry":{"type":"Point","coordinates":[-73.9586638889,40.9079638889]}},{"type":"Feature","properties":{"id":"inat-402753630","inat_id":402753630,"observed_on":"2026-09-23","taxon_id":128824,"name":"Common European Greenbottle Fly","sci_name":"Lucilia sericata","iconic_taxon":"Insecta","rank":"species","user":"haayefirefly","photo":"https://inaturalist-open-data.s3.amazonaws.com/photos/739400129/medium.jpg","url":"https://www.inaturalist.org/observations/402753630"},"geometry":{"type":"Point","coordinates":[-73.9586638889,40.9079638889]}},{"type":"Feature","properties":{"id":"inat-402753611","inat_id":402753611,"observed_on":"2026-09-23","taxon_id":128824,"name":"Common European Greenbottle Fly","sci_name":"Lucilia sericata","iconic_taxon":"Insecta","rank":"species","user":"haayefirefly","photo":"https://inaturalist-open-data.s3.amazonaws.com/photos/739400082/medium.jpg","url":"https://www.inaturalist.org/observations/402753611"},"geometry":{"type":"Point","coordinates":[-73.9587583333,40.9079611111]}},{"type":"Feature","properties":{"id":"inat-402751718","inat_id":402751718,"observed_on":"2026-09-23","taxon_id":10247,"name":"American Redstart","sci_name":"Setophaga ruticilla","iconic_taxon":"Aves","rank":"species","user":"johnsbarelyhome","photo":"https://inaturalist-open-data.s3.amazonaws.com/photos/739396718/medium.jpg","url":"https://www.inaturalist.org/observations/402751718"},"geometry":{"type":"Point","coordinates":[-73.7680583333,40.768325]}},{"type":"Feature","properties":{"id":"inat-402751219","inat_id":402751219,"observed_on":"2026-09-23","taxon_id":127685,"name":"White Wood Aster","sci_name":"Eurybia divaricata","iconic_taxon":"Plantae","rank":"species","user":"betsyyyy","photo":"https://inaturalist-open-data.s3.amazonaws.com/photos/739395499/medium.jpg","url":"https://www.inaturalist.org/observations/402751219"},"geometry":{"type":"Point","coordinates":[-73.8751099493,40.8998919033]}},{"type":"Feature","properties":{"id":"inat-402968600","inat_id":402968600,"observed_on":"2026-09-23","taxon_id":52934,"name":"late boneset","sci_name":"Eupatorium serotinum","iconic_taxon":"Plantae","rank":"species","user":"noelhefele","photo":"https://inaturalist-open-data.s3.amazonaws.com/photos/739819268/medium.jpg","url":"https://www.inaturalist.org/observations/402968600"},"geometry":{"type":"Point","coordinates":[-73.8745061216,40.8994523691]}},{"type":"Feature","properties":{"id":"inat-403376252","inat_id":403376252,"observed_on":"2026-09-23","taxon_id":52911,"name":"Bald-faced Hornet","sci_name":"Dolichovespula maculata","iconic_taxon":"Insecta","rank":"species","user":"elharo","photo":"https://static.inaturalist.org/photos/740613047/medium.jpg","url":"https://www.inaturalist.org/observations/403376252"},"geometry":{"type":"Point","coordinates":[-73.9620516667,40.6634983333]}},{"type":"Feature","properties":{"id":"inat-403376244","inat_id":403376244,"observed_on":"2026-09-23","taxon_id":126155,"name":"German Yellowjacket","sci_name":"Vespula germanica","iconic_taxon":"Insecta","rank":"species","user":"elharo","photo":"https://static.inaturalist.org/photos/740613031/medium.jpg","url":"https://www.inaturalist.org/observations/403376244"},"geometry":{"type":"Point","coordinates":[-73.9620291387,40.6635186467]}},{"type":"Feature","properties":{"id":"inat-403294893","inat_id":403294893,"observed_on":"2026-09-23","taxon_id":126155,"name":"German Yellowjacket","sci_name":"Vespula germanica","iconic_taxon":"Insecta","rank":"species","user":"elharo","photo":"https://static.inaturalist.org/photos/740454368/medium.jpg","url":"https://www.inaturalist.org/observations/403294893"},"geometry":{"type":"Point","coordinates":[-73.9620354636,40.6635610146]}},{"type":"Feature","properties":{"id":"inat-402775792","inat_id":402775792,"observed_on":"2026-09-23","taxon_id":48662,"name":"Monarch","sci_name":"Danaus plexippus","iconic_taxon":"Insecta","rank":"species","user":"johnnymilkweedseed","photo":"https://inaturalist-open-data.s3.amazonaws.com/photos/739439765/medium.jpg","url":"https://www.inaturalist.org/observations/402775792"},"geometry":{"type":"Point","coordinates":[-73.9709370748,40.6583547861]}},{"type":"Feature","properties":{"id":"inat-402748546","inat_id":402748546,"observed_on":"2026-09-23","taxon_id":9721,"name":"Common Yellowthroat","sci_name":"Geothlypis trichas","iconic_taxon":"Aves","rank":"species","user":"brooklynnatureclub","photo":"https://static.inaturalist.org/photos/739392153/medium.jpg","url":"https://www.inaturalist.org/observations/402748546"},"geometry":{"type":"Point","coordinates":[-73.9445222222,40.7558972222]}},{"type":"Feature","properties":{"id":"inat-402968576","inat_id":402968576,"observed_on":"2026-09-23","taxon_id":204160,"name":"border privet","sci_name":"Ligustrum obtusifolium","iconic_taxon":"Plantae","rank":"species","user":"noelhefele","photo":"https://inaturalist-open-data.s3.amazonaws.com/photos/739819204/medium.jpg","url":"https://www.inaturalist.org/observations/402968576"},"geometry":{"type":"Point","coordinates":[-73.8750886637,40.8995427141]}},{"type":"Feature","properties":{"id":"inat-402747170","inat_id":402747170,"observed_on":"2026-09-23","taxon_id":118970,"name":"Common Eastern Bumble Bee","sci_name":"Bombus impatiens","iconic_taxon":"Insecta","rank":"species","user":"alanbar","photo":"https://inaturalist-open-data.s3.amazonaws.com/photos/739387844/medium.jpg","url":"https://www.inaturalist.org/observations/402747170"},"geometry":{"type":"Point","coordinates":[-73.9709195395,40.6582847831]}},{"type":"Feature","properties":{"id":"inat-403376255","inat_id":403376255,"observed_on":"2026-09-23","taxon_id":51271,"name":"Red-eared Slider","sci_name":"Trachemys scripta elegans","iconic_taxon":"Reptilia","rank":"subspecies","user":"elharo","photo":"https://static.inaturalist.org/photos/740613060/medium.jpg","url":"https://www.inaturalist.org/observations/403376255"},"geometry":{"type":"Point","coordinates":[-73.9643333333,40.6723183333]}},{"type":"Feature","properties":{"id":"inat-403376253","inat_id":403376253,"observed_on":"2026-09-23","taxon_id":4956,"name":"Great Blue Heron","sci_name":"Ardea herodias","iconic_taxon":"Aves","rank":"species","user":"elharo","photo":"https://static.inaturalist.org/photos/740613055/medium.jpg","url":"https://www.inaturalist.org/observations/403376253"},"geometry":{"type":"Point","coordinates":[-73.9643333333,40.6723183333]}},{"type":"Feature","properties":{"id":"inat-403376268","inat_id":403376268,"observed_on":"2026-09-23","taxon_id":12727,"name":"American Robin","sci_name":"Turdus migratorius","iconic_taxon":"Aves","rank":"species","user":"elharo","photo":"https://static.inaturalist.org/photos/740613084/medium.jpg","url":"https://www.inaturalist.org/observations/403376268"},"geometry":{"type":"Point","coordinates":[-73.9643333333,40.6723183333]}},{"type":"Feature","properties":{"id":"inat-402776275","inat_id":402776275,"observed_on":"2026-09-23","taxon_id":117428,"name":"shingle oak","sci_name":"Quercus imbricaria","iconic_taxon":"Plantae","rank":"species","user":"lookviv","photo":"https://inaturalist-open-data.s3.amazonaws.com/photos/739441180/medium.jpg","url":"https://www.inaturalist.org/observations/402776275"},"geometry":{"type":"Point","coordinates":[-73.9688279852,40.6693436815]}},{"type":"Feature","properties":{"id":"inat-402842610","inat_id":402842610,"observed_on":"2026-09-23","taxon_id":48484,"name":"Asian Lady Beetle","sci_name":"Harmonia axyridis","iconic_taxon":"Insecta","rank":"species","user":"marieviljoen","photo":"https://inaturalist-open-data.s3.amazonaws.com/photos/739568017/medium.jpg","url":"https://www.inaturalist.org/observations/402842610"},"geometry":{"type":"Point","coordinates":[-73.982762,40.6597645]}},{"type":"Feature","properties":{"id":"inat-403376267","inat_id":403376267,"observed_on":"2026-09-23","taxon_id":48662,"name":"Monarch","sci_name":"Danaus plexippus","iconic_taxon":"Insecta","rank":"species","user":"elharo","photo":"https://static.inaturalist.org/photos/740613069/medium.jpg","url":"https://www.inaturalist.org/observations/403376267"},"geometry":{"type":"Point","coordinates":[-73.9643333333,40.6723183333]}},{"type":"Feature","properties":{"id":"inat-402813362","inat_id":402813362,"observed_on":"2026-09-23","taxon_id":119048,"name":"white snakeroot","sci_name":"Ageratina altissima","iconic_taxon":"Plantae","rank":"species","user":"scottedmunds","photo":"https://inaturalist-open-data.s3.amazonaws.com/photos/739512232/medium.jpg","url":"https://www.inaturalist.org/observations/402813362"},"geometry":{"type":"Point","coordinates":[-73.9440783333,40.8109116667]}},{"type":"Feature","properties":{"id":"inat-402743114","inat_id":402743114,"observed_on":"2026-09-23","taxon_id":4956,"name":"Great Blue Heron","sci_name":"Ardea herodias","iconic_taxon":"Aves","rank":"species","user":"sascha754","photo":"https://inaturalist-open-data.s3.amazonaws.com/photos/739379980/medium.jpg","url":"https://www.inaturalist.org/observations/402743114"},"geometry":{"type":"Point","coordinates":[-73.9518697187,40.7947714766]}},{"type":"Feature","properties":{"id":"inat-403376280","inat_id":403376280,"observed_on":"2026-09-23","taxon_id":55556,"name":"Large Milkweed Bug","sci_name":"Oncopeltus fasciatus","iconic_taxon":"Insecta","rank":"species","user":"elharo","photo":"https://static.inaturalist.org/photos/740613100/medium.jpg","url":"https://www.inaturalist.org/observations/403376280"},"geometry":{"type":"Point","coordinates":[-73.9643333333,40.6723183333]}},{"type":"Feature","properties":{"id":"inat-403376281","inat_id":403376281,"observed_on":"2026-09-23","taxon_id":155106,"name":"Black-shouldered Drone Fly","sci_name":"Eristalis dimidiata","iconic_taxon":"Insecta","rank":"species","user":"elharo","photo":"https://static.inaturalist.org/photos/740613101/medium.jpg","url":"https://www.inaturalist.org/observations/403376281"},"geometry":{"type":"Point","coordinates":[-73.9643333333,40.6723183333]}},{"type":"Feature","properties":{"id":"inat-403293434","inat_id":403293434,"observed_on":"2026-09-23","taxon_id":155106,"name":"Black-shouldered Drone Fly","sci_name":"Eristalis dimidiata","iconic_taxon":"Insecta","rank":"species","user":"elharo","photo":"https://static.inaturalist.org/photos/740452206/medium.jpg","url":"https://www.inaturalist.org/observations/403293434"},"geometry":{"type":"Point","coordinates":[-73.9643333333,40.6723183333]}},{"type":"Feature","properties":{"id":"inat-403376269","inat_id":403376269,"observed_on":"2026-09-23","taxon_id":55556,"name":"Large Milkweed Bug","sci_name":"Oncopeltus fasciatus","iconic_taxon":"Insecta","rank":"species","user":"elharo","photo":"https://static.inaturalist.org/photos/740613082/medium.jpg","url":"https://www.inaturalist.org/observations/403376269"},"geometry":{"type":"Point","coordinates":[-73.9643333333,40.6723183333]}},{"type":"Feature","properties":{"id":"inat-403292482","inat_id":403292482,"observed_on":"2026-09-23","taxon_id":1129479,"name":"Blue-winged Scoliid Wasp","sci_name":"Scolia dubia","iconic_taxon":"Insecta","rank":"species","user":"elharo","photo":"https://static.inaturalist.org/photos/740450571/medium.jpg","url":"https://www.inaturalist.org/observations/403292482"},"geometry":{"type":"Point","coordinates":[-73.9643333333,40.6723183333]}},{"type":"Feature","properties":{"id":"inat-403264339","inat_id":403264339,"observed_on":"2026-09-23","taxon_id":55626,"name":"Small White","sci_name":"Pieris rapae","iconic_taxon":"Insecta","rank":"species","user":"vembuscado","photo":"https://inaturalist-open-data.s3.amazonaws.com/photos/740396947/medium.jpg","url":"https://www.inaturalist.org/observations/403264339"},"geometry":{"type":"Point","coordinates":[-73.9519633333,40.7944133333]}},{"type":"Feature","properties":{"id":"inat-402867343","inat_id":402867343,"observed_on":"2026-09-23","taxon_id":73149,"name":"Northern Waterthrush","sci_name":"Parkesia noveboracensis","iconic_taxon":"Aves","rank":"species","user":"possabilitiesclub","photo":"https://inaturalist-open-data.s3.amazonaws.com/photos/739616645/medium.jpg","url":"https://www.inaturalist.org/observations/402867343"},"geometry":{"type":"Point","coordinates":[-73.9576571843,40.7951670172]}},{"type":"Feature","properties":{"id":"inat-402751611","inat_id":402751611,"observed_on":"2026-09-23","taxon_id":64540,"name":"Asian bittersweet","sci_name":"Celastrus orbiculatus","iconic_taxon":"Plantae","rank":"species","user":"betsyyyy","photo":"https://inaturalist-open-data.s3.amazonaws.com/photos/739396431/medium.jpg","url":"https://www.inaturalist.org/observations/402751611"},"geometry":{"type":"Point","coordinates":[-73.8750773799,40.8993367817]}},{"type":"Feature","properties":{"id":"inat-402739425","inat_id":402739425,"observed_on":"2026-09-23","taxon_id":55972,"name":"alder buckthorn","sci_name":"Frangula alnus","iconic_taxon":"Plantae","rank":"species","user":"betsyyyy","photo":"https://inaturalist-open-data.s3.amazonaws.com/photos/739374012/medium.jpg","url":"https://www.inaturalist.org/observations/402739425"},"geometry":{"type":"Point","coordinates":[-73.8751098846,40.8993297719]}},{"type":"Feature","properties":{"id":"inat-402968531","inat_id":402968531,"observed_on":"2026-09-23","taxon_id":84227,"name":"wineberry","sci_name":"Rubus phoenicolasius","iconic_taxon":"Plantae","rank":"species","user":"noelhefele","photo":"https://inaturalist-open-data.s3.amazonaws.com/photos/739819114/medium.jpg","url":"https://www.inaturalist.org/observations/402968531"},"geometry":{"type":"Point","coordinates":[-73.8751210207,40.8994974981]}},{"type":"Feature","properties":{"id":"inat-402813899","inat_id":402813899,"observed_on":"2026-09-23","taxon_id":145233,"name":"Northern Parula","sci_name":"Setophaga americana","iconic_taxon":"Aves","rank":"species","user":"scottedmunds","photo":"https://inaturalist-open-data.s3.amazonaws.com/photos/739513185/medium.jpg","url":"https://www.inaturalist.org/observations/402813899"},"geometry":{"type":"Point","coordinates":[-73.9465716667,40.808045]}},{"type":"Feature","properties":{"id":"inat-402851194","inat_id":402851194,"observed_on":"2026-09-23","taxon_id":145310,"name":"American Goldfinch","sci_name":"Spinus tristis","iconic_taxon":"Aves","rank":"species","user":"kls072892","photo":"https://inaturalist-open-data.s3.amazonaws.com/photos/739585818/medium.jpg","url":"https://www.inaturalist.org/observations/402851194"},"geometry":{"type":"Point","coordinates":[-73.9222888889,40.8577361111]}},{"type":"Feature","properties":{"id":"inat-402732691","inat_id":402732691,"observed_on":"2026-09-23","taxon_id":55972,"name":"alder buckthorn","sci_name":"Frangula alnus","iconic_taxon":"Plantae","rank":"species","user":"betsyyyy","photo":"https://inaturalist-open-data.s3.amazonaws.com/photos/739362480/medium.jpg","url":"https://www.inaturalist.org/observations/402732691"},"geometry":{"type":"Point","coordinates":[-73.8751109571,40.9004072176]}},{"type":"Feature","properties":{"id":"inat-402968485","inat_id":402968485,"observed_on":"2026-09-23","taxon_id":52763,"name":"buttonbush","sci_name":"Cephalanthus occidentalis","iconic_taxon":"Plantae","rank":"species","user":"noelhefele","photo":"https://inaturalist-open-data.s3.amazonaws.com/photos/739819011/medium.jpg","url":"https://www.inaturalist.org/observations/402968485"},"geometry":{"type":"Point","coordinates":[-73.8751431517,40.9003854711]}},{"type":"Feature","properties":{"id":"inat-402812075","inat_id":402812075,"observed_on":"2026-09-23","taxon_id":9721,"name":"Common Yellowthroat","sci_name":"Geothlypis trichas","iconic_taxon":"Aves","rank":"species","user":"kls072892","photo":"https://inaturalist-open-data.s3.amazonaws.com/photos/739509551/medium.jpg","url":"https://www.inaturalist.org/observations/402812075"},"geometry":{"type":"Point","coordinates":[-73.9214166667,40.8573361111]}},{"type":"Feature","properties":{"id":"inat-402919703","inat_id":402919703,"observed_on":"2026-09-23","taxon_id":46017,"name":"Eastern Gray Squirrel","sci_name":"Sciurus carolinensis","iconic_taxon":"Mammalia","rank":"species","user":"dummisauce","photo":"https://inaturalist-open-data.s3.amazonaws.com/photos/739724507/medium.jpg","url":"https://www.inaturalist.org/observations/402919703"},"geometry":{"type":"Point","coordinates":[-73.9756677997,40.6901148]}},{"type":"Feature","properties":{"id":"inat-402896193","inat_id":402896193,"observed_on":"2026-09-23","taxon_id":792988,"name":"Downy Woodpecker","sci_name":"Dryobates pubescens","iconic_taxon":"Aves","rank":"species","user":"possabilitiesclub","photo":"https://inaturalist-open-data.s3.amazonaws.com/photos/739676896/medium.jpg","url":"https://www.inaturalist.org/observations/402896193"},"geometry":{"type":"Point","coordinates":[-73.9655834,40.7825547]}},{"type":"Feature","properties":{"id":"inat-402813553","inat_id":402813553,"observed_on":"2026-09-23","taxon_id":52344,"name":"common morning-glory","sci_name":"Ipomoea purpurea","iconic_taxon":"Plantae","rank":"species","user":"scottedmunds","photo":"https://inaturalist-open-data.s3.amazonaws.com/photos/739512611/medium.jpg","url":"https://www.inaturalist.org/observations/402813553"},"geometry":{"type":"Point","coordinates":[-73.9475383333,40.804645]}},{"type":"Feature","properties":{"id":"inat-403248777","inat_id":403248777,"observed_on":"2026-09-23","taxon_id":240511,"name":"thick-nerved earth moss","sci_name":"Ephemerum crassinervium crassinervium","iconic_taxon":"Plantae","rank":"variety","user":"zihaowang","photo":"https://inaturalist-open-data.s3.amazonaws.com/photos/740366352/medium.jpg","url":"https://www.inaturalist.org/observations/403248777"},"geometry":{"type":"Point","coordinates":[-73.8033286482,40.8734807599]}},{"type":"Feature","properties":{"id":"inat-402811087","inat_id":402811087,"observed_on":"2026-09-23","taxon_id":145237,"name":"Blackburnian Warbler","sci_name":"Setophaga fusca","iconic_taxon":"Aves","rank":"species","user":"kls072892","photo":"https://inaturalist-open-data.s3.amazonaws.com/photos/739507861/medium.jpg","url":"https://www.inaturalist.org/observations/402811087"},"geometry":{"type":"Point","coordinates":[-73.9219055556,40.8581472222]}},{"type":"Feature","properties":{"id":"inat-402968394","inat_id":402968394,"observed_on":"2026-09-23","taxon_id":82342,"name":"Amur honeysuckle","sci_name":"Lonicera maackii","iconic_taxon":"Plantae","rank":"species","user":"noelhefele","photo":"https://inaturalist-open-data.s3.amazonaws.com/photos/739818968/medium.jpg","url":"https://www.inaturalist.org/observations/402968394"},"geometry":{"type":"Point","coordinates":[-73.8754178296,40.9000393854]}},{"type":"Feature","properties":{"id":"inat-402850337","inat_id":402850337,"observed_on":"2026-09-23","taxon_id":46017,"name":"Eastern Gray Squirrel","sci_name":"Sciurus carolinensis","iconic_taxon":"Mammalia","rank":"species","user":"scottedmunds","photo":"https://inaturalist-open-data.s3.amazonaws.com/photos/739584249/medium.jpg","url":"https://www.inaturalist.org/observations/402850337"},"geometry":{"type":"Point","coordinates":[-73.9437716667,40.8042216667]}},{"type":"Feature","properties":{"id":"inat-402850497","inat_id":402850497,"observed_on":"2026-09-23","taxon_id":119048,"name":"white snakeroot","sci_name":"Ageratina altissima","iconic_taxon":"Plantae","rank":"species","user":"scottedmunds","photo":"https://inaturalist-open-data.s3.amazonaws.com/photos/739584779/medium.jpg","url":"https://www.inaturalist.org/observations/402850497"},"geometry":{"type":"Point","coordinates":[-73.94352,40.803545]}},{"type":"Feature","properties":{"id":"inat-402850760","inat_id":402850760,"observed_on":"2026-09-23","taxon_id":48599,"name":"American pokeweed","sci_name":"Phytolacca americana","iconic_taxon":"Plantae","rank":"species","user":"scottedmunds","photo":"https://inaturalist-open-data.s3.amazonaws.com/photos/739585092/medium.jpg","url":"https://www.inaturalist.org/observations/402850760"},"geometry":{"type":"Point","coordinates":[-73.9431133333,40.8037533333]}},{"type":"Feature","properties":{"id":"inat-402817519","inat_id":402817519,"observed_on":"2026-09-23","taxon_id":1289622,"name":"Leach's Storm-Petrel","sci_name":"Hydrobates leucorhous","iconic_taxon":"Aves","rank":"species","user":"newyorknaturalist","photo":"https://static.inaturalist.org/photos/739519556/medium.jpg","url":"https://www.inaturalist.org/observations/402817519"},"geometry":{"type":"Point","coordinates":[-73.7812257384,40.8485078612]}},{"type":"Feature","properties":{"id":"inat-402804971","inat_id":402804971,"observed_on":"2026-09-23","taxon_id":165744,"name":"Round Hornwort","sci_name":"Notothylas orbicularis","iconic_taxon":"Plantae","rank":"species","user":"zihaowang","photo":"https://inaturalist-open-data.s3.amazonaws.com/photos/739496958/medium.jpg","url":"https://www.inaturalist.org/observations/402804971"},"geometry":{"type":"Point","coordinates":[-73.803302,40.87342]}},{"type":"Feature","properties":{"id":"inat-402810917","inat_id":402810917,"observed_on":"2026-09-23","taxon_id":9083,"name":"Northern Cardinal","sci_name":"Cardinalis cardinalis","iconic_taxon":"Aves","rank":"species","user":"kls072892","photo":"https://inaturalist-open-data.s3.amazonaws.com/photos/739507551/medium.jpg","url":"https://www.inaturalist.org/observations/402810917"},"geometry":{"type":"Point","coordinates":[-73.9222055556,40.8584555556]}},{"type":"Feature","properties":{"id":"inat-402726326","inat_id":402726326,"observed_on":"2026-09-23","taxon_id":46017,"name":"Eastern Gray Squirrel","sci_name":"Sciurus carolinensis","iconic_taxon":"Mammalia","rank":"species","user":"themorningsidebirdwatcher","photo":"https://inaturalist-open-data.s3.amazonaws.com/photos/739351431/medium.jpg","url":"https://www.inaturalist.org/observations/402726326"},"geometry":{"type":"Point","coordinates":[-73.963495,40.8089716667]}},{"type":"Feature","properties":{"id":"inat-402726467","inat_id":402726467,"observed_on":"2026-09-23","taxon_id":8229,"name":"Blue Jay","sci_name":"Cyanocitta cristata","iconic_taxon":"Aves","rank":"species","user":"lev2937","photo":"https://inaturalist-open-data.s3.amazonaws.com/photos/739351701/medium.jpg","url":"https://www.inaturalist.org/observations/402726467"},"geometry":{"type":"Point","coordinates":[-73.8781318935,40.8645895559]}},{"type":"Feature","properties":{"id":"inat-402725992","inat_id":402725992,"observed_on":"2026-09-23","taxon_id":55620,"name":"bittersweet nightshade","sci_name":"Solanum dulcamara","iconic_taxon":"Plantae","rank":"species","user":"benjamin_lester","photo":"https://static.inaturalist.org/photos/739350920/medium.jpg","url":"https://www.inaturalist.org/observations/402725992"},"geometry":{"type":"Point","coordinates":[-73.9840871411,40.7311413627]}},{"type":"Feature","properties":{"id":"inat-402805140","inat_id":402805140,"observed_on":"2026-09-23","taxon_id":9100,"name":"Song Sparrow","sci_name":"Melospiza melodia","iconic_taxon":"Aves","rank":"species","user":"kls072892","photo":"https://inaturalist-open-data.s3.amazonaws.com/photos/739497281/medium.jpg","url":"https://www.inaturalist.org/observations/402805140"},"geometry":{"type":"Point","coordinates":[-73.921525,40.8581277778]}},{"type":"Feature","properties":{"id":"inat-402725864","inat_id":402725864,"observed_on":"2026-09-23","taxon_id":120519,"name":"Hairy Nightshade","sci_name":"Solanum sarrachoides","iconic_taxon":"Plantae","rank":"species","user":"alanbar","photo":"https://inaturalist-open-data.s3.amazonaws.com/photos/739350736/medium.jpg","url":"https://www.inaturalist.org/observations/402725864"},"geometry":{"type":"Point","coordinates":[-73.9709675485,40.6582599592]}},{"type":"Feature","properties":{"id":"inat-402725517","inat_id":402725517,"observed_on":"2026-09-23","taxon_id":71154,"name":"Oleander Aphid","sci_name":"Aphis nerii","iconic_taxon":"Insecta","rank":"species","user":"alanbar","photo":"https://inaturalist-open-data.s3.amazonaws.com/photos/739350645/medium.jpg","url":"https://www.inaturalist.org/observations/402725517"},"geometry":{"type":"Point","coordinates":[-73.9709384785,40.6582970866]}},{"type":"Feature","properties":{"id":"inat-402850844","inat_id":402850844,"observed_on":"2026-09-23","taxon_id":52344,"name":"common morning-glory","sci_name":"Ipomoea purpurea","iconic_taxon":"Plantae","rank":"species","user":"scottedmunds","photo":"https://inaturalist-open-data.s3.amazonaws.com/photos/739585242/medium.jpg","url":"https://www.inaturalist.org/observations/402850844"},"geometry":{"type":"Point","coordinates":[-73.9396966667,40.8071866667]}},{"type":"Feature","properties":{"id":"inat-402723368","inat_id":402723368,"observed_on":"2026-09-23","taxon_id":13858,"name":"House Sparrow","sci_name":"Passer domesticus","iconic_taxon":"Aves","rank":"species","user":"lev2937","photo":"https://inaturalist-open-data.s3.amazonaws.com/photos/739345880/medium.jpg","url":"https://www.inaturalist.org/observations/402723368"},"geometry":{"type":"Point","coordinates":[-73.8791314993,40.8634887064]}},{"type":"Feature","properties":{"id":"inat-402721981","inat_id":402721981,"observed_on":"2026-09-23","taxon_id":141626,"name":"False Milkweed Bug","sci_name":"Lygaeus turcicus","iconic_taxon":"Insecta","rank":"species","user":"lacemarroquin","photo":"https://static.inaturalist.org/photos/739343591/medium.jpg","url":"https://www.inaturalist.org/observations/402721981"},"geometry":{"type":"Point","coordinates":[-73.9432402489,40.7768622987]}},{"type":"Feature","properties":{"id":"inat-402804060","inat_id":402804060,"observed_on":"2026-09-23","taxon_id":792988,"name":"Downy Woodpecker","sci_name":"Dryobates pubescens","iconic_taxon":"Aves","rank":"species","user":"kls072892","photo":"https://inaturalist-open-data.s3.amazonaws.com/photos/739495285/medium.jpg","url":"https://www.inaturalist.org/observations/402804060"},"geometry":{"type":"Point","coordinates":[-73.9219833333,40.856925]}},{"type":"Feature","properties":{"id":"inat-402766573","inat_id":402766573,"observed_on":"2026-09-23","taxon_id":324726,"name":"Spotted Lanternfly","sci_name":"Lycorma delicatula","iconic_taxon":"Insecta","rank":"species","user":"kristinachao","photo":"https://inaturalist-open-data.s3.amazonaws.com/photos/739423154/medium.jpg","url":"https://www.inaturalist.org/observations/402766573"},"geometry":{"type":"Point","coordinates":[-73.9751064603,40.7696929141]}},{"type":"Feature","properties":{"id":"inat-402766548","inat_id":402766548,"observed_on":"2026-09-23","taxon_id":48662,"name":"Monarch","sci_name":"Danaus plexippus","iconic_taxon":"Insecta","rank":"species","user":"kristinachao","photo":"https://inaturalist-open-data.s3.amazonaws.com/photos/739423109/medium.jpg","url":"https://www.inaturalist.org/observations/402766548"},"geometry":{"type":"Point","coordinates":[-73.97532,40.7697716667]}},{"type":"Feature","properties":{"id":"inat-403062479","inat_id":403062479,"observed_on":"2026-09-23","taxon_id":118970,"name":"Common Eastern Bumble Bee","sci_name":"Bombus impatiens","iconic_taxon":"Insecta","rank":"species","user":"siasingh","photo":"https://inaturalist-open-data.s3.amazonaws.com/photos/739997555/medium.jpg","url":"https://www.inaturalist.org/observations/403062479"},"geometry":{"type":"Point","coordinates":[-73.9732707701,40.7658148613]}},{"type":"Feature","properties":{"id":"inat-403110219","inat_id":403110219,"observed_on":"2026-09-23","taxon_id":48662,"name":"Monarch","sci_name":"Danaus plexippus","iconic_taxon":"Insecta","rank":"species","user":"siasingh","photo":"https://inaturalist-open-data.s3.amazonaws.com/photos/740091059/medium.jpg","url":"https://www.inaturalist.org/observations/403110219"},"geometry":{"type":"Point","coordinates":[-73.9655584012,40.7824838384]}},{"type":"Feature","properties":{"id":"inat-402805006","inat_id":402805006,"observed_on":"2026-09-23","taxon_id":1454382,"name":"Double-crested Cormorant","sci_name":"Nannopterum auritum","iconic_taxon":"Aves","rank":"species","user":"kls072892","photo":"https://inaturalist-open-data.s3.amazonaws.com/photos/739497008/medium.jpg","url":"https://www.inaturalist.org/observations/402805006"},"geometry":{"type":"Point","coordinates":[-73.9210444444,40.8580361111]}},{"type":"Feature","properties":{"id":"inat-403324906","inat_id":403324906,"observed_on":"2026-09-23","taxon_id":41663,"name":"Common Raccoon","sci_name":"Procyon lotor","iconic_taxon":"Mammalia","rank":"species","user":"paulixcrack2008","photo":"https://inaturalist-open-data.s3.amazonaws.com/photos/740512635/medium.jpg","url":"https://www.inaturalist.org/observations/403324906"},"geometry":{"type":"Point","coordinates":[-73.824771063,40.616942721]}},{"type":"Feature","properties":{"id":"inat-402766516","inat_id":402766516,"observed_on":"2026-09-23","taxon_id":51221,"name":"Red Swamp Crayfish","sci_name":"Procambarus clarkii","iconic_taxon":"Animalia","rank":"species","user":"kristinachao","photo":"https://inaturalist-open-data.s3.amazonaws.com/photos/739423027/medium.jpg","url":"https://www.inaturalist.org/observations/402766516"},"geometry":{"type":"Point","coordinates":[-73.9738166667,40.7670116667]}},{"type":"Feature","properties":{"id":"inat-403063499","inat_id":403063499,"observed_on":"2026-09-23","taxon_id":51221,"name":"Red Swamp Crayfish","sci_name":"Procambarus clarkii","iconic_taxon":"Animalia","rank":"species","user":"siasingh","photo":"https://inaturalist-open-data.s3.amazonaws.com/photos/739999218/medium.jpg","url":"https://www.inaturalist.org/observations/403063499"},"geometry":{"type":"Point","coordinates":[-73.96563,40.78255]}},{"type":"Feature","properties":{"id":"inat-402863667","inat_id":402863667,"observed_on":"2026-09-23","taxon_id":54573,"name":"splitgill mushroom","sci_name":"Schizophyllum commune","iconic_taxon":"Fungi","rank":"species","user":"vivian_young","photo":"https://static.inaturalist.org/photos/739609634/medium.jpg","url":"https://www.inaturalist.org/observations/402863667"},"geometry":{"type":"Point","coordinates":[-73.8764910325,40.8680870985]}},{"type":"Feature","properties":{"id":"inat-403063577","inat_id":403063577,"observed_on":"2026-09-23","taxon_id":14850,"name":"European Starling","sci_name":"Sturnus vulgaris","iconic_taxon":"Aves","rank":"species","user":"siasingh","photo":"https://inaturalist-open-data.s3.amazonaws.com/photos/739999384/medium.jpg","url":"https://www.inaturalist.org/observations/403063577"},"geometry":{"type":"Point","coordinates":[-73.9655584012,40.7824838384]}},{"type":"Feature","properties":{"id":"inat-402715405","inat_id":402715405,"observed_on":"2026-09-23","taxon_id":53587,"name":"common ragweed","sci_name":"Ambrosia artemisiifolia","iconic_taxon":"Plantae","rank":"species","user":"stvgrm","photo":"https://inaturalist-open-data.s3.amazonaws.com/photos/739330970/medium.jpg","url":"https://www.inaturalist.org/observations/402715405"},"geometry":{"type":"Point","coordinates":[-73.9620883333,40.79297]}},{"type":"Feature","properties":{"id":"inat-402861647","inat_id":402861647,"observed_on":"2026-09-23","taxon_id":143803,"name":"low smartweed","sci_name":"Persicaria longiseta","iconic_taxon":"Plantae","rank":"species","user":"vivian_young","photo":"https://static.inaturalist.org/photos/739605460/medium.jpg","url":"https://www.inaturalist.org/observations/402861647"},"geometry":{"type":"Point","coordinates":[-73.8775513109,40.8686673005]}},{"type":"Feature","properties":{"id":"inat-402766675","inat_id":402766675,"observed_on":"2026-09-23","taxon_id":14850,"name":"European Starling","sci_name":"Sturnus vulgaris","iconic_taxon":"Aves","rank":"species","user":"kristinachao","photo":"https://inaturalist-open-data.s3.amazonaws.com/photos/739423379/medium.jpg","url":"https://www.inaturalist.org/observations/402766675"},"geometry":{"type":"Point","coordinates":[-73.9736180765,40.7671384353]}},{"type":"Feature","properties":{"id":"inat-403110816","inat_id":403110816,"observed_on":"2026-09-23","taxon_id":12727,"name":"American Robin","sci_name":"Turdus migratorius","iconic_taxon":"Aves","rank":"species","user":"siasingh","photo":"https://inaturalist-open-data.s3.amazonaws.com/photos/740092125/medium.jpg","url":"https://www.inaturalist.org/observations/403110816"},"geometry":{"type":"Point","coordinates":[-73.96563,40.78255]}},{"type":"Feature","properties":{"id":"inat-402766732","inat_id":402766732,"observed_on":"2026-09-23","taxon_id":12727,"name":"American Robin","sci_name":"Turdus migratorius","iconic_taxon":"Aves","rank":"species","user":"kristinachao","photo":"https://inaturalist-open-data.s3.amazonaws.com/photos/739423446/medium.jpg","url":"https://www.inaturalist.org/observations/402766732"},"geometry":{"type":"Point","coordinates":[-73.9737373144,40.767167553]}},{"type":"Feature","properties":{"id":"inat-403063315","inat_id":403063315,"observed_on":"2026-09-23","taxon_id":12727,"name":"American Robin","sci_name":"Turdus migratorius","iconic_taxon":"Aves","rank":"species","user":"siasingh","photo":"https://inaturalist-open-data.s3.amazonaws.com/photos/739998915/medium.jpg","url":"https://www.inaturalist.org/observations/403063315"},"geometry":{"type":"Point","coordinates":[-73.9655584012,40.7824838384]}},{"type":"Feature","properties":{"id":"inat-402773887","inat_id":402773887,"observed_on":"2026-09-23","taxon_id":55882,"name":"common ivy","sci_name":"Hedera helix","iconic_taxon":"Plantae","rank":"species","user":"kristinachao","photo":"https://inaturalist-open-data.s3.amazonaws.com/photos/739436693/medium.jpg","url":"https://www.inaturalist.org/observations/402773887"},"geometry":{"type":"Point","coordinates":[-73.9736783333,40.76693]}},{"type":"Feature","properties":{"id":"inat-402773820","inat_id":402773820,"observed_on":"2026-09-23","taxon_id":75916,"name":"Butterfly bush","sci_name":"Buddleja davidii","iconic_taxon":"Plantae","rank":"species","user":"kristinachao","photo":"https://inaturalist-open-data.s3.amazonaws.com/photos/739436569/medium.jpg","url":"https://www.inaturalist.org/observations/402773820"},"geometry":{"type":"Point","coordinates":[-73.9735366667,40.7665966667]}},{"type":"Feature","properties":{"id":"inat-402764423","inat_id":402764423,"observed_on":"2026-09-23","taxon_id":9721,"name":"Common Yellowthroat","sci_name":"Geothlypis trichas","iconic_taxon":"Aves","rank":"species","user":"pawelp","photo":"https://inaturalist-open-data.s3.amazonaws.com/photos/739424502/medium.jpg","url":"https://www.inaturalist.org/observations/402764423"},"geometry":{"type":"Point","coordinates":[-73.9958769722,40.702657]}},{"type":"Feature","properties":{"id":"inat-403063185","inat_id":403063185,"observed_on":"2026-09-23","taxon_id":6930,"name":"Mallard","sci_name":"Anas platyrhynchos","iconic_taxon":"Aves","rank":"species","user":"siasingh","photo":"https://inaturalist-open-data.s3.amazonaws.com/photos/739998746/medium.jpg","url":"https://www.inaturalist.org/observations/403063185"},"geometry":{"type":"Point","coordinates":[-73.96563,40.78255]}},{"type":"Feature","properties":{"id":"inat-402766212","inat_id":402766212,"observed_on":"2026-09-23","taxon_id":13858,"name":"House Sparrow","sci_name":"Passer domesticus","iconic_taxon":"Aves","rank":"species","user":"kristinachao","photo":"https://inaturalist-open-data.s3.amazonaws.com/photos/739422481/medium.jpg","url":"https://www.inaturalist.org/observations/402766212"},"geometry":{"type":"Point","coordinates":[-73.9738960983,40.7682726285]}},{"type":"Feature","properties":{"id":"inat-403063089","inat_id":403063089,"observed_on":"2026-09-23","taxon_id":13858,"name":"House Sparrow","sci_name":"Passer domesticus","iconic_taxon":"Aves","rank":"species","user":"siasingh","photo":"https://inaturalist-open-data.s3.amazonaws.com/photos/740090300/medium.jpg","url":"https://www.inaturalist.org/observations/403063089"},"geometry":{"type":"Point","coordinates":[-73.96563,40.78255]}},{"type":"Feature","properties":{"id":"inat-402766414","inat_id":402766414,"observed_on":"2026-09-23","taxon_id":6930,"name":"Mallard","sci_name":"Anas platyrhynchos","iconic_taxon":"Aves","rank":"species","user":"kristinachao","photo":"https://inaturalist-open-data.s3.amazonaws.com/photos/739422828/medium.jpg","url":"https://www.inaturalist.org/observations/402766414"},"geometry":{"type":"Point","coordinates":[-73.9736116667,40.766525]}},{"type":"Feature","properties":{"id":"inat-403109765","inat_id":403109765,"observed_on":"2026-09-23","taxon_id":119048,"name":"white snakeroot","sci_name":"Ageratina altissima","iconic_taxon":"Plantae","rank":"species","user":"siasingh","photo":"https://inaturalist-open-data.s3.amazonaws.com/photos/740090209/medium.jpg","url":"https://www.inaturalist.org/observations/403109765"},"geometry":{"type":"Point","coordinates":[-73.96563,40.78255]}},{"type":"Feature","properties":{"id":"inat-402861922","inat_id":402861922,"observed_on":"2026-09-23","taxon_id":127685,"name":"White Wood Aster","sci_name":"Eurybia divaricata","iconic_taxon":"Plantae","rank":"species","user":"vivian_young","photo":"https://static.inaturalist.org/photos/739606088/medium.jpg","url":"https://www.inaturalist.org/observations/402861922"},"geometry":{"type":"Point","coordinates":[-73.8776944183,40.8688345871]}},{"type":"Feature","properties":{"id":"inat-402766375","inat_id":402766375,"observed_on":"2026-09-23","taxon_id":7089,"name":"Canada Goose","sci_name":"Branta canadensis","iconic_taxon":"Aves","rank":"species","user":"kristinachao","photo":"https://inaturalist-open-data.s3.amazonaws.com/photos/739422743/medium.jpg","url":"https://www.inaturalist.org/observations/402766375"},"geometry":{"type":"Point","coordinates":[-73.9737466667,40.7655866667]}},{"type":"Feature","properties":{"id":"inat-402713011","inat_id":402713011,"observed_on":"2026-09-23","taxon_id":52856,"name":"common mugwort","sci_name":"Artemisia vulgaris","iconic_taxon":"Plantae","rank":"species","user":"stvgrm","photo":"https://inaturalist-open-data.s3.amazonaws.com/photos/739327185/medium.jpg","url":"https://www.inaturalist.org/observations/402713011"},"geometry":{"type":"Point","coordinates":[-73.9614768048,40.7917528181]}},{"type":"Feature","properties":{"id":"inat-402863328","inat_id":402863328,"observed_on":"2026-09-23","taxon_id":170200,"name":"linden viburnum","sci_name":"Viburnum dilatatum","iconic_taxon":"Plantae","rank":"species","user":"vivian_young","photo":"https://static.inaturalist.org/photos/739608987/medium.jpg","url":"https://www.inaturalist.org/observations/402863328"},"geometry":{"type":"Point","coordinates":[-73.8776357139,40.868076596]}},{"type":"Feature","properties":{"id":"inat-402711694","inat_id":402711694,"observed_on":"2026-09-23","taxon_id":47888,"name":"common jewelweed","sci_name":"Impatiens capensis","iconic_taxon":"Plantae","rank":"species","user":"nonavianry","photo":"https://inaturalist-open-data.s3.amazonaws.com/photos/739538637/medium.jpg","url":"https://www.inaturalist.org/observations/402711694"},"geometry":{"type":"Point","coordinates":[-73.8773556054,40.8970158175]}},{"type":"Feature","properties":{"id":"inat-402713849","inat_id":402713849,"observed_on":"2026-09-23","taxon_id":62550,"name":"Ovenbird","sci_name":"Seiurus aurocapilla","iconic_taxon":"Aves","rank":"species","user":"jerty","photo":"https://inaturalist-open-data.s3.amazonaws.com/photos/739328331/medium.jpg","url":"https://www.inaturalist.org/observations/402713849"},"geometry":{"type":"Point","coordinates":[-73.9979383333,40.7271883333]}},{"type":"Feature","properties":{"id":"inat-402871760","inat_id":402871760,"observed_on":"2026-09-23","taxon_id":4956,"name":"Great Blue Heron","sci_name":"Ardea herodias","iconic_taxon":"Aves","rank":"species","user":"vivian_young","photo":"https://static.inaturalist.org/photos/739626671/medium.jpg","url":"https://www.inaturalist.org/observations/402871760"},"geometry":{"type":"Point","coordinates":[-73.8771835553,40.867453658]}},{"type":"Feature","properties":{"id":"inat-402709713","inat_id":402709713,"observed_on":"2026-09-23","taxon_id":122767,"name":"Feral Pigeon","sci_name":"Columba livia domestica","iconic_taxon":"Aves","rank":"variety","user":"pigeon_appreciator","photo":"https://inaturalist-open-data.s3.amazonaws.com/photos/739321200/medium.jpg","url":"https://www.inaturalist.org/observations/402709713"},"geometry":{"type":"Point","coordinates":[-73.9699633333,40.80328]}},{"type":"Feature","properties":{"id":"inat-402712146","inat_id":402712146,"observed_on":"2026-09-23","taxon_id":122767,"name":"Feral Pigeon","sci_name":"Columba livia domestica","iconic_taxon":"Aves","rank":"variety","user":"pigeon_appreciator","photo":"https://inaturalist-open-data.s3.amazonaws.com/photos/739325654/medium.jpg","url":"https://www.inaturalist.org/observations/402712146"},"geometry":{"type":"Point","coordinates":[-73.96968,40.80325]}},{"type":"Feature","properties":{"id":"inat-402719340","inat_id":402719340,"observed_on":"2026-09-23","taxon_id":48549,"name":"American Lady","sci_name":"Vanessa virginiensis","iconic_taxon":"Insecta","rank":"species","user":"christinecieslak","photo":"https://inaturalist-open-data.s3.amazonaws.com/photos/739337862/medium.jpg","url":"https://www.inaturalist.org/observations/402719340"},"geometry":{"type":"Point","coordinates":[-74.00764445,40.74282]}},{"type":"Feature","properties":{"id":"inat-402844298","inat_id":402844298,"observed_on":"2026-09-23","taxon_id":14995,"name":"Gray Catbird","sci_name":"Dumetella carolinensis","iconic_taxon":"Aves","rank":"species","user":"james71183","photo":"https://inaturalist-open-data.s3.amazonaws.com/photos/739571407/medium.jpg","url":"https://www.inaturalist.org/observations/402844298"},"geometry":{"type":"Point","coordinates":[-73.9872819983,40.7228996529]}},{"type":"Feature","properties":{"id":"inat-402710086","inat_id":402710086,"observed_on":"2026-09-23","taxon_id":145233,"name":"Northern Parula","sci_name":"Setophaga americana","iconic_taxon":"Aves","rank":"species","user":"landrum","photo":"https://inaturalist-open-data.s3.amazonaws.com/photos/739321770/medium.jpg","url":"https://www.inaturalist.org/observations/402710086"},"geometry":{"type":"Point","coordinates":[-73.95652,40.755955]}},{"type":"Feature","properties":{"id":"inat-402699244","inat_id":402699244,"observed_on":"2026-09-23","taxon_id":122767,"name":"Feral Pigeon","sci_name":"Columba livia domestica","iconic_taxon":"Aves","rank":"variety","user":"edropkin","photo":"https://inaturalist-open-data.s3.amazonaws.com/photos/739299827/medium.jpg","url":"https://www.inaturalist.org/observations/402699244"},"geometry":{"type":"Point","coordinates":[-74.0463028333,40.7217883333]}},{"type":"Feature","properties":{"id":"inat-402699287","inat_id":402699287,"observed_on":"2026-09-23","taxon_id":14850,"name":"European Starling","sci_name":"Sturnus vulgaris","iconic_taxon":"Aves","rank":"species","user":"edropkin","photo":"https://inaturalist-open-data.s3.amazonaws.com/photos/739299873/medium.jpg","url":"https://www.inaturalist.org/observations/402699287"},"geometry":{"type":"Point","coordinates":[-74.0463111667,40.7217883333]}},{"type":"Feature","properties":{"id":"inat-402824263","inat_id":402824263,"observed_on":"2026-09-23","taxon_id":9083,"name":"Northern Cardinal","sci_name":"Cardinalis cardinalis","iconic_taxon":"Aves","rank":"species","user":"imcoyote","photo":"https://inaturalist-open-data.s3.amazonaws.com/photos/739532593/medium.jpg","url":"https://www.inaturalist.org/observations/402824263"},"geometry":{"type":"Point","coordinates":[-73.9687116667,40.7759466667]}},{"type":"Feature","properties":{"id":"inat-402697401","inat_id":402697401,"observed_on":"2026-09-23","taxon_id":56832,"name":"Mourning Cloak","sci_name":"Nymphalis antiopa","iconic_taxon":"Insecta","rank":"species","user":"zschulman","photo":"https://inaturalist-open-data.s3.amazonaws.com/photos/739295881/medium.jpg","url":"https://www.inaturalist.org/observations/402697401"},"geometry":{"type":"Point","coordinates":[-74.0657261284,40.7763774687]}},{"type":"Feature","properties":{"id":"inat-402624931","inat_id":402624931,"observed_on":"2026-09-22","taxon_id":47919,"name":"Polyphemus Moth","sci_name":"Antheraea polyphemus","iconic_taxon":"Insecta","rank":"species","user":"tofujojo","photo":"https://inaturalist-open-data.s3.amazonaws.com/photos/739150782/medium.jpg","url":"https://www.inaturalist.org/observations/402624931"},"geometry":{"type":"Point","coordinates":[-74.0851988476,40.7231987958]}},{"type":"Feature","properties":{"id":"inat-402623881","inat_id":402623881,"observed_on":"2026-09-22","taxon_id":118552,"name":"Domestic Cat","sci_name":"Felis catus","iconic_taxon":"Mammalia","rank":"species","user":"miuni","photo":"https://inaturalist-open-data.s3.amazonaws.com/photos/739153112/medium.jpg","url":"https://www.inaturalist.org/observations/402623881"},"geometry":{"type":"Point","coordinates":[-74.0315695,40.634705]}},{"type":"Feature","properties":{"id":"inat-402883784","inat_id":402883784,"observed_on":"2026-09-22","taxon_id":46017,"name":"Eastern Gray Squirrel","sci_name":"Sciurus carolinensis","iconic_taxon":"Mammalia","rank":"species","user":"jean43224","photo":"https://inaturalist-open-data.s3.amazonaws.com/photos/739651274/medium.jpg","url":"https://www.inaturalist.org/observations/402883784"},"geometry":{"type":"Point","coordinates":[-74.0500244,40.8905837]}},{"type":"Feature","properties":{"id":"inat-402619108","inat_id":402619108,"observed_on":"2026-09-22","taxon_id":49552,"name":"House Centipede","sci_name":"Scutigera coleoptrata","iconic_taxon":"Animalia","rank":"species","user":"wikinyc","photo":"https://inaturalist-open-data.s3.amazonaws.com/photos/739138133/medium.jpg","url":"https://www.inaturalist.org/observations/402619108"},"geometry":{"type":"Point","coordinates":[-73.943205,40.7214133333]}},{"type":"Feature","properties":{"id":"inat-402608633","inat_id":402608633,"observed_on":"2026-09-22","taxon_id":52856,"name":"common mugwort","sci_name":"Artemisia vulgaris","iconic_taxon":"Plantae","rank":"species","user":"lizscaf","photo":"https://inaturalist-open-data.s3.amazonaws.com/photos/739116571/medium.jpg","url":"https://www.inaturalist.org/observations/402608633"},"geometry":{"type":"Point","coordinates":[-73.965434,40.782416]}},{"type":"Feature","properties":{"id":"inat-403049456","inat_id":403049456,"observed_on":"2026-09-22","taxon_id":12727,"name":"American Robin","sci_name":"Turdus migratorius","iconic_taxon":"Aves","rank":"species","user":"stevejaffe","photo":"https://static.inaturalist.org/photos/739972341/medium.jpg","url":"https://www.inaturalist.org/observations/403049456"},"geometry":{"type":"Point","coordinates":[-73.9131333333,40.8993666667]}},{"type":"Feature","properties":{"id":"inat-402606613","inat_id":402606613,"observed_on":"2026-09-22","taxon_id":126264,"name":"Powder Blue Isopod","sci_name":"Porcellionides pruinosus","iconic_taxon":"Animalia","rank":"species","user":"juliadevine","photo":"https://inaturalist-open-data.s3.amazonaws.com/photos/739112545/medium.jpg","url":"https://www.inaturalist.org/observations/402606613"},"geometry":{"type":"Point","coordinates":[-73.8084334064,40.6932742752]}},{"type":"Feature","properties":{"id":"inat-402610784","inat_id":402610784,"observed_on":"2026-09-22","taxon_id":51636,"name":"hairy crabweed","sci_name":"Fatoua villosa","iconic_taxon":"Plantae","rank":"species","user":"starrrlou","photo":"https://inaturalist-open-data.s3.amazonaws.com/photos/739121205/medium.jpg","url":"https://www.inaturalist.org/observations/402610784"},"geometry":{"type":"Point","coordinates":[-73.8398952037,40.6697223351]}},{"type":"Feature","properties":{"id":"inat-402607655","inat_id":402607655,"observed_on":"2026-09-22","taxon_id":48599,"name":"American pokeweed","sci_name":"Phytolacca americana","iconic_taxon":"Plantae","rank":"species","user":"starrrlou","photo":"https://inaturalist-open-data.s3.amazonaws.com/photos/739114544/medium.jpg","url":"https://www.inaturalist.org/observations/402607655"},"geometry":{"type":"Point","coordinates":[-73.8389222324,40.6693670773]}},{"type":"Feature","properties":{"id":"inat-403137982","inat_id":403137982,"observed_on":"2026-09-22","taxon_id":52856,"name":"common mugwort","sci_name":"Artemisia vulgaris","iconic_taxon":"Plantae","rank":"species","user":"leoscheideman","photo":"https://inaturalist-open-data.s3.amazonaws.com/photos/740146601/medium.jpg","url":"https://www.inaturalist.org/observations/403137982"},"geometry":{"type":"Point","coordinates":[-73.9605633333,40.78235]}},{"type":"Feature","properties":{"id":"inat-402583157","inat_id":402583157,"observed_on":"2026-09-22","taxon_id":324726,"name":"Spotted Lanternfly","sci_name":"Lycorma delicatula","iconic_taxon":"Insecta","rank":"species","user":"dougnaturalist","photo":"https://static.inaturalist.org/photos/739066667/medium.jpg","url":"https://www.inaturalist.org/observations/402583157"},"geometry":{"type":"Point","coordinates":[-73.9863989689,40.6900945399]}},{"type":"Feature","properties":{"id":"inat-402608617","inat_id":402608617,"observed_on":"2026-09-22","taxon_id":118970,"name":"Common Eastern Bumble Bee","sci_name":"Bombus impatiens","iconic_taxon":"Insecta","rank":"species","user":"edropkin","photo":"https://inaturalist-open-data.s3.amazonaws.com/photos/739116506/medium.jpg","url":"https://www.inaturalist.org/observations/402608617"},"geometry":{"type":"Point","coordinates":[-74.0545278333,40.7259966667]}},{"type":"Feature","properties":{"id":"inat-402608632","inat_id":402608632,"observed_on":"2026-09-22","taxon_id":48599,"name":"American pokeweed","sci_name":"Phytolacca americana","iconic_taxon":"Plantae","rank":"species","user":"edropkin","photo":"https://inaturalist-open-data.s3.amazonaws.com/photos/739116554/medium.jpg","url":"https://www.inaturalist.org/observations/402608632"},"geometry":{"type":"Point","coordinates":[-74.0545195,40.7259883333]}},{"type":"Feature","properties":{"id":"inat-402608956","inat_id":402608956,"observed_on":"2026-09-22","taxon_id":118970,"name":"Common Eastern Bumble Bee","sci_name":"Bombus impatiens","iconic_taxon":"Insecta","rank":"species","user":"edropkin","photo":"https://inaturalist-open-data.s3.amazonaws.com/photos/739117052/medium.jpg","url":"https://www.inaturalist.org/observations/402608956"},"geometry":{"type":"Point","coordinates":[-74.0547638333,40.7256283333]}},{"type":"Feature","properties":{"id":"inat-402609024","inat_id":402609024,"observed_on":"2026-09-22","taxon_id":204237,"name":"Porcelain Berry","sci_name":"Ampelopsis glandulosa","iconic_taxon":"Plantae","rank":"species","user":"edropkin","photo":"https://inaturalist-open-data.s3.amazonaws.com/photos/739117162/medium.jpg","url":"https://www.inaturalist.org/observations/402609024"},"geometry":{"type":"Point","coordinates":[-74.0548028333,40.7255616667]}},{"type":"Feature","properties":{"id":"inat-402609102","inat_id":402609102,"observed_on":"2026-09-22","taxon_id":324726,"name":"Spotted Lanternfly","sci_name":"Lycorma delicatula","iconic_taxon":"Insecta","rank":"species","user":"edropkin","photo":"https://inaturalist-open-data.s3.amazonaws.com/photos/739117249/medium.jpg","url":"https://www.inaturalist.org/observations/402609102"},"geometry":{"type":"Point","coordinates":[-74.054725,40.7254633333]}},{"type":"Feature","properties":{"id":"inat-402580715","inat_id":402580715,"observed_on":"2026-09-22","taxon_id":118552,"name":"Domestic Cat","sci_name":"Felis catus","iconic_taxon":"Mammalia","rank":"species","user":"rjhawk","photo":"https://inaturalist-open-data.s3.amazonaws.com/photos/739060942/medium.jpg","url":"https://www.inaturalist.org/observations/402580715"},"geometry":{"type":"Point","coordinates":[-73.837525,40.7517616667]}},{"type":"Feature","properties":{"id":"inat-402867788","inat_id":402867788,"observed_on":"2026-09-22","taxon_id":18205,"name":"Red-bellied Woodpecker","sci_name":"Melanerpes carolinus","iconic_taxon":"Aves","rank":"species","user":"snowleopardgirl","photo":"https://inaturalist-open-data.s3.amazonaws.com/photos/739617396/medium.jpg","url":"https://www.inaturalist.org/observations/402867788"},"geometry":{"type":"Point","coordinates":[-73.7112053298,40.7730707007]}},{"type":"Feature","properties":{"id":"inat-402609383","inat_id":402609383,"observed_on":"2026-09-22","taxon_id":51875,"name":"Red Clover","sci_name":"Trifolium pratense","iconic_taxon":"Plantae","rank":"species","user":"edropkin","photo":"https://inaturalist-open-data.s3.amazonaws.com/photos/739118050/medium.jpg","url":"https://www.inaturalist.org/observations/402609383"},"geometry":{"type":"Point","coordinates":[-74.0540166667,40.72487]}},{"type":"Feature","properties":{"id":"inat-402609398","inat_id":402609398,"observed_on":"2026-09-22","taxon_id":76610,"name":"wild carrot","sci_name":"Daucus carota","iconic_taxon":"Plantae","rank":"species","user":"edropkin","photo":"https://inaturalist-open-data.s3.amazonaws.com/photos/739118081/medium.jpg","url":"https://www.inaturalist.org/observations/402609398"},"geometry":{"type":"Point","coordinates":[-74.0540555,40.7248416667]}},{"type":"Feature","properties":{"id":"inat-402609414","inat_id":402609414,"observed_on":"2026-09-22","taxon_id":52899,"name":"Carolina horsenettle","sci_name":"Solanum carolinense","iconic_taxon":"Plantae","rank":"species","user":"edropkin","photo":"https://inaturalist-open-data.s3.amazonaws.com/photos/739118117/medium.jpg","url":"https://www.inaturalist.org/observations/402609414"},"geometry":{"type":"Point","coordinates":[-74.0540861667,40.7248416667]}},{"type":"Feature","properties":{"id":"inat-402581633","inat_id":402581633,"observed_on":"2026-09-22","taxon_id":221498,"name":"Witch-hazel Cone Gall Aphid","sci_name":"Hormaphis hamamelidis","iconic_taxon":"Insecta","rank":"species","user":"gavin55699","photo":"https://inaturalist-open-data.s3.amazonaws.com/photos/739062504/medium.jpg","url":"https://www.inaturalist.org/observations/402581633"},"geometry":{"type":"Point","coordinates":[-73.9876707855,40.7423888718]}},{"type":"Feature","properties":{"id":"inat-402574283","inat_id":402574283,"observed_on":"2026-09-22","taxon_id":324726,"name":"Spotted Lanternfly","sci_name":"Lycorma delicatula","iconic_taxon":"Insecta","rank":"species","user":"dougnaturalist","photo":"https://static.inaturalist.org/photos/739047952/medium.jpg","url":"https://www.inaturalist.org/observations/402574283"},"geometry":{"type":"Point","coordinates":[-74.0004750773,40.6942329309]}},{"type":"Feature","properties":{"id":"inat-402573103","inat_id":402573103,"observed_on":"2026-09-22","taxon_id":79109,"name":"white campion","sci_name":"Silene latifolia","iconic_taxon":"Plantae","rank":"species","user":"elliottsmith","photo":"https://static.inaturalist.org/photos/739045468/medium.jpg","url":"https://www.inaturalist.org/observations/402573103"},"geometry":{"type":"Point","coordinates":[-74.033213152,40.6311196501]}},{"type":"Feature","properties":{"id":"inat-402572185","inat_id":402572185,"observed_on":"2026-09-22","taxon_id":9721,"name":"Common Yellowthroat","sci_name":"Geothlypis trichas","iconic_taxon":"Aves","rank":"species","user":"jiwon61785","photo":"https://inaturalist-open-data.s3.amazonaws.com/photos/739043725/medium.jpg","url":"https://www.inaturalist.org/observations/402572185"},"geometry":{"type":"Point","coordinates":[-73.981545,40.75337]}},{"type":"Feature","properties":{"id":"inat-403356870","inat_id":403356870,"observed_on":"2026-09-22","taxon_id":143803,"name":"low smartweed","sci_name":"Persicaria longiseta","iconic_taxon":"Plantae","rank":"species","user":"leoscheideman","photo":"https://inaturalist-open-data.s3.amazonaws.com/photos/740575508/medium.jpg","url":"https://www.inaturalist.org/observations/403356870"},"geometry":{"type":"Point","coordinates":[-73.9530116667,40.7941866667]}},{"type":"Feature","properties":{"id":"inat-402570335","inat_id":402570335,"observed_on":"2026-09-22","taxon_id":48662,"name":"Monarch","sci_name":"Danaus plexippus","iconic_taxon":"Insecta","rank":"species","user":"lovisalden","photo":"https://inaturalist-open-data.s3.amazonaws.com/photos/739040271/medium.jpg","url":"https://www.inaturalist.org/observations/402570335"},"geometry":{"type":"Point","coordinates":[-73.974,40.7331083333]}},{"type":"Feature","properties":{"id":"inat-402568020","inat_id":402568020,"observed_on":"2026-09-22","taxon_id":13858,"name":"House Sparrow","sci_name":"Passer domesticus","iconic_taxon":"Aves","rank":"species","user":"jacquelyn24","photo":"https://static.inaturalist.org/photos/740065210/medium.jpg","url":"https://www.inaturalist.org/observations/402568020"},"geometry":{"type":"Point","coordinates":[-73.9270095825,40.865447998]}},{"type":"Feature","properties":{"id":"inat-403049382","inat_id":403049382,"observed_on":"2026-09-22","taxon_id":56739,"name":"castor bean","sci_name":"Ricinus communis","iconic_taxon":"Plantae","rank":"species","user":"stevejaffe","photo":"https://static.inaturalist.org/photos/739972236/medium.jpg","url":"https://www.inaturalist.org/observations/403049382"},"geometry":{"type":"Point","coordinates":[-73.9116888889,40.8989166667]}},{"type":"Feature","properties":{"id":"inat-402648739","inat_id":402648739,"observed_on":"2026-09-22","taxon_id":55556,"name":"Large Milkweed Bug","sci_name":"Oncopeltus fasciatus","iconic_taxon":"Insecta","rank":"species","user":"elelelele","photo":"https://static.inaturalist.org/photos/739200009/medium.jpg","url":"https://www.inaturalist.org/observations/402648739"},"geometry":{"type":"Point","coordinates":[-73.95868,40.8041033333]}},{"type":"Feature","properties":{"id":"inat-402673365","inat_id":402673365,"observed_on":"2026-09-22","taxon_id":54327,"name":"European Hornet","sci_name":"Vespa crabro","iconic_taxon":"Insecta","rank":"species","user":"beniiiii","photo":"https://inaturalist-open-data.s3.amazonaws.com/photos/739237838/medium.jpg","url":"https://www.inaturalist.org/observations/402673365"},"geometry":{"type":"Point","coordinates":[-73.8963861111,40.8895916667]}},{"type":"Feature","properties":{"id":"inat-402567407","inat_id":402567407,"observed_on":"2026-09-22","taxon_id":56166,"name":"spotted lady's thumb","sci_name":"Persicaria maculosa","iconic_taxon":"Plantae","rank":"species","user":"dyanimite","photo":"https://static.inaturalist.org/photos/739033592/medium.jpg","url":"https://www.inaturalist.org/observations/402567407"},"geometry":{"type":"Point","coordinates":[-73.8995583677,40.8871735306]}},{"type":"Feature","properties":{"id":"inat-402683448","inat_id":402683448,"observed_on":"2026-09-22","taxon_id":79141,"name":"black nightshade","sci_name":"Solanum nigrum","iconic_taxon":"Plantae","rank":"species","user":"privatenoaccess","photo":"https://inaturalist-open-data.s3.amazonaws.com/photos/739269105/medium.jpg","url":"https://www.inaturalist.org/observations/402683448"},"geometry":{"type":"Point","coordinates":[-73.7898716743,40.7885846229]}},{"type":"Feature","properties":{"id":"inat-402580701","inat_id":402580701,"observed_on":"2026-09-22","taxon_id":325509,"name":"Eastern Hornet Fly","sci_name":"Spilomyia longicornis","iconic_taxon":"Insecta","rank":"species","user":"jholmes","photo":"https://inaturalist-open-data.s3.amazonaws.com/photos/739061008/medium.jpg","url":"https://www.inaturalist.org/observations/402580701"},"geometry":{"type":"Point","coordinates":[-73.972953,40.781696]}},{"type":"Feature","properties":{"id":"inat-402565681","inat_id":402565681,"observed_on":"2026-09-22","taxon_id":117433,"name":"winged euonymus","sci_name":"Euonymus alatus","iconic_taxon":"Plantae","rank":"species","user":"betsyyyy","photo":"https://inaturalist-open-data.s3.amazonaws.com/photos/739030407/medium.jpg","url":"https://www.inaturalist.org/observations/402565681"},"geometry":{"type":"Point","coordinates":[-73.8732384466,40.9042749515]}},{"type":"Feature","properties":{"id":"inat-402564964","inat_id":402564964,"observed_on":"2026-09-22","taxon_id":117433,"name":"winged euonymus","sci_name":"Euonymus alatus","iconic_taxon":"Plantae","rank":"species","user":"betsyyyy","photo":"https://inaturalist-open-data.s3.amazonaws.com/photos/739029078/medium.jpg","url":"https://www.inaturalist.org/observations/402564964"},"geometry":{"type":"Point","coordinates":[-73.8731433246,40.9043493437]}},{"type":"Feature","properties":{"id":"inat-402568696","inat_id":402568696,"observed_on":"2026-09-22","taxon_id":155106,"name":"Black-shouldered Drone Fly","sci_name":"Eristalis dimidiata","iconic_taxon":"Insecta","rank":"species","user":"jholmes","photo":"https://inaturalist-open-data.s3.amazonaws.com/photos/739036998/medium.jpg","url":"https://www.inaturalist.org/observations/402568696"},"geometry":{"type":"Point","coordinates":[-73.97303,40.7819166667]}},{"type":"Feature","properties":{"id":"inat-402564288","inat_id":402564288,"observed_on":"2026-09-22","taxon_id":1308947,"name":"Christmas berry","sci_name":"Pourthiaea villosa","iconic_taxon":"Plantae","rank":"species","user":"betsyyyy","photo":"https://inaturalist-open-data.s3.amazonaws.com/photos/739027604/medium.jpg","url":"https://www.inaturalist.org/observations/402564288"},"geometry":{"type":"Point","coordinates":[-73.8730228938,40.9044205393]}},{"type":"Feature","properties":{"id":"inat-402563170","inat_id":402563170,"observed_on":"2026-09-22","taxon_id":117433,"name":"winged euonymus","sci_name":"Euonymus alatus","iconic_taxon":"Plantae","rank":"species","user":"betsyyyy","photo":"https://inaturalist-open-data.s3.amazonaws.com/photos/739025577/medium.jpg","url":"https://www.inaturalist.org/observations/402563170"},"geometry":{"type":"Point","coordinates":[-73.8729953925,40.9043762478]}},{"type":"Feature","properties":{"id":"inat-402562726","inat_id":402562726,"observed_on":"2026-09-22","taxon_id":48484,"name":"Asian Lady Beetle","sci_name":"Harmonia axyridis","iconic_taxon":"Insecta","rank":"species","user":"chelseasea","photo":"https://inaturalist-open-data.s3.amazonaws.com/photos/739024531/medium.jpg","url":"https://www.inaturalist.org/observations/402562726"},"geometry":{"type":"Point","coordinates":[-73.9799117788,40.6592663152]}},{"type":"Feature","properties":{"id":"inat-402562453","inat_id":402562453,"observed_on":"2026-09-22","taxon_id":54834,"name":"black cherry","sci_name":"Prunus serotina","iconic_taxon":"Plantae","rank":"species","user":"betsyyyy","photo":"https://inaturalist-open-data.s3.amazonaws.com/photos/739023994/medium.jpg","url":"https://www.inaturalist.org/observations/402562453"},"geometry":{"type":"Point","coordinates":[-73.8728153933,40.9042918843]}},{"type":"Feature","properties":{"id":"inat-402562328","inat_id":402562328,"observed_on":"2026-09-22","taxon_id":54834,"name":"black cherry","sci_name":"Prunus serotina","iconic_taxon":"Plantae","rank":"species","user":"betsyyyy","photo":"https://inaturalist-open-data.s3.amazonaws.com/photos/739023643/medium.jpg","url":"https://www.inaturalist.org/observations/402562328"},"geometry":{"type":"Point","coordinates":[-73.872781294,40.9042936428]}},{"type":"Feature","properties":{"id":"inat-402580924","inat_id":402580924,"observed_on":"2026-09-22","taxon_id":118970,"name":"Common Eastern Bumble Bee","sci_name":"Bombus impatiens","iconic_taxon":"Insecta","rank":"species","user":"jholmes","photo":"https://inaturalist-open-data.s3.amazonaws.com/photos/739061550/medium.jpg","url":"https://www.inaturalist.org/observations/402580924"},"geometry":{"type":"Point","coordinates":[-73.9731966667,40.781525]}},{"type":"Feature","properties":{"id":"inat-402802579","inat_id":402802579,"observed_on":"2026-09-22","taxon_id":119048,"name":"white snakeroot","sci_name":"Ageratina altissima","iconic_taxon":"Plantae","rank":"species","user":"leoscheideman","photo":"https://inaturalist-open-data.s3.amazonaws.com/photos/739492547/medium.jpg","url":"https://www.inaturalist.org/observations/402802579"},"geometry":{"type":"Point","coordinates":[-73.956505,40.795455]}},{"type":"Feature","properties":{"id":"inat-402567214","inat_id":402567214,"observed_on":"2026-09-22","taxon_id":127609,"name":"jetbead","sci_name":"Rhodotypos scandens","iconic_taxon":"Plantae","rank":"species","user":"betsyyyy","photo":"https://inaturalist-open-data.s3.amazonaws.com/photos/739033364/medium.jpg","url":"https://www.inaturalist.org/observations/402567214"},"geometry":{"type":"Point","coordinates":[-73.8727521595,40.90427295]}},{"type":"Feature","properties":{"id":"inat-402847931","inat_id":402847931,"observed_on":"2026-09-22","taxon_id":48662,"name":"Monarch","sci_name":"Danaus plexippus","iconic_taxon":"Insecta","rank":"species","user":"kenchaya","photo":"https://static.inaturalist.org/photos/739578784/medium.jpg","url":"https://www.inaturalist.org/observations/402847931"},"geometry":{"type":"Point","coordinates":[-73.9520894823,40.7956137162]}},{"type":"Feature","properties":{"id":"inat-402560722","inat_id":402560722,"observed_on":"2026-09-22","taxon_id":127609,"name":"jetbead","sci_name":"Rhodotypos scandens","iconic_taxon":"Plantae","rank":"species","user":"betsyyyy","photo":"https://inaturalist-open-data.s3.amazonaws.com/photos/739019601/medium.jpg","url":"https://www.inaturalist.org/observations/402560722"},"geometry":{"type":"Point","coordinates":[-73.8727265798,40.9043205622]}},{"type":"Feature","properties":{"id":"inat-402847909","inat_id":402847909,"observed_on":"2026-09-22","taxon_id":48662,"name":"Monarch","sci_name":"Danaus plexippus","iconic_taxon":"Insecta","rank":"species","user":"kenchaya","photo":"https://static.inaturalist.org/photos/739578736/medium.jpg","url":"https://www.inaturalist.org/observations/402847909"},"geometry":{"type":"Point","coordinates":[-73.9519785328,40.7944017959]}},{"type":"Feature","properties":{"id":"inat-403005535","inat_id":403005535,"observed_on":"2026-09-22","taxon_id":62470,"name":"Leopard Slug","sci_name":"Limax maximus","iconic_taxon":"Mollusca","rank":"species","user":"slug_skank","photo":"https://inaturalist-open-data.s3.amazonaws.com/photos/739889342/medium.jpg","url":"https://www.inaturalist.org/observations/403005535"},"geometry":{"type":"Point","coordinates":[-73.918060889,40.7021890514]}},{"type":"Feature","properties":{"id":"inat-402570358","inat_id":402570358,"observed_on":"2026-09-22","taxon_id":127193,"name":"Maritime Earwig","sci_name":"Anisolabis maritima","iconic_taxon":"Insecta","rank":"species","user":"lovisalden","photo":"https://inaturalist-open-data.s3.amazonaws.com/photos/739040311/medium.jpg","url":"https://www.inaturalist.org/observations/402570358"},"geometry":{"type":"Point","coordinates":[-73.974175,40.7341]}},{"type":"Feature","properties":{"id":"inat-402558338","inat_id":402558338,"observed_on":"2026-09-22","taxon_id":117433,"name":"winged euonymus","sci_name":"Euonymus alatus","iconic_taxon":"Plantae","rank":"species","user":"betsyyyy","photo":"https://inaturalist-open-data.s3.amazonaws.com/photos/739015756/medium.jpg","url":"https://www.inaturalist.org/observations/402558338"},"geometry":{"type":"Point","coordinates":[-73.8728941943,40.9042035861]}},{"type":"Feature","properties":{"id":"inat-402557544","inat_id":402557544,"observed_on":"2026-09-22","taxon_id":117433,"name":"winged euonymus","sci_name":"Euonymus alatus","iconic_taxon":"Plantae","rank":"species","user":"betsyyyy","photo":"https://inaturalist-open-data.s3.amazonaws.com/photos/739014296/medium.jpg","url":"https://www.inaturalist.org/observations/402557544"},"geometry":{"type":"Point","coordinates":[-73.8728638092,40.9042183266]}},{"type":"Feature","properties":{"id":"inat-403004389","inat_id":403004389,"observed_on":"2026-09-22","taxon_id":119048,"name":"white snakeroot","sci_name":"Ageratina altissima","iconic_taxon":"Plantae","rank":"species","user":"slug_skank","photo":"https://inaturalist-open-data.s3.amazonaws.com/photos/739887497/medium.jpg","url":"https://www.inaturalist.org/observations/403004389"},"geometry":{"type":"Point","coordinates":[-73.9184192281,40.7021043]}},{"type":"Feature","properties":{"id":"inat-402556770","inat_id":402556770,"observed_on":"2026-09-22","taxon_id":117433,"name":"winged euonymus","sci_name":"Euonymus alatus","iconic_taxon":"Plantae","rank":"species","user":"betsyyyy","photo":"https://inaturalist-open-data.s3.amazonaws.com/photos/739012555/medium.jpg","url":"https://www.inaturalist.org/observations/402556770"},"geometry":{"type":"Point","coordinates":[-73.8728293059,40.9042223116]}},{"type":"Feature","properties":{"id":"inat-402556445","inat_id":402556445,"observed_on":"2026-09-22","taxon_id":170205,"name":"tea viburnum","sci_name":"Viburnum setigerum","iconic_taxon":"Plantae","rank":"species","user":"betsyyyy","photo":"https://inaturalist-open-data.s3.amazonaws.com/photos/739011993/medium.jpg","url":"https://www.inaturalist.org/observations/402556445"},"geometry":{"type":"Point","coordinates":[-73.8728434594,40.9042377046]}},{"type":"Feature","properties":{"id":"inat-402556091","inat_id":402556091,"observed_on":"2026-09-22","taxon_id":54854,"name":"basswood","sci_name":"Tilia americana","iconic_taxon":"Plantae","rank":"species","user":"betsyyyy","photo":"https://inaturalist-open-data.s3.amazonaws.com/photos/739011451/medium.jpg","url":"https://www.inaturalist.org/observations/402556091"},"geometry":{"type":"Point","coordinates":[-73.8727919417,40.9042308573]}},{"type":"Feature","properties":{"id":"inat-402557708","inat_id":402557708,"observed_on":"2026-09-22","taxon_id":325596,"name":"Peg-legged Compost Fly","sci_name":"Syritta flaviventris","iconic_taxon":"Insecta","rank":"species","user":"ch15","photo":"https://static.inaturalist.org/photos/739015402/medium.jpg","url":"https://www.inaturalist.org/observations/402557708"},"geometry":{"type":"Point","coordinates":[-73.8125592439,40.7809933167]}},{"type":"Feature","properties":{"id":"inat-402554609","inat_id":402554609,"observed_on":"2026-09-22","taxon_id":117433,"name":"winged euonymus","sci_name":"Euonymus alatus","iconic_taxon":"Plantae","rank":"species","user":"betsyyyy","photo":"https://inaturalist-open-data.s3.amazonaws.com/photos/739009106/medium.jpg","url":"https://www.inaturalist.org/observations/402554609"},"geometry":{"type":"Point","coordinates":[-73.8727321403,40.9041784934]}},{"type":"Feature","properties":{"id":"inat-402617014","inat_id":402617014,"observed_on":"2026-09-22","taxon_id":792988,"name":"Downy Woodpecker","sci_name":"Dryobates pubescens","iconic_taxon":"Aves","rank":"species","user":"jchhhhh","photo":"https://static.inaturalist.org/photos/739133785/medium.jpg","url":"https://www.inaturalist.org/observations/402617014"},"geometry":{"type":"Point","coordinates":[-73.9950947439,40.6551560802]}},{"type":"Feature","properties":{"id":"inat-402553956","inat_id":402553956,"observed_on":"2026-09-22","taxon_id":117433,"name":"winged euonymus","sci_name":"Euonymus alatus","iconic_taxon":"Plantae","rank":"species","user":"betsyyyy","photo":"https://inaturalist-open-data.s3.amazonaws.com/photos/739007707/medium.jpg","url":"https://www.inaturalist.org/observations/402553956"},"geometry":{"type":"Point","coordinates":[-73.8727426882,40.9042315246]}},{"type":"Feature","properties":{"id":"inat-402618188","inat_id":402618188,"observed_on":"2026-09-22","taxon_id":17008,"name":"Eastern Phoebe","sci_name":"Sayornis phoebe","iconic_taxon":"Aves","rank":"species","user":"jchhhhh","photo":"https://static.inaturalist.org/photos/739136478/medium.jpg","url":"https://www.inaturalist.org/observations/402618188"},"geometry":{"type":"Point","coordinates":[-73.99478,40.6554366667]}},{"type":"Feature","properties":{"id":"inat-402799756","inat_id":402799756,"observed_on":"2026-09-22","taxon_id":786918,"name":"Gilled Polypore","sci_name":"Trametes betulina","iconic_taxon":"Fungi","rank":"species","user":"leoscheideman","photo":"https://inaturalist-open-data.s3.amazonaws.com/photos/739487138/medium.jpg","url":"https://www.inaturalist.org/observations/402799756"},"geometry":{"type":"Point","coordinates":[-73.9561383333,40.79673]}},{"type":"Feature","properties":{"id":"inat-402552990","inat_id":402552990,"observed_on":"2026-09-22","taxon_id":127609,"name":"jetbead","sci_name":"Rhodotypos scandens","iconic_taxon":"Plantae","rank":"species","user":"betsyyyy","photo":"https://inaturalist-open-data.s3.amazonaws.com/photos/739005526/medium.jpg","url":"https://www.inaturalist.org/observations/402552990"},"geometry":{"type":"Point","coordinates":[-73.8728325714,40.9042132048]}},{"type":"Feature","properties":{"id":"inat-402552778","inat_id":402552778,"observed_on":"2026-09-22","taxon_id":49658,"name":"American sweetgum","sci_name":"Liquidambar styraciflua","iconic_taxon":"Plantae","rank":"species","user":"betsyyyy","photo":"https://inaturalist-open-data.s3.amazonaws.com/photos/739005111/medium.jpg","url":"https://www.inaturalist.org/observations/402552778"},"geometry":{"type":"Point","coordinates":[-73.872821139,40.9042135304]}},{"type":"Feature","properties":{"id":"inat-402552803","inat_id":402552803,"observed_on":"2026-09-22","taxon_id":126888,"name":"northern seaside goldenrod","sci_name":"Solidago sempervirens","iconic_taxon":"Plantae","rank":"species","user":"jenjaminjutton","photo":"https://inaturalist-open-data.s3.amazonaws.com/photos/739014642/medium.jpg","url":"https://www.inaturalist.org/observations/402552803"},"geometry":{"type":"Point","coordinates":[-73.9741747321,40.7335801795]}},{"type":"Feature","properties":{"id":"inat-402552338","inat_id":402552338,"observed_on":"2026-09-22","taxon_id":127609,"name":"jetbead","sci_name":"Rhodotypos scandens","iconic_taxon":"Plantae","rank":"species","user":"betsyyyy","photo":"https://inaturalist-open-data.s3.amazonaws.com/photos/739004212/medium.jpg","url":"https://www.inaturalist.org/observations/402552338"},"geometry":{"type":"Point","coordinates":[-73.872795083,40.904230216]}},{"type":"Feature","properties":{"id":"inat-402551605","inat_id":402551605,"observed_on":"2026-09-22","taxon_id":83802,"name":"Locust Borer","sci_name":"Megacyllene robiniae","iconic_taxon":"Insecta","rank":"species","user":"falspar","photo":"https://inaturalist-open-data.s3.amazonaws.com/photos/739002841/medium.jpg","url":"https://www.inaturalist.org/observations/402551605"},"geometry":{"type":"Point","coordinates":[-73.8858098643,40.6876546365]}},{"type":"Feature","properties":{"id":"inat-402567168","inat_id":402567168,"observed_on":"2026-09-22","taxon_id":54793,"name":"northern spicebush","sci_name":"Lindera benzoin","iconic_taxon":"Plantae","rank":"species","user":"betsyyyy","photo":"https://inaturalist-open-data.s3.amazonaws.com/photos/739033270/medium.jpg","url":"https://www.inaturalist.org/observations/402567168"},"geometry":{"type":"Point","coordinates":[-73.8727938873,40.9042654765]}},{"type":"Feature","properties":{"id":"inat-402570642","inat_id":402570642,"observed_on":"2026-09-22","taxon_id":62045,"name":"Small Milkweed Bug","sci_name":"Lygaeus kalmii","iconic_taxon":"Insecta","rank":"species","user":"lovisalden","photo":"https://inaturalist-open-data.s3.amazonaws.com/photos/739040869/medium.jpg","url":"https://www.inaturalist.org/observations/402570642"},"geometry":{"type":"Point","coordinates":[-73.9740366667,40.7329833333]}},{"type":"Feature","properties":{"id":"inat-402553598","inat_id":402553598,"observed_on":"2026-09-22","taxon_id":83439,"name":"Black Sea Bass","sci_name":"Centropristis striata","iconic_taxon":"Actinopterygii","rank":"species","user":"eva247","photo":"https://static.inaturalist.org/photos/739008078/medium.jpg","url":"https://www.inaturalist.org/observations/402553598"},"geometry":{"type":"Point","coordinates":[-73.9997783333,40.69648]}},{"type":"Feature","properties":{"id":"inat-402570765","inat_id":402570765,"observed_on":"2026-09-22","taxon_id":1129479,"name":"Blue-winged Scoliid Wasp","sci_name":"Scolia dubia","iconic_taxon":"Insecta","rank":"species","user":"lovisalden","photo":"https://inaturalist-open-data.s3.amazonaws.com/photos/739041082/medium.jpg","url":"https://www.inaturalist.org/observations/402570765"},"geometry":{"type":"Point","coordinates":[-73.9740424781,40.7328942884]}},{"type":"Feature","properties":{"id":"inat-402550741","inat_id":402550741,"observed_on":"2026-09-22","taxon_id":117433,"name":"winged euonymus","sci_name":"Euonymus alatus","iconic_taxon":"Plantae","rank":"species","user":"betsyyyy","photo":"https://inaturalist-open-data.s3.amazonaws.com/photos/739001170/medium.jpg","url":"https://www.inaturalist.org/observations/402550741"},"geometry":{"type":"Point","coordinates":[-73.8728374889,40.9043920865]}},{"type":"Feature","properties":{"id":"inat-402550742","inat_id":402550742,"observed_on":"2026-09-22","taxon_id":64697,"name":"autumn olive","sci_name":"Elaeagnus umbellata","iconic_taxon":"Plantae","rank":"species","user":"marieviljoen","photo":"https://inaturalist-open-data.s3.amazonaws.com/photos/739001208/medium.jpg","url":"https://www.inaturalist.org/observations/402550742"},"geometry":{"type":"Point","coordinates":[-73.92529717,40.6022309]}},{"type":"Feature","properties":{"id":"inat-402563031","inat_id":402563031,"observed_on":"2026-09-22","taxon_id":167829,"name":"staghorn sumac","sci_name":"Rhus typhina","iconic_taxon":"Plantae","rank":"species","user":"stevejaffe","photo":"https://static.inaturalist.org/photos/739025496/medium.jpg","url":"https://www.inaturalist.org/observations/402563031"},"geometry":{"type":"Point","coordinates":[-73.9130305556,40.9003722222]}},{"type":"Feature","properties":{"id":"inat-402567113","inat_id":402567113,"observed_on":"2026-09-22","taxon_id":117433,"name":"winged euonymus","sci_name":"Euonymus alatus","iconic_taxon":"Plantae","rank":"species","user":"betsyyyy","photo":"https://inaturalist-open-data.s3.amazonaws.com/photos/739033163/medium.jpg","url":"https://www.inaturalist.org/observations/402567113"},"geometry":{"type":"Point","coordinates":[-73.8728218146,40.9043178496]}},{"type":"Feature","properties":{"id":"inat-402818946","inat_id":402818946,"observed_on":"2026-09-22","taxon_id":118967,"name":"Twenty-spotted Lady Beetle","sci_name":"Psyllobora vigintimaculata","iconic_taxon":"Insecta","rank":"species","user":"conorkodell","photo":"https://inaturalist-open-data.s3.amazonaws.com/photos/739522213/medium.jpg","url":"https://www.inaturalist.org/observations/402818946"},"geometry":{"type":"Point","coordinates":[-73.9733676366,40.7818509154]}},{"type":"Feature","properties":{"id":"inat-402567040","inat_id":402567040,"observed_on":"2026-09-22","taxon_id":54787,"name":"bitternut hickory","sci_name":"Carya cordiformis","iconic_taxon":"Plantae","rank":"species","user":"betsyyyy","photo":"https://inaturalist-open-data.s3.amazonaws.com/photos/739033087/medium.jpg","url":"https://www.inaturalist.org/observations/402567040"},"geometry":{"type":"Point","coordinates":[-73.8730005376,40.9043657028]}},{"type":"Feature","properties":{"id":"inat-402548535","inat_id":402548535,"observed_on":"2026-09-22","taxon_id":117433,"name":"winged euonymus","sci_name":"Euonymus alatus","iconic_taxon":"Plantae","rank":"species","user":"betsyyyy","photo":"https://inaturalist-open-data.s3.amazonaws.com/photos/738997202/medium.jpg","url":"https://www.inaturalist.org/observations/402548535"},"geometry":{"type":"Point","coordinates":[-73.8730039562,40.9043466102]}},{"type":"Feature","properties":{"id":"inat-402811595","inat_id":402811595,"observed_on":"2026-09-22","taxon_id":325509,"name":"Eastern Hornet Fly","sci_name":"Spilomyia longicornis","iconic_taxon":"Insecta","rank":"species","user":"conorkodell","photo":"https://inaturalist-open-data.s3.amazonaws.com/photos/739508701/medium.jpg","url":"https://www.inaturalist.org/observations/402811595"},"geometry":{"type":"Point","coordinates":[-73.9729538548,40.7816900286]}},{"type":"Feature","properties":{"id":"inat-402566883","inat_id":402566883,"observed_on":"2026-09-22","taxon_id":117433,"name":"winged euonymus","sci_name":"Euonymus alatus","iconic_taxon":"Plantae","rank":"species","user":"betsyyyy","photo":"https://inaturalist-open-data.s3.amazonaws.com/photos/739032944/medium.jpg","url":"https://www.inaturalist.org/observations/402566883"},"geometry":{"type":"Point","coordinates":[-73.8731107117,40.9044082564]}},{"type":"Feature","properties":{"id":"inat-402547988","inat_id":402547988,"observed_on":"2026-09-22","taxon_id":55620,"name":"bittersweet nightshade","sci_name":"Solanum dulcamara","iconic_taxon":"Plantae","rank":"species","user":"nonavianry","photo":"https://inaturalist-open-data.s3.amazonaws.com/photos/738995991/medium.jpg","url":"https://www.inaturalist.org/observations/402547988"},"geometry":{"type":"Point","coordinates":[-73.8882662662,40.8902005887]}},{"type":"Feature","properties":{"id":"inat-402547527","inat_id":402547527,"observed_on":"2026-09-22","taxon_id":117433,"name":"winged euonymus","sci_name":"Euonymus alatus","iconic_taxon":"Plantae","rank":"species","user":"betsyyyy","photo":"https://inaturalist-open-data.s3.amazonaws.com/photos/738994797/medium.jpg","url":"https://www.inaturalist.org/observations/402547527"},"geometry":{"type":"Point","coordinates":[-73.8730920654,40.9044252952]}},{"type":"Feature","properties":{"id":"inat-402570864","inat_id":402570864,"observed_on":"2026-09-22","taxon_id":48662,"name":"Monarch","sci_name":"Danaus plexippus","iconic_taxon":"Insecta","rank":"species","user":"lovisalden","photo":"https://inaturalist-open-data.s3.amazonaws.com/photos/739041224/medium.jpg","url":"https://www.inaturalist.org/observations/402570864"},"geometry":{"type":"Point","coordinates":[-73.9739745823,40.732998819]}},{"type":"Feature","properties":{"id":"inat-402566797","inat_id":402566797,"observed_on":"2026-09-22","taxon_id":117433,"name":"winged euonymus","sci_name":"Euonymus alatus","iconic_taxon":"Plantae","rank":"species","user":"betsyyyy","photo":"https://inaturalist-open-data.s3.amazonaws.com/photos/739032790/medium.jpg","url":"https://www.inaturalist.org/observations/402566797"},"geometry":{"type":"Point","coordinates":[-73.8730375188,40.9044702555]}},{"type":"Feature","properties":{"id":"inat-403054549","inat_id":403054549,"observed_on":"2026-09-22","taxon_id":46017,"name":"Eastern Gray Squirrel","sci_name":"Sciurus carolinensis","iconic_taxon":"Mammalia","rank":"species","user":"earthlyfae","photo":"https://inaturalist-open-data.s3.amazonaws.com/photos/739982129/medium.jpg","url":"https://www.inaturalist.org/observations/403054549"},"geometry":{"type":"Point","coordinates":[-73.9499133333,40.7217783333]}},{"type":"Feature","properties":{"id":"inat-402822855","inat_id":402822855,"observed_on":"2026-09-22","taxon_id":68142,"name":"American Winter Ant","sci_name":"Prenolepis imparis","iconic_taxon":"Insecta","rank":"species","user":"conorkodell","photo":"https://inaturalist-open-data.s3.amazonaws.com/photos/739529999/medium.jpg","url":"https://www.inaturalist.org/observations/402822855"},"geometry":{"type":"Point","coordinates":[-73.9729891817,40.7816982978]}},{"type":"Feature","properties":{"id":"inat-402546051","inat_id":402546051,"observed_on":"2026-09-22","taxon_id":119792,"name":"princess tree","sci_name":"Paulownia tomentosa","iconic_taxon":"Plantae","rank":"species","user":"elharo","photo":"https://static.inaturalist.org/photos/738992487/medium.jpg","url":"https://www.inaturalist.org/observations/402546051"},"geometry":{"type":"Point","coordinates":[-73.9625396713,40.6753196961]}},{"type":"Feature","properties":{"id":"inat-402570925","inat_id":402570925,"observed_on":"2026-09-22","taxon_id":333624,"name":"White-fringed weevil","sci_name":"Naupactus leucoloma","iconic_taxon":"Insecta","rank":"species","user":"lovisalden","photo":"https://inaturalist-open-data.s3.amazonaws.com/photos/739041336/medium.jpg","url":"https://www.inaturalist.org/observations/402570925"},"geometry":{"type":"Point","coordinates":[-73.9740261421,40.7333011626]}},{"type":"Feature","properties":{"id":"inat-402545770","inat_id":402545770,"observed_on":"2026-09-22","taxon_id":84507,"name":"North American Tarnished Plant Bug","sci_name":"Lygus lineolaris","iconic_taxon":"Insecta","rank":"species","user":"lovisalden","photo":"https://inaturalist-open-data.s3.amazonaws.com/photos/738991716/medium.jpg","url":"https://www.inaturalist.org/observations/402545770"},"geometry":{"type":"Point","coordinates":[-73.9741833333,40.733905]}},{"type":"Feature","properties":{"id":"inat-402550478","inat_id":402550478,"observed_on":"2026-09-22","taxon_id":54763,"name":"Norway maple","sci_name":"Acer platanoides","iconic_taxon":"Plantae","rank":"species","user":"betsyyyy","photo":"https://inaturalist-open-data.s3.amazonaws.com/photos/739000788/medium.jpg","url":"https://www.inaturalist.org/observations/402550478"},"geometry":{"type":"Point","coordinates":[-73.873251022,40.9043617358]}},{"type":"Feature","properties":{"id":"inat-402561016","inat_id":402561016,"observed_on":"2026-09-22","taxon_id":52856,"name":"common mugwort","sci_name":"Artemisia vulgaris","iconic_taxon":"Plantae","rank":"species","user":"arman_","photo":"https://static.inaturalist.org/photos/739020352/medium.jpg","url":"https://www.inaturalist.org/observations/402561016"},"geometry":{"type":"Point","coordinates":[-73.9337783333,40.86202]}},{"type":"Feature","properties":{"id":"inat-402571012","inat_id":402571012,"observed_on":"2026-09-22","taxon_id":325509,"name":"Eastern Hornet Fly","sci_name":"Spilomyia longicornis","iconic_taxon":"Insecta","rank":"species","user":"lovisalden","photo":"https://inaturalist-open-data.s3.amazonaws.com/photos/739041509/medium.jpg","url":"https://www.inaturalist.org/observations/402571012"},"geometry":{"type":"Point","coordinates":[-73.9740010181,40.7331087699]}},{"type":"Feature","properties":{"id":"inat-402561023","inat_id":402561023,"observed_on":"2026-09-22","taxon_id":243824,"name":"mock strawberry","sci_name":"Potentilla indica","iconic_taxon":"Plantae","rank":"species","user":"arman_","photo":"https://static.inaturalist.org/photos/739020363/medium.jpg","url":"https://www.inaturalist.org/observations/402561023"},"geometry":{"type":"Point","coordinates":[-73.9338133333,40.8617883333]}},{"type":"Feature","properties":{"id":"inat-402561418","inat_id":402561418,"observed_on":"2026-09-22","taxon_id":232368,"name":"Long-spined Acorn Ant","sci_name":"Temnothorax longispinosus","iconic_taxon":"Insecta","rank":"species","user":"arman_","photo":"https://static.inaturalist.org/photos/739021583/medium.jpg","url":"https://www.inaturalist.org/observations/402561418"},"geometry":{"type":"Point","coordinates":[-73.9342366667,40.861505]}},{"type":"Feature","properties":{"id":"inat-402544292","inat_id":402544292,"observed_on":"2026-09-22","taxon_id":127609,"name":"jetbead","sci_name":"Rhodotypos scandens","iconic_taxon":"Plantae","rank":"species","user":"betsyyyy","photo":"https://inaturalist-open-data.s3.amazonaws.com/photos/738989296/medium.jpg","url":"https://www.inaturalist.org/observations/402544292"},"geometry":{"type":"Point","coordinates":[-73.8732548968,40.9043882126]}},{"type":"Feature","properties":{"id":"inat-402542761","inat_id":402542761,"observed_on":"2026-09-22","taxon_id":127609,"name":"jetbead","sci_name":"Rhodotypos scandens","iconic_taxon":"Plantae","rank":"species","user":"betsyyyy","photo":"https://inaturalist-open-data.s3.amazonaws.com/photos/738986497/medium.jpg","url":"https://www.inaturalist.org/observations/402542761"},"geometry":{"type":"Point","coordinates":[-73.8732771344,40.9044007622]}},{"type":"Feature","properties":{"id":"inat-402561290","inat_id":402561290,"observed_on":"2026-09-22","taxon_id":120519,"name":"Hairy Nightshade","sci_name":"Solanum sarrachoides","iconic_taxon":"Plantae","rank":"species","user":"arman_","photo":"https://static.inaturalist.org/photos/739021237/medium.jpg","url":"https://www.inaturalist.org/observations/402561290"},"geometry":{"type":"Point","coordinates":[-73.9341133333,40.8610283333]}},{"type":"Feature","properties":{"id":"inat-402561333","inat_id":402561333,"observed_on":"2026-09-22","taxon_id":153441,"name":"Common Blue Wood Aster","sci_name":"Symphyotrichum cordifolium","iconic_taxon":"Plantae","rank":"species","user":"arman_","photo":"https://static.inaturalist.org/photos/739021371/medium.jpg","url":"https://www.inaturalist.org/observations/402561333"},"geometry":{"type":"Point","coordinates":[-73.9340583333,40.8610416667]}},{"type":"Feature","properties":{"id":"inat-402566719","inat_id":402566719,"observed_on":"2026-09-22","taxon_id":54795,"name":"sassafras","sci_name":"Sassafras albidum","iconic_taxon":"Plantae","rank":"species","user":"betsyyyy","photo":"https://inaturalist-open-data.s3.amazonaws.com/photos/739032631/medium.jpg","url":"https://www.inaturalist.org/observations/402566719"},"geometry":{"type":"Point","coordinates":[-73.8732244998,40.9044075846]}},{"type":"Feature","properties":{"id":"inat-402542284","inat_id":402542284,"observed_on":"2026-09-22","taxon_id":54787,"name":"bitternut hickory","sci_name":"Carya cordiformis","iconic_taxon":"Plantae","rank":"species","user":"betsyyyy","photo":"https://inaturalist-open-data.s3.amazonaws.com/photos/738985626/medium.jpg","url":"https://www.inaturalist.org/observations/402542284"},"geometry":{"type":"Point","coordinates":[-73.8732714378,40.9043890475]}},{"type":"Feature","properties":{"id":"inat-402542119","inat_id":402542119,"observed_on":"2026-09-22","taxon_id":62776,"name":"autumn clematis","sci_name":"Clematis terniflora","iconic_taxon":"Plantae","rank":"species","user":"cameron_morris","photo":"https://inaturalist-open-data.s3.amazonaws.com/photos/738985283/medium.jpg","url":"https://www.inaturalist.org/observations/402542119"},"geometry":{"type":"Point","coordinates":[-73.9991633729,40.6801653656]}},{"type":"Feature","properties":{"id":"inat-402542168","inat_id":402542168,"observed_on":"2026-09-22","taxon_id":48599,"name":"American pokeweed","sci_name":"Phytolacca americana","iconic_taxon":"Plantae","rank":"species","user":"aummega","photo":"https://inaturalist-open-data.s3.amazonaws.com/photos/738985505/medium.jpg","url":"https://www.inaturalist.org/observations/402542168"},"geometry":{"type":"Point","coordinates":[-73.7123942101,40.6652041299]}},{"type":"Feature","properties":{"id":"inat-402541802","inat_id":402541802,"observed_on":"2026-09-22","taxon_id":50278,"name":"Virginia creeper","sci_name":"Parthenocissus quinquefolia","iconic_taxon":"Plantae","rank":"species","user":"aummega","photo":"https://inaturalist-open-data.s3.amazonaws.com/photos/738984768/medium.jpg","url":"https://www.inaturalist.org/observations/402541802"},"geometry":{"type":"Point","coordinates":[-73.7123939067,40.6652042174]}},{"type":"Feature","properties":{"id":"inat-402541721","inat_id":402541721,"observed_on":"2026-09-22","taxon_id":127609,"name":"jetbead","sci_name":"Rhodotypos scandens","iconic_taxon":"Plantae","rank":"species","user":"betsyyyy","photo":"https://inaturalist-open-data.s3.amazonaws.com/photos/738984485/medium.jpg","url":"https://www.inaturalist.org/observations/402541721"},"geometry":{"type":"Point","coordinates":[-73.8732362984,40.9043990238]}},{"type":"Feature","properties":{"id":"inat-403005822","inat_id":403005822,"observed_on":"2026-09-22","taxon_id":48586,"name":"Brown-lipped Snail","sci_name":"Cepaea nemoralis","iconic_taxon":"Mollusca","rank":"species","user":"slug_skank","photo":"https://inaturalist-open-data.s3.amazonaws.com/photos/739889764/medium.jpg","url":"https://www.inaturalist.org/observations/403005822"},"geometry":{"type":"Point","coordinates":[-73.9236092239,40.6959425389]}},{"type":"Feature","properties":{"id":"inat-402540493","inat_id":402540493,"observed_on":"2026-09-22","taxon_id":54763,"name":"Norway maple","sci_name":"Acer platanoides","iconic_taxon":"Plantae","rank":"species","user":"betsyyyy","photo":"https://inaturalist-open-data.s3.amazonaws.com/photos/738982302/medium.jpg","url":"https://www.inaturalist.org/observations/402540493"},"geometry":{"type":"Point","coordinates":[-73.873131,40.904377]}},{"type":"Feature","properties":{"id":"inat-402540527","inat_id":402540527,"observed_on":"2026-09-22","taxon_id":47888,"name":"common jewelweed","sci_name":"Impatiens capensis","iconic_taxon":"Plantae","rank":"species","user":"stevejaffe","photo":"https://static.inaturalist.org/photos/738982498/medium.jpg","url":"https://www.inaturalist.org/observations/402540527"},"geometry":{"type":"Point","coordinates":[-73.9153916667,40.8970666667]}},{"type":"Feature","properties":{"id":"inat-402539793","inat_id":402539793,"observed_on":"2026-09-22","taxon_id":54763,"name":"Norway maple","sci_name":"Acer platanoides","iconic_taxon":"Plantae","rank":"species","user":"betsyyyy","photo":"https://inaturalist-open-data.s3.amazonaws.com/photos/738980901/medium.jpg","url":"https://www.inaturalist.org/observations/402539793"},"geometry":{"type":"Point","coordinates":[-73.8732699502,40.9044742686]}},{"type":"Feature","properties":{"id":"inat-402565666","inat_id":402565666,"observed_on":"2026-09-22","taxon_id":120005,"name":"bluestem goldenrod","sci_name":"Solidago caesia","iconic_taxon":"Plantae","rank":"species","user":"arman_","photo":"https://static.inaturalist.org/photos/739030406/medium.jpg","url":"https://www.inaturalist.org/observations/402565666"},"geometry":{"type":"Point","coordinates":[-73.9358616667,40.8592416667]}},{"type":"Feature","properties":{"id":"inat-402538770","inat_id":402538770,"observed_on":"2026-09-22","taxon_id":127609,"name":"jetbead","sci_name":"Rhodotypos scandens","iconic_taxon":"Plantae","rank":"species","user":"betsyyyy","photo":"https://inaturalist-open-data.s3.amazonaws.com/photos/738979063/medium.jpg","url":"https://www.inaturalist.org/observations/402538770"},"geometry":{"type":"Point","coordinates":[-73.8732657264,40.9044556466]}},{"type":"Feature","properties":{"id":"inat-402565730","inat_id":402565730,"observed_on":"2026-09-22","taxon_id":50278,"name":"Virginia creeper","sci_name":"Parthenocissus quinquefolia","iconic_taxon":"Plantae","rank":"species","user":"arman_","photo":"https://static.inaturalist.org/photos/739030579/medium.jpg","url":"https://www.inaturalist.org/observations/402565730"},"geometry":{"type":"Point","coordinates":[-73.934425,40.8594883333]}},{"type":"Feature","properties":{"id":"inat-402537891","inat_id":402537891,"observed_on":"2026-09-22","taxon_id":7089,"name":"Canada Goose","sci_name":"Branta canadensis","iconic_taxon":"Aves","rank":"species","user":"rjhawk","photo":"https://inaturalist-open-data.s3.amazonaws.com/photos/738977411/medium.jpg","url":"https://www.inaturalist.org/observations/402537891"},"geometry":{"type":"Point","coordinates":[-73.83708,40.7513466667]}},{"type":"Feature","properties":{"id":"inat-402537372","inat_id":402537372,"observed_on":"2026-09-22","taxon_id":48987,"name":"Convergent Lady Beetle","sci_name":"Hippodamia convergens","iconic_taxon":"Insecta","rank":"species","user":"jab2502","photo":"https://inaturalist-open-data.s3.amazonaws.com/photos/738976416/medium.jpg","url":"https://www.inaturalist.org/observations/402537372"},"geometry":{"type":"Point","coordinates":[-73.9628255388,40.8106497833]}},{"type":"Feature","properties":{"id":"inat-402537148","inat_id":402537148,"observed_on":"2026-09-22","taxon_id":46017,"name":"Eastern Gray Squirrel","sci_name":"Sciurus carolinensis","iconic_taxon":"Mammalia","rank":"species","user":"rjhawk","photo":"https://inaturalist-open-data.s3.amazonaws.com/photos/738976051/medium.jpg","url":"https://www.inaturalist.org/observations/402537148"},"geometry":{"type":"Point","coordinates":[-73.837525,40.7517616667]}},{"type":"Feature","properties":{"id":"inat-402619464","inat_id":402619464,"observed_on":"2026-09-22","taxon_id":7089,"name":"Canada Goose","sci_name":"Branta canadensis","iconic_taxon":"Aves","rank":"species","user":"totallynermal","photo":"https://inaturalist-open-data.s3.amazonaws.com/photos/739138801/medium.jpg","url":"https://www.inaturalist.org/observations/402619464"},"geometry":{"type":"Point","coordinates":[-73.8137006687,40.9135624558]}},{"type":"Feature","properties":{"id":"inat-402657176","inat_id":402657176,"observed_on":"2026-09-22","taxon_id":122056,"name":"ebony spleenwort","sci_name":"Asplenium platyneuron","iconic_taxon":"Plantae","rank":"species","user":"arman_","photo":"https://static.inaturalist.org/photos/739214774/medium.jpg","url":"https://www.inaturalist.org/observations/402657176"},"geometry":{"type":"Point","coordinates":[-73.9880030653,40.819829766]}},{"type":"Feature","properties":{"id":"inat-402536569","inat_id":402536569,"observed_on":"2026-09-22","taxon_id":127609,"name":"jetbead","sci_name":"Rhodotypos scandens","iconic_taxon":"Plantae","rank":"species","user":"betsyyyy","photo":"https://inaturalist-open-data.s3.amazonaws.com/photos/738974828/medium.jpg","url":"https://www.inaturalist.org/observations/402536569"},"geometry":{"type":"Point","coordinates":[-73.8733690132,40.9043852756]}},{"type":"Feature","properties":{"id":"inat-402673336","inat_id":402673336,"observed_on":"2026-09-22","taxon_id":1129479,"name":"Blue-winged Scoliid Wasp","sci_name":"Scolia dubia","iconic_taxon":"Insecta","rank":"species","user":"beniiiii","photo":"https://inaturalist-open-data.s3.amazonaws.com/photos/739237493/medium.jpg","url":"https://www.inaturalist.org/observations/402673336"},"geometry":{"type":"Point","coordinates":[-73.8952115119,40.8899482297]}},{"type":"Feature","properties":{"id":"inat-402534988","inat_id":402534988,"observed_on":"2026-09-22","taxon_id":127609,"name":"jetbead","sci_name":"Rhodotypos scandens","iconic_taxon":"Plantae","rank":"species","user":"betsyyyy","photo":"https://inaturalist-open-data.s3.amazonaws.com/photos/738971725/medium.jpg","url":"https://www.inaturalist.org/observations/402534988"},"geometry":{"type":"Point","coordinates":[-73.8734091128,40.9043595538]}},{"type":"Feature","properties":{"id":"inat-402533555","inat_id":402533555,"observed_on":"2026-09-22","taxon_id":127609,"name":"jetbead","sci_name":"Rhodotypos scandens","iconic_taxon":"Plantae","rank":"species","user":"betsyyyy","photo":"https://inaturalist-open-data.s3.amazonaws.com/photos/738968873/medium.jpg","url":"https://www.inaturalist.org/observations/402533555"},"geometry":{"type":"Point","coordinates":[-73.8734135958,40.9044341217]}},{"type":"Feature","properties":{"id":"inat-402532655","inat_id":402532655,"observed_on":"2026-09-22","taxon_id":127609,"name":"jetbead","sci_name":"Rhodotypos scandens","iconic_taxon":"Plantae","rank":"species","user":"betsyyyy","photo":"https://inaturalist-open-data.s3.amazonaws.com/photos/738967362/medium.jpg","url":"https://www.inaturalist.org/observations/402532655"},"geometry":{"type":"Point","coordinates":[-73.8734424138,40.9044159422]}},{"type":"Feature","properties":{"id":"inat-402620333","inat_id":402620333,"observed_on":"2026-09-22","taxon_id":119048,"name":"white snakeroot","sci_name":"Ageratina altissima","iconic_taxon":"Plantae","rank":"species","user":"renatmoore","photo":"https://inaturalist-open-data.s3.amazonaws.com/photos/739140562/medium.jpg","url":"https://www.inaturalist.org/observations/402620333"},"geometry":{"type":"Point","coordinates":[-73.9896734249,40.6577486168]}},{"type":"Feature","properties":{"id":"inat-402531269","inat_id":402531269,"observed_on":"2026-09-22","taxon_id":127609,"name":"jetbead","sci_name":"Rhodotypos scandens","iconic_taxon":"Plantae","rank":"species","user":"betsyyyy","photo":"https://inaturalist-open-data.s3.amazonaws.com/photos/738965172/medium.jpg","url":"https://www.inaturalist.org/observations/402531269"},"geometry":{"type":"Point","coordinates":[-73.8734680491,40.9044033343]}},{"type":"Feature","properties":{"id":"inat-402649243","inat_id":402649243,"observed_on":"2026-09-22","taxon_id":57983,"name":"Common Sunflower","sci_name":"Helianthus annuus","iconic_taxon":"Plantae","rank":"species","user":"cameron_morris","photo":"https://inaturalist-open-data.s3.amazonaws.com/photos/739200517/medium.jpg","url":"https://www.inaturalist.org/observations/402649243"},"geometry":{"type":"Point","coordinates":[-74.0027728346,40.6849087926]}},{"type":"Feature","properties":{"id":"inat-402638380","inat_id":402638380,"observed_on":"2026-09-22","taxon_id":118970,"name":"Common Eastern Bumble Bee","sci_name":"Bombus impatiens","iconic_taxon":"Insecta","rank":"species","user":"brigdh","photo":"https://static.inaturalist.org/photos/739178021/medium.jpg","url":"https://www.inaturalist.org/observations/402638380"},"geometry":{"type":"Point","coordinates":[-73.9308222222,40.6753805556]}},{"type":"Feature","properties":{"id":"inat-402533145","inat_id":402533145,"observed_on":"2026-09-22","taxon_id":127609,"name":"jetbead","sci_name":"Rhodotypos scandens","iconic_taxon":"Plantae","rank":"species","user":"betsyyyy","photo":"https://inaturalist-open-data.s3.amazonaws.com/photos/738968061/medium.jpg","url":"https://www.inaturalist.org/observations/402533145"},"geometry":{"type":"Point","coordinates":[-73.8735357982,40.904423095]}},{"type":"Feature","properties":{"id":"inat-402673327","inat_id":402673327,"observed_on":"2026-09-22","taxon_id":46017,"name":"Eastern Gray Squirrel","sci_name":"Sciurus carolinensis","iconic_taxon":"Mammalia","rank":"species","user":"beniiiii","photo":"https://inaturalist-open-data.s3.amazonaws.com/photos/739237382/medium.jpg","url":"https://www.inaturalist.org/observations/402673327"},"geometry":{"type":"Point","coordinates":[-73.8954091923,40.8897617089]}},{"type":"Feature","properties":{"id":"inat-402529714","inat_id":402529714,"observed_on":"2026-09-22","taxon_id":127609,"name":"jetbead","sci_name":"Rhodotypos scandens","iconic_taxon":"Plantae","rank":"species","user":"betsyyyy","photo":"https://inaturalist-open-data.s3.amazonaws.com/photos/738961757/medium.jpg","url":"https://www.inaturalist.org/observations/402529714"},"geometry":{"type":"Point","coordinates":[-73.8735392871,40.9044107957]}},{"type":"Feature","properties":{"id":"inat-402532142","inat_id":402532142,"observed_on":"2026-09-22","taxon_id":119989,"name":"Carolina Mantis","sci_name":"Stagmomantis carolina","iconic_taxon":"Insecta","rank":"species","user":"nyssatupelo","photo":"https://inaturalist-open-data.s3.amazonaws.com/photos/738966632/medium.jpg","url":"https://www.inaturalist.org/observations/402532142"},"geometry":{"type":"Point","coordinates":[-73.87953,40.8613283333]}},{"type":"Feature","properties":{"id":"inat-402528417","inat_id":402528417,"observed_on":"2026-09-22","taxon_id":52927,"name":"Asiatic dayflower","sci_name":"Commelina communis","iconic_taxon":"Plantae","rank":"species","user":"spaceforts","photo":"https://inaturalist-open-data.s3.amazonaws.com/photos/738959077/medium.jpg","url":"https://www.inaturalist.org/observations/402528417"},"geometry":{"type":"Point","coordinates":[-73.8867751322,40.7467387609]}},{"type":"Feature","properties":{"id":"inat-402610328","inat_id":402610328,"observed_on":"2026-09-22","taxon_id":144514,"name":"Laughing Gull","sci_name":"Leucophaeus atricilla","iconic_taxon":"Aves","rank":"species","user":"urbanwoods","photo":"https://inaturalist-open-data.s3.amazonaws.com/photos/739120298/medium.jpg","url":"https://www.inaturalist.org/observations/402610328"},"geometry":{"type":"Point","coordinates":[-74.038608735,40.6396314205]}},{"type":"Feature","properties":{"id":"inat-402526997","inat_id":402526997,"observed_on":"2026-09-22","taxon_id":127609,"name":"jetbead","sci_name":"Rhodotypos scandens","iconic_taxon":"Plantae","rank":"species","user":"betsyyyy","photo":"https://inaturalist-open-data.s3.amazonaws.com/photos/738956237/medium.jpg","url":"https://www.inaturalist.org/observations/402526997"},"geometry":{"type":"Point","coordinates":[-73.8735130214,40.9044018299]}},{"type":"Feature","properties":{"id":"inat-402533721","inat_id":402533721,"observed_on":"2026-09-22","taxon_id":1677724,"name":"Beach Wormwood","sci_name":"Artemisia caudata","iconic_taxon":"Plantae","rank":"species","user":"marieviljoen","photo":"https://inaturalist-open-data.s3.amazonaws.com/photos/738969388/medium.jpg","url":"https://www.inaturalist.org/observations/402533721"},"geometry":{"type":"Point","coordinates":[-73.89155754,40.56074245]}},{"type":"Feature","properties":{"id":"inat-402526392","inat_id":402526392,"observed_on":"2026-09-22","taxon_id":127609,"name":"jetbead","sci_name":"Rhodotypos scandens","iconic_taxon":"Plantae","rank":"species","user":"betsyyyy","photo":"https://inaturalist-open-data.s3.amazonaws.com/photos/738955151/medium.jpg","url":"https://www.inaturalist.org/observations/402526392"},"geometry":{"type":"Point","coordinates":[-73.8734829321,40.9044228569]}},{"type":"Feature","properties":{"id":"inat-402559350","inat_id":402559350,"observed_on":"2026-09-22","taxon_id":10227,"name":"Indigo Bunting","sci_name":"Passerina cyanea","iconic_taxon":"Aves","rank":"species","user":"colbee1","photo":"https://static.inaturalist.org/photos/739016570/medium.jpg","url":"https://www.inaturalist.org/observations/402559350"},"geometry":{"type":"Point","coordinates":[-73.9554978221,40.7947851785]}},{"type":"Feature","properties":{"id":"inat-402525747","inat_id":402525747,"observed_on":"2026-09-22","taxon_id":55556,"name":"Large Milkweed Bug","sci_name":"Oncopeltus fasciatus","iconic_taxon":"Insecta","rank":"species","user":"oakjedi","photo":"https://inaturalist-open-data.s3.amazonaws.com/photos/740374859/medium.jpg","url":"https://www.inaturalist.org/observations/402525747"},"geometry":{"type":"Point","coordinates":[-73.885162989,40.8272656874]}},{"type":"Feature","properties":{"id":"inat-402812408","inat_id":402812408,"observed_on":"2026-09-22","taxon_id":55556,"name":"Large Milkweed Bug","sci_name":"Oncopeltus fasciatus","iconic_taxon":"Insecta","rank":"species","user":"silviarennie","photo":"https://inaturalist-open-data.s3.amazonaws.com/photos/739509769/medium.jpg","url":"https://www.inaturalist.org/observations/402812408"},"geometry":{"type":"Point","coordinates":[-74.0187916667,40.7054777778]}},{"type":"Feature","properties":{"id":"inat-402673318","inat_id":402673318,"observed_on":"2026-09-22","taxon_id":1259631,"name":"Asiatic Greenhead Sedge","sci_name":"Cyperus brevifolioides","iconic_taxon":"Plantae","rank":"species","user":"beniiiii","photo":"https://inaturalist-open-data.s3.amazonaws.com/photos/739237340/medium.jpg","url":"https://www.inaturalist.org/observations/402673318"},"geometry":{"type":"Point","coordinates":[-73.8965916667,40.8894733333]}},{"type":"Feature","properties":{"id":"inat-402537294","inat_id":402537294,"observed_on":"2026-09-22","taxon_id":341143,"name":"Central European Bicolored Ant","sci_name":"Lasius emarginatus","iconic_taxon":"Insecta","rank":"species","user":"jab2502","photo":"https://inaturalist-open-data.s3.amazonaws.com/photos/738976297/medium.jpg","url":"https://www.inaturalist.org/observations/402537294"},"geometry":{"type":"Point","coordinates":[-73.9629533333,40.810505]}},{"type":"Feature","properties":{"id":"inat-402673317","inat_id":402673317,"observed_on":"2026-09-22","taxon_id":126889,"name":"Margined Calligrapher","sci_name":"Toxomerus marginatus","iconic_taxon":"Insecta","rank":"species","user":"beniiiii","photo":"https://inaturalist-open-data.s3.amazonaws.com/photos/739237306/medium.jpg","url":"https://www.inaturalist.org/observations/402673317"},"geometry":{"type":"Point","coordinates":[-73.8965305556,40.8894972222]}},{"type":"Feature","properties":{"id":"inat-402548686","inat_id":402548686,"observed_on":"2026-09-22","taxon_id":4457,"name":"Forster's Tern","sci_name":"Sterna forsteri","iconic_taxon":"Aves","rank":"species","user":"urbanwoods","photo":"https://inaturalist-open-data.s3.amazonaws.com/photos/738997642/medium.jpg","url":"https://www.inaturalist.org/observations/402548686"},"geometry":{"type":"Point","coordinates":[-74.0383328028,40.6393852071]}},{"type":"Feature","properties":{"id":"inat-402522352","inat_id":402522352,"observed_on":"2026-09-22","taxon_id":64697,"name":"autumn olive","sci_name":"Elaeagnus umbellata","iconic_taxon":"Plantae","rank":"species","user":"jonathan_green","photo":"https://static.inaturalist.org/photos/738946604/medium.jpg","url":"https://www.inaturalist.org/observations/402522352"},"geometry":{"type":"Point","coordinates":[-73.8933461499,40.5614042837]}},{"type":"Feature","properties":{"id":"inat-402559348","inat_id":402559348,"observed_on":"2026-09-22","taxon_id":122281,"name":"Red-banded Hairstreak","sci_name":"Calycopis cecrops","iconic_taxon":"Insecta","rank":"species","user":"colbee1","photo":"https://static.inaturalist.org/photos/739016577/medium.jpg","url":"https://www.inaturalist.org/observations/402559348"},"geometry":{"type":"Point","coordinates":[-73.9562122214,40.7939112642]}},{"type":"Feature","properties":{"id":"inat-402559346","inat_id":402559346,"observed_on":"2026-09-22","taxon_id":52925,"name":"Pearl Crescent","sci_name":"Phyciodes tharos","iconic_taxon":"Insecta","rank":"species","user":"colbee1","photo":"https://static.inaturalist.org/photos/739016560/medium.jpg","url":"https://www.inaturalist.org/observations/402559346"},"geometry":{"type":"Point","coordinates":[-73.9561913219,40.7938995809]}},{"type":"Feature","properties":{"id":"inat-402535298","inat_id":402535298,"observed_on":"2026-09-22","taxon_id":324726,"name":"Spotted Lanternfly","sci_name":"Lycorma delicatula","iconic_taxon":"Insecta","rank":"species","user":"aezammit","photo":"https://inaturalist-open-data.s3.amazonaws.com/photos/739149574/medium.jpg","url":"https://www.inaturalist.org/observations/402535298"},"geometry":{"type":"Point","coordinates":[-73.8886697987,40.7420766613]}},{"type":"Feature","properties":{"id":"inat-402521740","inat_id":402521740,"observed_on":"2026-09-22","taxon_id":129094,"name":"Red-legged Grasshopper","sci_name":"Melanoplus femurrubrum","iconic_taxon":"Insecta","rank":"species","user":"totallynermal","photo":"https://inaturalist-open-data.s3.amazonaws.com/photos/738945439/medium.jpg","url":"https://www.inaturalist.org/observations/402521740"},"geometry":{"type":"Point","coordinates":[-73.8086013794,40.9152793884]}},{"type":"Feature","properties":{"id":"inat-402521420","inat_id":402521420,"observed_on":"2026-09-22","taxon_id":773806,"name":"aster yellows phytoplasma","sci_name":"Phytoplasma asteris","iconic_taxon":null,"rank":"species","user":"betsyyyy","photo":"https://inaturalist-open-data.s3.amazonaws.com/photos/738944672/medium.jpg","url":"https://www.inaturalist.org/observations/402521420"},"geometry":{"type":"Point","coordinates":[-73.8962743054,40.9093319711]}},{"type":"Feature","properties":{"id":"inat-402521313","inat_id":402521313,"observed_on":"2026-09-22","taxon_id":119989,"name":"Carolina Mantis","sci_name":"Stagmomantis carolina","iconic_taxon":"Insecta","rank":"species","user":"michaelcafiero","photo":"https://static.inaturalist.org/photos/738944572/medium.jpg","url":"https://www.inaturalist.org/observations/402521313"},"geometry":{"type":"Point","coordinates":[-73.9064783333,40.6820466667]}},{"type":"Feature","properties":{"id":"inat-402559344","inat_id":402559344,"observed_on":"2026-09-22","taxon_id":891704,"name":"Red-eyed Vireo","sci_name":"Vireo olivaceus","iconic_taxon":"Aves","rank":"species","user":"colbee1","photo":"https://static.inaturalist.org/photos/739016553/medium.jpg","url":"https://www.inaturalist.org/observations/402559344"},"geometry":{"type":"Point","coordinates":[-73.9554422991,40.7937444059]}},{"type":"Feature","properties":{"id":"inat-402526428","inat_id":402526428,"observed_on":"2026-09-22","taxon_id":49133,"name":"Red Admiral","sci_name":"Vanessa atalanta","iconic_taxon":"Insecta","rank":"species","user":"angelicajackson","photo":"https://inaturalist-open-data.s3.amazonaws.com/photos/738955348/medium.jpg","url":"https://www.inaturalist.org/observations/402526428"},"geometry":{"type":"Point","coordinates":[-73.9975584671,40.7266230555]}},{"type":"Feature","properties":{"id":"inat-402613128","inat_id":402613128,"observed_on":"2026-09-22","taxon_id":324726,"name":"Spotted Lanternfly","sci_name":"Lycorma delicatula","iconic_taxon":"Insecta","rank":"species","user":"amcapek","photo":"https://inaturalist-open-data.s3.amazonaws.com/photos/739125791/medium.jpg","url":"https://www.inaturalist.org/observations/402613128"},"geometry":{"type":"Point","coordinates":[-73.969125,40.7795366667]}},{"type":"Feature","properties":{"id":"inat-402559343","inat_id":402559343,"observed_on":"2026-09-22","taxon_id":145242,"name":"Palm Warbler","sci_name":"Setophaga palmarum","iconic_taxon":"Aves","rank":"species","user":"colbee1","photo":"https://static.inaturalist.org/photos/739016552/medium.jpg","url":"https://www.inaturalist.org/observations/402559343"},"geometry":{"type":"Point","coordinates":[-73.954163229,40.7939606254]}},{"type":"Feature","properties":{"id":"inat-402518288","inat_id":402518288,"observed_on":"2026-09-22","taxon_id":18205,"name":"Red-bellied Woodpecker","sci_name":"Melanerpes carolinus","iconic_taxon":"Aves","rank":"species","user":"violet_tillman","photo":"https://inaturalist-open-data.s3.amazonaws.com/photos/738939075/medium.jpg","url":"https://www.inaturalist.org/observations/402518288"},"geometry":{"type":"Point","coordinates":[-73.9714716667,40.778295]}},{"type":"Feature","properties":{"id":"inat-402524158","inat_id":402524158,"observed_on":"2026-09-22","taxon_id":145235,"name":"Magnolia Warbler","sci_name":"Setophaga magnolia","iconic_taxon":"Aves","rank":"species","user":"helenwan","photo":"https://static.inaturalist.org/photos/738950222/medium.jpg","url":"https://www.inaturalist.org/observations/402524158"},"geometry":{"type":"Point","coordinates":[-73.979506,40.6971415]}},{"type":"Feature","properties":{"id":"inat-402559342","inat_id":402559342,"observed_on":"2026-09-22","taxon_id":145231,"name":"Cape May Warbler","sci_name":"Setophaga tigrina","iconic_taxon":"Aves","rank":"species","user":"colbee1","photo":"https://static.inaturalist.org/photos/739016515/medium.jpg","url":"https://www.inaturalist.org/observations/402559342"},"geometry":{"type":"Point","coordinates":[-73.9542099008,40.7951938655]}},{"type":"Feature","properties":{"id":"inat-402518160","inat_id":402518160,"observed_on":"2026-09-22","taxon_id":14995,"name":"Gray Catbird","sci_name":"Dumetella carolinensis","iconic_taxon":"Aves","rank":"species","user":"violet_tillman","photo":"https://inaturalist-open-data.s3.amazonaws.com/photos/738938863/medium.jpg","url":"https://www.inaturalist.org/observations/402518160"},"geometry":{"type":"Point","coordinates":[-73.9710916667,40.7794716667]}},{"type":"Feature","properties":{"id":"inat-402520850","inat_id":402520850,"observed_on":"2026-09-22","taxon_id":155106,"name":"Black-shouldered Drone Fly","sci_name":"Eristalis dimidiata","iconic_taxon":"Insecta","rank":"species","user":"violet_tillman","photo":"https://inaturalist-open-data.s3.amazonaws.com/photos/738943722/medium.jpg","url":"https://www.inaturalist.org/observations/402520850"},"geometry":{"type":"Point","coordinates":[-73.970825,40.7795616667]}},{"type":"Feature","properties":{"id":"inat-402520881","inat_id":402520881,"observed_on":"2026-09-22","taxon_id":119561,"name":"Narrow-headed Marsh Fly","sci_name":"Helophilus fasciatus","iconic_taxon":"Insecta","rank":"species","user":"violet_tillman","photo":"https://inaturalist-open-data.s3.amazonaws.com/photos/738943806/medium.jpg","url":"https://www.inaturalist.org/observations/402520881"},"geometry":{"type":"Point","coordinates":[-73.9708116667,40.779555]}},{"type":"Feature","properties":{"id":"inat-402761334","inat_id":402761334,"observed_on":"2026-09-22","taxon_id":119792,"name":"princess tree","sci_name":"Paulownia tomentosa","iconic_taxon":"Plantae","rank":"species","user":"mrforest","photo":"https://inaturalist-open-data.s3.amazonaws.com/photos/739414199/medium.jpg","url":"https://www.inaturalist.org/observations/402761334"},"geometry":{"type":"Point","coordinates":[-73.9463283333,40.7531783333]}},{"type":"Feature","properties":{"id":"inat-402761314","inat_id":402761314,"observed_on":"2026-09-22","taxon_id":130888,"name":"American burnweed","sci_name":"Erechtites hieraciifolius","iconic_taxon":"Plantae","rank":"species","user":"mrforest","photo":"https://inaturalist-open-data.s3.amazonaws.com/photos/739414157/medium.jpg","url":"https://www.inaturalist.org/observations/402761314"},"geometry":{"type":"Point","coordinates":[-73.9459916667,40.7531283333]}},{"type":"Feature","properties":{"id":"inat-402761262","inat_id":402761262,"observed_on":"2026-09-22","taxon_id":79141,"name":"black nightshade","sci_name":"Solanum nigrum","iconic_taxon":"Plantae","rank":"species","user":"mrforest","photo":"https://inaturalist-open-data.s3.amazonaws.com/photos/739414073/medium.jpg","url":"https://www.inaturalist.org/observations/402761262"},"geometry":{"type":"Point","coordinates":[-73.945945,40.753145]}},{"type":"Feature","properties":{"id":"inat-402519378","inat_id":402519378,"observed_on":"2026-09-22","taxon_id":141626,"name":"False Milkweed Bug","sci_name":"Lygaeus turcicus","iconic_taxon":"Insecta","rank":"species","user":"violet_tillman","photo":"https://inaturalist-open-data.s3.amazonaws.com/photos/738943645/medium.jpg","url":"https://www.inaturalist.org/observations/402519378"},"geometry":{"type":"Point","coordinates":[-73.9709083333,40.7795466667]}},{"type":"Feature","properties":{"id":"inat-402521137","inat_id":402521137,"observed_on":"2026-09-22","taxon_id":118970,"name":"Common Eastern Bumble Bee","sci_name":"Bombus impatiens","iconic_taxon":"Insecta","rank":"species","user":"violet_tillman","photo":"https://inaturalist-open-data.s3.amazonaws.com/photos/738944170/medium.jpg","url":"https://www.inaturalist.org/observations/402521137"},"geometry":{"type":"Point","coordinates":[-73.9709033333,40.7795216667]}},{"type":"Feature","properties":{"id":"inat-402520571","inat_id":402520571,"observed_on":"2026-09-22","taxon_id":499329,"name":"Slender Smoothtail","sci_name":"Epistrophella emarginata","iconic_taxon":"Insecta","rank":"species","user":"violet_tillman","photo":"https://inaturalist-open-data.s3.amazonaws.com/photos/738943126/medium.jpg","url":"https://www.inaturalist.org/observations/402520571"},"geometry":{"type":"Point","coordinates":[-73.9709033333,40.77953]}},{"type":"Feature","properties":{"id":"inat-402513087","inat_id":402513087,"observed_on":"2026-09-22","taxon_id":144514,"name":"Laughing Gull","sci_name":"Leucophaeus atricilla","iconic_taxon":"Aves","rank":"species","user":"samuelson","photo":"https://inaturalist-open-data.s3.amazonaws.com/photos/738928936/medium.jpg","url":"https://www.inaturalist.org/observations/402513087"},"geometry":{"type":"Point","coordinates":[-74.0110166667,40.6010866667]}},{"type":"Feature","properties":{"id":"inat-402601546","inat_id":402601546,"observed_on":"2026-09-22","taxon_id":52934,"name":"late boneset","sci_name":"Eupatorium serotinum","iconic_taxon":"Plantae","rank":"species","user":"nycnatureobserver","photo":"https://static.inaturalist.org/photos/739102966/medium.jpg","url":"https://www.inaturalist.org/observations/402601546"},"geometry":{"type":"Point","coordinates":[-73.9675213041,40.7780310468]}},{"type":"Feature","properties":{"id":"inat-402545665","inat_id":402545665,"observed_on":"2026-09-22","taxon_id":145237,"name":"Blackburnian Warbler","sci_name":"Setophaga fusca","iconic_taxon":"Aves","rank":"species","user":"byjoetrezza","photo":"https://static.inaturalist.org/photos/738989355/medium.jpg","url":"https://www.inaturalist.org/observations/402545665"},"geometry":{"type":"Point","coordinates":[-73.9689558,40.6602037]}},{"type":"Feature","properties":{"id":"inat-402545662","inat_id":402545662,"observed_on":"2026-09-22","taxon_id":16100,"name":"Eastern Wood-Pewee","sci_name":"Contopus virens","iconic_taxon":"Aves","rank":"species","user":"byjoetrezza","photo":"https://static.inaturalist.org/photos/738989167/medium.jpg","url":"https://www.inaturalist.org/observations/402545662"},"geometry":{"type":"Point","coordinates":[-73.9689558,40.6602037]}},{"type":"Feature","properties":{"id":"inat-402545661","inat_id":402545661,"observed_on":"2026-09-22","taxon_id":13858,"name":"House Sparrow","sci_name":"Passer domesticus","iconic_taxon":"Aves","rank":"species","user":"byjoetrezza","photo":"https://static.inaturalist.org/photos/738989118/medium.jpg","url":"https://www.inaturalist.org/observations/402545661"},"geometry":{"type":"Point","coordinates":[-73.9689558,40.6602037]}},{"type":"Feature","properties":{"id":"inat-402545660","inat_id":402545660,"observed_on":"2026-09-22","taxon_id":1651487,"name":"Hairy Woodpecker","sci_name":"Leuconotopicus villosus","iconic_taxon":"Aves","rank":"species","user":"byjoetrezza","photo":"https://static.inaturalist.org/photos/738989076/medium.jpg","url":"https://www.inaturalist.org/observations/402545660"},"geometry":{"type":"Point","coordinates":[-73.9689558,40.6602037]}},{"type":"Feature","properties":{"id":"inat-402545656","inat_id":402545656,"observed_on":"2026-09-22","taxon_id":145235,"name":"Magnolia Warbler","sci_name":"Setophaga magnolia","iconic_taxon":"Aves","rank":"species","user":"byjoetrezza","photo":"https://static.inaturalist.org/photos/738989071/medium.jpg","url":"https://www.inaturalist.org/observations/402545656"},"geometry":{"type":"Point","coordinates":[-73.9689558,40.6602037]}},{"type":"Feature","properties":{"id":"inat-402545655","inat_id":402545655,"observed_on":"2026-09-22","taxon_id":10286,"name":"Black-and-white Warbler","sci_name":"Mniotilta varia","iconic_taxon":"Aves","rank":"species","user":"byjoetrezza","photo":"https://static.inaturalist.org/photos/738988923/medium.jpg","url":"https://www.inaturalist.org/observations/402545655"},"geometry":{"type":"Point","coordinates":[-73.9689558,40.6602037]}},{"type":"Feature","properties":{"id":"inat-402545653","inat_id":402545653,"observed_on":"2026-09-22","taxon_id":891704,"name":"Red-eyed Vireo","sci_name":"Vireo olivaceus","iconic_taxon":"Aves","rank":"species","user":"byjoetrezza","photo":"https://static.inaturalist.org/photos/738988931/medium.jpg","url":"https://www.inaturalist.org/observations/402545653"},"geometry":{"type":"Point","coordinates":[-73.9689558,40.6602037]}},{"type":"Feature","properties":{"id":"inat-402545649","inat_id":402545649,"observed_on":"2026-09-22","taxon_id":10286,"name":"Black-and-white Warbler","sci_name":"Mniotilta varia","iconic_taxon":"Aves","rank":"species","user":"byjoetrezza","photo":"https://static.inaturalist.org/photos/738988810/medium.jpg","url":"https://www.inaturalist.org/observations/402545649"},"geometry":{"type":"Point","coordinates":[-73.9689558,40.6602037]}},{"type":"Feature","properties":{"id":"inat-402545648","inat_id":402545648,"observed_on":"2026-09-22","taxon_id":13858,"name":"House Sparrow","sci_name":"Passer domesticus","iconic_taxon":"Aves","rank":"species","user":"byjoetrezza","photo":"https://static.inaturalist.org/photos/738988721/medium.jpg","url":"https://www.inaturalist.org/observations/402545648"},"geometry":{"type":"Point","coordinates":[-73.9689558,40.6602037]}},{"type":"Feature","properties":{"id":"inat-402545647","inat_id":402545647,"observed_on":"2026-09-22","taxon_id":13858,"name":"House Sparrow","sci_name":"Passer domesticus","iconic_taxon":"Aves","rank":"species","user":"byjoetrezza","photo":"https://static.inaturalist.org/photos/738988650/medium.jpg","url":"https://www.inaturalist.org/observations/402545647"},"geometry":{"type":"Point","coordinates":[-73.9689558,40.6602037]}},{"type":"Feature","properties":{"id":"inat-402545641","inat_id":402545641,"observed_on":"2026-09-22","taxon_id":13858,"name":"House Sparrow","sci_name":"Passer domesticus","iconic_taxon":"Aves","rank":"species","user":"byjoetrezza","photo":"https://static.inaturalist.org/photos/738988645/medium.jpg","url":"https://www.inaturalist.org/observations/402545641"},"geometry":{"type":"Point","coordinates":[-73.9689558,40.6602037]}},{"type":"Feature","properties":{"id":"inat-402545640","inat_id":402545640,"observed_on":"2026-09-22","taxon_id":145235,"name":"Magnolia Warbler","sci_name":"Setophaga magnolia","iconic_taxon":"Aves","rank":"species","user":"byjoetrezza","photo":"https://static.inaturalist.org/photos/738988552/medium.jpg","url":"https://www.inaturalist.org/observations/402545640"},"geometry":{"type":"Point","coordinates":[-73.9689558,40.6602037]}},{"type":"Feature","properties":{"id":"inat-402545638","inat_id":402545638,"observed_on":"2026-09-22","taxon_id":891704,"name":"Red-eyed Vireo","sci_name":"Vireo olivaceus","iconic_taxon":"Aves","rank":"species","user":"byjoetrezza","photo":"https://static.inaturalist.org/photos/738988524/medium.jpg","url":"https://www.inaturalist.org/observations/402545638"},"geometry":{"type":"Point","coordinates":[-73.9689558,40.6602037]}},{"type":"Feature","properties":{"id":"inat-402511871","inat_id":402511871,"observed_on":"2026-09-22","taxon_id":52856,"name":"common mugwort","sci_name":"Artemisia vulgaris","iconic_taxon":"Plantae","rank":"species","user":"jazzboyga","photo":"https://inaturalist-open-data.s3.amazonaws.com/photos/738926916/medium.jpg","url":"https://www.inaturalist.org/observations/402511871"},"geometry":{"type":"Point","coordinates":[-73.9739185441,40.9118890613]}},{"type":"Feature","properties":{"id":"inat-402521629","inat_id":402521629,"observed_on":"2026-09-22","taxon_id":47219,"name":"Western Honey Bee","sci_name":"Apis mellifera","iconic_taxon":"Insecta","rank":"species","user":"violet_tillman","photo":"https://inaturalist-open-data.s3.amazonaws.com/photos/738945083/medium.jpg","url":"https://www.inaturalist.org/observations/402521629"},"geometry":{"type":"Point","coordinates":[-73.9708633333,40.779175]}},{"type":"Feature","properties":{"id":"inat-402525713","inat_id":402525713,"observed_on":"2026-09-22","taxon_id":48599,"name":"American pokeweed","sci_name":"Phytolacca americana","iconic_taxon":"Plantae","rank":"species","user":"violet_tillman","photo":"https://inaturalist-open-data.s3.amazonaws.com/photos/738953496/medium.jpg","url":"https://www.inaturalist.org/observations/402525713"},"geometry":{"type":"Point","coordinates":[-73.9708333333,40.7791533333]}},{"type":"Feature","properties":{"id":"inat-402511689","inat_id":402511689,"observed_on":"2026-09-22","taxon_id":14886,"name":"Northern Mockingbird","sci_name":"Mimus polyglottos","iconic_taxon":"Aves","rank":"species","user":"backpainbear","photo":"https://inaturalist-open-data.s3.amazonaws.com/photos/738926582/medium.jpg","url":"https://www.inaturalist.org/observations/402511689"},"geometry":{"type":"Point","coordinates":[-74.0113972167,40.7396916667]}},{"type":"Feature","properties":{"id":"inat-402751654","inat_id":402751654,"observed_on":"2026-09-22","taxon_id":47219,"name":"Western Honey Bee","sci_name":"Apis mellifera","iconic_taxon":"Insecta","rank":"species","user":"johnsbarelyhome","photo":"https://inaturalist-open-data.s3.amazonaws.com/photos/739396569/medium.jpg","url":"https://www.inaturalist.org/observations/402751654"},"geometry":{"type":"Point","coordinates":[-73.7680666667,40.7683216667]}},{"type":"Feature","properties":{"id":"inat-402520762","inat_id":402520762,"observed_on":"2026-09-22","taxon_id":12727,"name":"American Robin","sci_name":"Turdus migratorius","iconic_taxon":"Aves","rank":"species","user":"violet_tillman","photo":"https://inaturalist-open-data.s3.amazonaws.com/photos/738943523/medium.jpg","url":"https://www.inaturalist.org/observations/402520762"},"geometry":{"type":"Point","coordinates":[-73.9710783333,40.7789116667]}},{"type":"Feature","properties":{"id":"inat-402510025","inat_id":402510025,"observed_on":"2026-09-22","taxon_id":126888,"name":"northern seaside goldenrod","sci_name":"Solidago sempervirens","iconic_taxon":"Plantae","rank":"species","user":"cameron_morris","photo":"https://inaturalist-open-data.s3.amazonaws.com/photos/738922994/medium.jpg","url":"https://www.inaturalist.org/observations/402510025"},"geometry":{"type":"Point","coordinates":[-73.9990720165,40.6850021193]}},{"type":"Feature","properties":{"id":"inat-402518935","inat_id":402518935,"observed_on":"2026-09-22","taxon_id":10247,"name":"American Redstart","sci_name":"Setophaga ruticilla","iconic_taxon":"Aves","rank":"species","user":"violet_tillman","photo":"https://inaturalist-open-data.s3.amazonaws.com/photos/738940408/medium.jpg","url":"https://www.inaturalist.org/observations/402518935"},"geometry":{"type":"Point","coordinates":[-73.97113,40.778895]}},{"type":"Feature","properties":{"id":"inat-402509931","inat_id":402509931,"observed_on":"2026-09-22","taxon_id":13858,"name":"House Sparrow","sci_name":"Passer domesticus","iconic_taxon":"Aves","rank":"species","user":"fin_o_saurus","photo":"https://inaturalist-open-data.s3.amazonaws.com/photos/738922817/medium.jpg","url":"https://www.inaturalist.org/observations/402509931"},"geometry":{"type":"Point","coordinates":[-73.9965133667,40.7276115417]}},{"type":"Feature","properties":{"id":"inat-402559341","inat_id":402559341,"observed_on":"2026-09-22","taxon_id":12878,"name":"Swainson's Thrush","sci_name":"Catharus ustulatus","iconic_taxon":"Aves","rank":"species","user":"colbee1","photo":"https://static.inaturalist.org/photos/739016523/medium.jpg","url":"https://www.inaturalist.org/observations/402559341"},"geometry":{"type":"Point","coordinates":[-73.9612519775,40.7944228824]}},{"type":"Feature","properties":{"id":"inat-402526014","inat_id":402526014,"observed_on":"2026-09-22","taxon_id":153441,"name":"Common Blue Wood Aster","sci_name":"Symphyotrichum cordifolium","iconic_taxon":"Plantae","rank":"species","user":"violet_tillman","photo":"https://inaturalist-open-data.s3.amazonaws.com/photos/738954177/medium.jpg","url":"https://www.inaturalist.org/observations/402526014"},"geometry":{"type":"Point","coordinates":[-73.9716866667,40.77855]}},{"type":"Feature","properties":{"id":"inat-402520790","inat_id":402520790,"observed_on":"2026-09-22","taxon_id":4956,"name":"Great Blue Heron","sci_name":"Ardea herodias","iconic_taxon":"Aves","rank":"species","user":"violet_tillman","photo":"https://inaturalist-open-data.s3.amazonaws.com/photos/738943592/medium.jpg","url":"https://www.inaturalist.org/observations/402520790"},"geometry":{"type":"Point","coordinates":[-73.9717333333,40.77878]}},{"type":"Feature","properties":{"id":"inat-402507801","inat_id":402507801,"observed_on":"2026-09-22","taxon_id":119048,"name":"white snakeroot","sci_name":"Ageratina altissima","iconic_taxon":"Plantae","rank":"species","user":"jazzboyga","photo":"https://inaturalist-open-data.s3.amazonaws.com/photos/738918910/medium.jpg","url":"https://www.inaturalist.org/observations/402507801"},"geometry":{"type":"Point","coordinates":[-73.9737677103,40.911773134]}},{"type":"Feature","properties":{"id":"inat-402524449","inat_id":402524449,"observed_on":"2026-09-22","taxon_id":119048,"name":"white snakeroot","sci_name":"Ageratina altissima","iconic_taxon":"Plantae","rank":"species","user":"violet_tillman","photo":"https://inaturalist-open-data.s3.amazonaws.com/photos/738950867/medium.jpg","url":"https://www.inaturalist.org/observations/402524449"},"geometry":{"type":"Point","coordinates":[-73.972,40.778775]}},{"type":"Feature","properties":{"id":"inat-402509692","inat_id":402509692,"observed_on":"2026-09-22","taxon_id":122767,"name":"Feral Pigeon","sci_name":"Columba livia domestica","iconic_taxon":"Aves","rank":"variety","user":"fin_o_saurus","photo":"https://inaturalist-open-data.s3.amazonaws.com/photos/738922304/medium.jpg","url":"https://www.inaturalist.org/observations/402509692"},"geometry":{"type":"Point","coordinates":[-73.9968566895,40.7277145386]}},{"type":"Feature","properties":{"id":"inat-402524932","inat_id":402524932,"observed_on":"2026-09-22","taxon_id":127609,"name":"jetbead","sci_name":"Rhodotypos scandens","iconic_taxon":"Plantae","rank":"species","user":"violet_tillman","photo":"https://inaturalist-open-data.s3.amazonaws.com/photos/738951915/medium.jpg","url":"https://www.inaturalist.org/observations/402524932"},"geometry":{"type":"Point","coordinates":[-73.9730383333,40.7781866667]}},{"type":"Feature","properties":{"id":"inat-402506547","inat_id":402506547,"observed_on":"2026-09-22","taxon_id":119048,"name":"white snakeroot","sci_name":"Ageratina altissima","iconic_taxon":"Plantae","rank":"species","user":"meggieryry","photo":"https://inaturalist-open-data.s3.amazonaws.com/photos/738922484/medium.jpg","url":"https://www.inaturalist.org/observations/402506547"},"geometry":{"type":"Point","coordinates":[-73.907565609,40.7782526302]}},{"type":"Feature","properties":{"id":"inat-402701502","inat_id":402701502,"observed_on":"2026-09-22","taxon_id":76158,"name":"northern catalpa","sci_name":"Catalpa speciosa","iconic_taxon":"Plantae","rank":"species","user":"asfrankie","photo":"https://inaturalist-open-data.s3.amazonaws.com/photos/739304362/medium.jpg","url":"https://www.inaturalist.org/observations/402701502"},"geometry":{"type":"Point","coordinates":[-73.997746207,40.7312116972]}},{"type":"Feature","properties":{"id":"inat-402559340","inat_id":402559340,"observed_on":"2026-09-22","taxon_id":10271,"name":"Rose-breasted Grosbeak","sci_name":"Pheucticus ludovicianus","iconic_taxon":"Aves","rank":"species","user":"colbee1","photo":"https://static.inaturalist.org/photos/739016537/medium.jpg","url":"https://www.inaturalist.org/observations/402559340"},"geometry":{"type":"Point","coordinates":[-73.9617421139,40.794865406]}},{"type":"Feature","properties":{"id":"inat-402701396","inat_id":402701396,"observed_on":"2026-09-22","taxon_id":3454,"name":"Mourning Dove","sci_name":"Zenaida macroura","iconic_taxon":"Aves","rank":"species","user":"asfrankie","photo":"https://inaturalist-open-data.s3.amazonaws.com/photos/739341419/medium.jpg","url":"https://www.inaturalist.org/observations/402701396"},"geometry":{"type":"Point","coordinates":[-73.9977716346,40.7312125359]}},{"type":"Feature","properties":{"id":"inat-402673307","inat_id":402673307,"observed_on":"2026-09-22","taxon_id":340742,"name":"Sphex nudus","sci_name":"Sphex nudus","iconic_taxon":"Insecta","rank":"species","user":"beniiiii","photo":"https://inaturalist-open-data.s3.amazonaws.com/photos/739237074/medium.jpg","url":"https://www.inaturalist.org/observations/402673307"},"geometry":{"type":"Point","coordinates":[-73.8967690723,40.8897657643]}},{"type":"Feature","properties":{"id":"inat-402701290","inat_id":402701290,"observed_on":"2026-09-22","taxon_id":47219,"name":"Western Honey Bee","sci_name":"Apis mellifera","iconic_taxon":"Insecta","rank":"species","user":"asfrankie","photo":"https://inaturalist-open-data.s3.amazonaws.com/photos/739303977/medium.jpg","url":"https://www.inaturalist.org/observations/402701290"},"geometry":{"type":"Point","coordinates":[-73.9983,40.731705]}},{"type":"Feature","properties":{"id":"inat-402532826","inat_id":402532826,"observed_on":"2026-09-22","taxon_id":47914,"name":"Pandorus Sphinx","sci_name":"Eumorpha pandorus","iconic_taxon":"Insecta","rank":"species","user":"nyssatupelo","photo":"https://inaturalist-open-data.s3.amazonaws.com/photos/738967641/medium.jpg","url":"https://www.inaturalist.org/observations/402532826"},"geometry":{"type":"Point","coordinates":[-73.8795466667,40.8613666667]}},{"type":"Feature","properties":{"id":"inat-402627269","inat_id":402627269,"observed_on":"2026-09-22","taxon_id":52344,"name":"common morning-glory","sci_name":"Ipomoea purpurea","iconic_taxon":"Plantae","rank":"species","user":"deniseedits","photo":"https://inaturalist-open-data.s3.amazonaws.com/photos/739156018/medium.jpg","url":"https://www.inaturalist.org/observations/402627269"},"geometry":{"type":"Point","coordinates":[-73.987175,40.6979133333]}},{"type":"Feature","properties":{"id":"inat-403114142","inat_id":403114142,"observed_on":"2026-09-22","taxon_id":10271,"name":"Rose-breasted Grosbeak","sci_name":"Pheucticus ludovicianus","iconic_taxon":"Aves","rank":"species","user":"april_9","photo":"https://static.inaturalist.org/photos/740098340/medium.jpg","url":"https://www.inaturalist.org/observations/403114142"},"geometry":{"type":"Point","coordinates":[-73.9569602162,40.79498621]}},{"type":"Feature","properties":{"id":"inat-402701339","inat_id":402701339,"observed_on":"2026-09-22","taxon_id":12727,"name":"American Robin","sci_name":"Turdus migratorius","iconic_taxon":"Aves","rank":"species","user":"asfrankie","photo":"https://inaturalist-open-data.s3.amazonaws.com/photos/739304048/medium.jpg","url":"https://www.inaturalist.org/observations/402701339"},"geometry":{"type":"Point","coordinates":[-73.998895,40.7308883333]}},{"type":"Feature","properties":{"id":"inat-402626143","inat_id":402626143,"observed_on":"2026-09-22","taxon_id":54900,"name":"Eastern Black Swallowtail","sci_name":"Papilio polyxenes asterius","iconic_taxon":"Insecta","rank":"subspecies","user":"deniseedits","photo":"https://inaturalist-open-data.s3.amazonaws.com/photos/739153381/medium.jpg","url":"https://www.inaturalist.org/observations/402626143"},"geometry":{"type":"Point","coordinates":[-73.98745,40.6979333333]}},{"type":"Feature","properties":{"id":"inat-402626728","inat_id":402626728,"observed_on":"2026-09-22","taxon_id":118970,"name":"Common Eastern Bumble Bee","sci_name":"Bombus impatiens","iconic_taxon":"Insecta","rank":"species","user":"deniseedits","photo":"https://inaturalist-open-data.s3.amazonaws.com/photos/739154796/medium.jpg","url":"https://www.inaturalist.org/observations/402626728"},"geometry":{"type":"Point","coordinates":[-73.9876333333,40.6978033333]}},{"type":"Feature","properties":{"id":"inat-402723811","inat_id":402723811,"observed_on":"2026-09-22","taxon_id":83439,"name":"Black Sea Bass","sci_name":"Centropristis striata","iconic_taxon":"Actinopterygii","rank":"species","user":"maisieklem808","photo":"https://inaturalist-open-data.s3.amazonaws.com/photos/739346662/medium.jpg","url":"https://www.inaturalist.org/observations/402723811"},"geometry":{"type":"Point","coordinates":[-74.0130388833,40.6915666667]}},{"type":"Feature","properties":{"id":"inat-402501498","inat_id":402501498,"observed_on":"2026-09-22","taxon_id":55626,"name":"Small White","sci_name":"Pieris rapae","iconic_taxon":"Insecta","rank":"species","user":"tracy_yu","photo":"https://inaturalist-open-data.s3.amazonaws.com/photos/738907277/medium.jpg","url":"https://www.inaturalist.org/observations/402501498"},"geometry":{"type":"Point","coordinates":[-74.0908576367,40.6089027303]}},{"type":"Feature","properties":{"id":"inat-402503542","inat_id":402503542,"observed_on":"2026-09-22","taxon_id":133439,"name":"Golden Tortoise Beetle","sci_name":"Charidotella sexpunctata","iconic_taxon":"Insecta","rank":"species","user":"johnsbarelyhome","photo":"https://inaturalist-open-data.s3.amazonaws.com/photos/738911148/medium.jpg","url":"https://www.inaturalist.org/observations/402503542"},"geometry":{"type":"Point","coordinates":[-73.76432,40.7715216667]}},{"type":"Feature","properties":{"id":"inat-402500257","inat_id":402500257,"observed_on":"2026-09-22","taxon_id":9083,"name":"Northern Cardinal","sci_name":"Cardinalis cardinalis","iconic_taxon":"Aves","rank":"species","user":"michael24581","photo":"https://inaturalist-open-data.s3.amazonaws.com/photos/738904841/medium.jpg","url":"https://www.inaturalist.org/observations/402500257"},"geometry":{"type":"Point","coordinates":[-73.9628177,40.6653455]}},{"type":"Feature","properties":{"id":"inat-402560980","inat_id":402560980,"observed_on":"2026-09-22","taxon_id":51390,"name":"Cunner","sci_name":"Tautogolabrus adspersus","iconic_taxon":"Actinopterygii","rank":"species","user":"maisieklem808","photo":"https://inaturalist-open-data.s3.amazonaws.com/photos/739020327/medium.jpg","url":"https://www.inaturalist.org/observations/402560980"},"geometry":{"type":"Point","coordinates":[-74.0122833333,40.6914383333]}},{"type":"Feature","properties":{"id":"inat-402627457","inat_id":402627457,"observed_on":"2026-09-22","taxon_id":116364,"name":"nodding onion","sci_name":"Allium cernuum","iconic_taxon":"Plantae","rank":"species","user":"deniseedits","photo":"https://inaturalist-open-data.s3.amazonaws.com/photos/739156300/medium.jpg","url":"https://www.inaturalist.org/observations/402627457"},"geometry":{"type":"Point","coordinates":[-73.9874883333,40.69683]}},{"type":"Feature","properties":{"id":"inat-402499039","inat_id":402499039,"observed_on":"2026-09-22","taxon_id":48599,"name":"American pokeweed","sci_name":"Phytolacca americana","iconic_taxon":"Plantae","rank":"species","user":"meggieryry","photo":"https://inaturalist-open-data.s3.amazonaws.com/photos/738902641/medium.jpg","url":"https://www.inaturalist.org/observations/402499039"},"geometry":{"type":"Point","coordinates":[-73.9075788207,40.7782647109]}},{"type":"Feature","properties":{"id":"inat-402885985","inat_id":402885985,"observed_on":"2026-09-22","taxon_id":9721,"name":"Common Yellowthroat","sci_name":"Geothlypis trichas","iconic_taxon":"Aves","rank":"species","user":"deniseedits","photo":"https://inaturalist-open-data.s3.amazonaws.com/photos/739656268/medium.jpg","url":"https://www.inaturalist.org/observations/402885985"},"geometry":{"type":"Point","coordinates":[-73.9878,40.6968833333]}},{"type":"Feature","properties":{"id":"inat-402498630","inat_id":402498630,"observed_on":"2026-09-22","taxon_id":122767,"name":"Feral Pigeon","sci_name":"Columba livia domestica","iconic_taxon":"Aves","rank":"variety","user":"tracy_yu","photo":"https://inaturalist-open-data.s3.amazonaws.com/photos/738901941/medium.jpg","url":"https://www.inaturalist.org/observations/402498630"},"geometry":{"type":"Point","coordinates":[-74.0907989962,40.6089272709]}},{"type":"Feature","properties":{"id":"inat-402827387","inat_id":402827387,"observed_on":"2026-09-22","taxon_id":82342,"name":"Amur honeysuckle","sci_name":"Lonicera maackii","iconic_taxon":"Plantae","rank":"species","user":"nonavianry","photo":"https://inaturalist-open-data.s3.amazonaws.com/photos/740068569/medium.jpg","url":"https://www.inaturalist.org/observations/402827387"},"geometry":{"type":"Point","coordinates":[-73.8805015852,40.8963228437]}},{"type":"Feature","properties":{"id":"inat-402701028","inat_id":402701028,"observed_on":"2026-09-22","taxon_id":243824,"name":"mock strawberry","sci_name":"Potentilla indica","iconic_taxon":"Plantae","rank":"species","user":"asfrankie","photo":"https://inaturalist-open-data.s3.amazonaws.com/photos/739303714/medium.jpg","url":"https://www.inaturalist.org/observations/402701028"},"geometry":{"type":"Point","coordinates":[-73.9977031507,40.7304644971]}},{"type":"Feature","properties":{"id":"inat-402673302","inat_id":402673302,"observed_on":"2026-09-22","taxon_id":62984,"name":"Asian Tiger Mosquito","sci_name":"Aedes albopictus","iconic_taxon":"Insecta","rank":"species","user":"beniiiii","photo":"https://inaturalist-open-data.s3.amazonaws.com/photos/739236913/medium.jpg","url":"https://www.inaturalist.org/observations/402673302"},"geometry":{"type":"Point","coordinates":[-73.8968361111,40.8897472222]}},{"type":"Feature","properties":{"id":"inat-402630261","inat_id":402630261,"observed_on":"2026-09-22","taxon_id":122767,"name":"Feral Pigeon","sci_name":"Columba livia domestica","iconic_taxon":"Aves","rank":"variety","user":"deniseedits","photo":"https://inaturalist-open-data.s3.amazonaws.com/photos/739161485/medium.jpg","url":"https://www.inaturalist.org/observations/402630261"},"geometry":{"type":"Point","coordinates":[-73.987945,40.6973416667]}},{"type":"Feature","properties":{"id":"inat-402497564","inat_id":402497564,"observed_on":"2026-09-22","taxon_id":48484,"name":"Asian Lady Beetle","sci_name":"Harmonia axyridis","iconic_taxon":"Insecta","rank":"species","user":"hannah_ehrlich","photo":"https://inaturalist-open-data.s3.amazonaws.com/photos/738900058/medium.jpg","url":"https://www.inaturalist.org/observations/402497564"},"geometry":{"type":"Point","coordinates":[-73.913995,40.8990966667]}},{"type":"Feature","properties":{"id":"inat-402517323","inat_id":402517323,"observed_on":"2026-09-22","taxon_id":12901,"name":"Veery","sci_name":"Catharus fuscescens","iconic_taxon":"Aves","rank":"species","user":"respectable_absorption","photo":"https://inaturalist-open-data.s3.amazonaws.com/photos/738940520/medium.jpg","url":"https://www.inaturalist.org/observations/402517323"},"geometry":{"type":"Point","coordinates":[-73.8942498341,40.8717841743]}},{"type":"Feature","properties":{"id":"inat-402700854","inat_id":402700854,"observed_on":"2026-09-22","taxon_id":14850,"name":"European Starling","sci_name":"Sturnus vulgaris","iconic_taxon":"Aves","rank":"species","user":"asfrankie","photo":"https://inaturalist-open-data.s3.amazonaws.com/photos/739341325/medium.jpg","url":"https://www.inaturalist.org/observations/402700854"},"geometry":{"type":"Point","coordinates":[-73.997605,40.730545]}},{"type":"Feature","properties":{"id":"inat-402673296","inat_id":402673296,"observed_on":"2026-09-22","taxon_id":62984,"name":"Asian Tiger Mosquito","sci_name":"Aedes albopictus","iconic_taxon":"Insecta","rank":"species","user":"beniiiii","photo":"https://inaturalist-open-data.s3.amazonaws.com/photos/739236833/medium.jpg","url":"https://www.inaturalist.org/observations/402673296"},"geometry":{"type":"Point","coordinates":[-73.8968444444,40.8897861111]}},{"type":"Feature","properties":{"id":"inat-402700957","inat_id":402700957,"observed_on":"2026-09-22","taxon_id":13858,"name":"House Sparrow","sci_name":"Passer domesticus","iconic_taxon":"Aves","rank":"species","user":"asfrankie","photo":"https://inaturalist-open-data.s3.amazonaws.com/photos/739303569/medium.jpg","url":"https://www.inaturalist.org/observations/402700957"},"geometry":{"type":"Point","coordinates":[-73.997575,40.73053]}},{"type":"Feature","properties":{"id":"inat-402889114","inat_id":402889114,"observed_on":"2026-09-22","taxon_id":77952,"name":"dwarf mallow","sci_name":"Malva neglecta","iconic_taxon":"Plantae","rank":"species","user":"deniseedits","photo":"https://inaturalist-open-data.s3.amazonaws.com/photos/739662302/medium.jpg","url":"https://www.inaturalist.org/observations/402889114"},"geometry":{"type":"Point","coordinates":[-73.9880366667,40.6977916667]}},{"type":"Feature","properties":{"id":"inat-402700825","inat_id":402700825,"observed_on":"2026-09-22","taxon_id":122767,"name":"Feral Pigeon","sci_name":"Columba livia domestica","iconic_taxon":"Aves","rank":"variety","user":"asfrankie","photo":"https://inaturalist-open-data.s3.amazonaws.com/photos/739303216/medium.jpg","url":"https://www.inaturalist.org/observations/402700825"},"geometry":{"type":"Point","coordinates":[-73.9973177276,40.7310680469]}},{"type":"Feature","properties":{"id":"inat-402495411","inat_id":402495411,"observed_on":"2026-09-22","taxon_id":791928,"name":"scarlet pimpernel","sci_name":"Lysimachia arvensis","iconic_taxon":"Plantae","rank":"species","user":"drg8971","photo":"https://inaturalist-open-data.s3.amazonaws.com/photos/738895534/medium.jpg","url":"https://www.inaturalist.org/observations/402495411"},"geometry":{"type":"Point","coordinates":[-74.0659251462,40.865420015]}},{"type":"Feature","properties":{"id":"inat-402495111","inat_id":402495111,"observed_on":"2026-09-22","taxon_id":64237,"name":"common reed","sci_name":"Phragmites australis","iconic_taxon":"Plantae","rank":"species","user":"ragosto2006","photo":"https://inaturalist-open-data.s3.amazonaws.com/photos/738896271/medium.jpg","url":"https://www.inaturalist.org/observations/402495111"},"geometry":{"type":"Point","coordinates":[-74.0296217259,40.8991560781]}},{"type":"Feature","properties":{"id":"inat-402494533","inat_id":402494533,"observed_on":"2026-09-22","taxon_id":62776,"name":"autumn clematis","sci_name":"Clematis terniflora","iconic_taxon":"Plantae","rank":"species","user":"betsyyyy","photo":"https://inaturalist-open-data.s3.amazonaws.com/photos/738894074/medium.jpg","url":"https://www.inaturalist.org/observations/402494533"},"geometry":{"type":"Point","coordinates":[-73.8918256944,40.889483017]}},{"type":"Feature","properties":{"id":"inat-402494261","inat_id":402494261,"observed_on":"2026-09-22","taxon_id":52763,"name":"buttonbush","sci_name":"Cephalanthus occidentalis","iconic_taxon":"Plantae","rank":"species","user":"betsyyyy","photo":"https://inaturalist-open-data.s3.amazonaws.com/photos/738893488/medium.jpg","url":"https://www.inaturalist.org/observations/402494261"},"geometry":{"type":"Point","coordinates":[-73.8920825691,40.8893554607]}},{"type":"Feature","properties":{"id":"inat-402517184","inat_id":402517184,"observed_on":"2026-09-22","taxon_id":119817,"name":"American groundnut","sci_name":"Apios americana","iconic_taxon":"Plantae","rank":"species","user":"betsyyyy","photo":"https://inaturalist-open-data.s3.amazonaws.com/photos/738936878/medium.jpg","url":"https://www.inaturalist.org/observations/402517184"},"geometry":{"type":"Point","coordinates":[-73.8922256442,40.8893315307]}},{"type":"Feature","properties":{"id":"inat-402493491","inat_id":402493491,"observed_on":"2026-09-22","taxon_id":77915,"name":"northern bugleweed","sci_name":"Lycopus uniflorus","iconic_taxon":"Plantae","rank":"species","user":"betsyyyy","photo":"https://inaturalist-open-data.s3.amazonaws.com/photos/738892295/medium.jpg","url":"https://www.inaturalist.org/observations/402493491"},"geometry":{"type":"Point","coordinates":[-73.8923573353,40.8893046972]}},{"type":"Feature","properties":{"id":"inat-402493276","inat_id":402493276,"observed_on":"2026-09-22","taxon_id":59063,"name":"straw-colored flatsedge","sci_name":"Cyperus strigosus","iconic_taxon":"Plantae","rank":"species","user":"betsyyyy","photo":"https://inaturalist-open-data.s3.amazonaws.com/photos/738891850/medium.jpg","url":"https://www.inaturalist.org/observations/402493276"},"geometry":{"type":"Point","coordinates":[-73.8925045308,40.8892376325]}},{"type":"Feature","properties":{"id":"inat-402493232","inat_id":402493232,"observed_on":"2026-09-22","taxon_id":142928,"name":"Japanese pachysandra","sci_name":"Pachysandra terminalis","iconic_taxon":"Plantae","rank":"species","user":"umevelvets","photo":"https://inaturalist-open-data.s3.amazonaws.com/photos/738891827/medium.jpg","url":"https://www.inaturalist.org/observations/402493232"},"geometry":{"type":"Point","coordinates":[-73.9977416992,40.7304153442]}},{"type":"Feature","properties":{"id":"inat-402493183","inat_id":402493183,"observed_on":"2026-09-22","taxon_id":122767,"name":"Feral Pigeon","sci_name":"Columba livia domestica","iconic_taxon":"Aves","rank":"variety","user":"umevelvets","photo":"https://inaturalist-open-data.s3.amazonaws.com/photos/738891719/medium.jpg","url":"https://www.inaturalist.org/observations/402493183"},"geometry":{"type":"Point","coordinates":[-73.9976730347,40.730594635]}},{"type":"Feature","properties":{"id":"inat-402493115","inat_id":402493115,"observed_on":"2026-09-22","taxon_id":157903,"name":"Common Three-seeded Mercury","sci_name":"Acalypha rhomboidea","iconic_taxon":"Plantae","rank":"species","user":"betsyyyy","photo":"https://inaturalist-open-data.s3.amazonaws.com/photos/738891479/medium.jpg","url":"https://www.inaturalist.org/observations/402493115"},"geometry":{"type":"Point","coordinates":[-73.8928504787,40.8889171187]}},{"type":"Feature","properties":{"id":"inat-402521548","inat_id":402521548,"observed_on":"2026-09-22","taxon_id":157903,"name":"Common Three-seeded Mercury","sci_name":"Acalypha rhomboidea","iconic_taxon":"Plantae","rank":"species","user":"betsyyyy","photo":"https://inaturalist-open-data.s3.amazonaws.com/photos/738944969/medium.jpg","url":"https://www.inaturalist.org/observations/402521548"},"geometry":{"type":"Point","coordinates":[-73.8936415799,40.8897891645]}},{"type":"Feature","properties":{"id":"inat-402508420","inat_id":402508420,"observed_on":"2026-09-22","taxon_id":154298,"name":"Ligated Furrow Bee","sci_name":"Halictus ligatus","iconic_taxon":"Insecta","rank":"species","user":"johnsbarelyhome","photo":"https://inaturalist-open-data.s3.amazonaws.com/photos/738919853/medium.jpg","url":"https://www.inaturalist.org/observations/402508420"},"geometry":{"type":"Point","coordinates":[-73.76625,40.7708083333]}},{"type":"Feature","properties":{"id":"inat-402493455","inat_id":402493455,"observed_on":"2026-09-22","taxon_id":79141,"name":"black nightshade","sci_name":"Solanum nigrum","iconic_taxon":"Plantae","rank":"species","user":"angelicajackson","photo":"https://inaturalist-open-data.s3.amazonaws.com/photos/738892288/medium.jpg","url":"https://www.inaturalist.org/observations/402493455"},"geometry":{"type":"Point","coordinates":[-73.9987678081,40.7296729946]}},{"type":"Feature","properties":{"id":"inat-402487711","inat_id":402487711,"observed_on":"2026-09-22","taxon_id":49219,"name":"American Eel","sci_name":"Anguilla rostrata","iconic_taxon":"Actinopterygii","rank":"species","user":"alexc243","photo":"https://inaturalist-open-data.s3.amazonaws.com/photos/738881688/medium.jpg","url":"https://www.inaturalist.org/observations/402487711"},"geometry":{"type":"Point","coordinates":[-73.9928184172,40.7865486576]}},{"type":"Feature","properties":{"id":"inat-402580237","inat_id":402580237,"observed_on":"2026-09-22","taxon_id":48662,"name":"Monarch","sci_name":"Danaus plexippus","iconic_taxon":"Insecta","rank":"species","user":"timhealy","photo":"https://inaturalist-open-data.s3.amazonaws.com/photos/739060060/medium.jpg","url":"https://www.inaturalist.org/observations/402580237"},"geometry":{"type":"Point","coordinates":[-73.9253291919,40.7722115176]}},{"type":"Feature","properties":{"id":"inat-402485867","inat_id":402485867,"observed_on":"2026-09-22","taxon_id":157889,"name":"Asian Copperleaf","sci_name":"Acalypha australis","iconic_taxon":"Plantae","rank":"species","user":"betsyyyy","photo":"https://inaturalist-open-data.s3.amazonaws.com/photos/738878282/medium.jpg","url":"https://www.inaturalist.org/observations/402485867"},"geometry":{"type":"Point","coordinates":[-73.895167498,40.8898553152]}},{"type":"Feature","properties":{"id":"inat-402485779","inat_id":402485779,"observed_on":"2026-09-22","taxon_id":157889,"name":"Asian Copperleaf","sci_name":"Acalypha australis","iconic_taxon":"Plantae","rank":"species","user":"betsyyyy","photo":"https://inaturalist-open-data.s3.amazonaws.com/photos/738878159/medium.jpg","url":"https://www.inaturalist.org/observations/402485779"},"geometry":{"type":"Point","coordinates":[-73.8951695194,40.8898493017]}},{"type":"Feature","properties":{"id":"inat-402485477","inat_id":402485477,"observed_on":"2026-09-22","taxon_id":157903,"name":"Common Three-seeded Mercury","sci_name":"Acalypha rhomboidea","iconic_taxon":"Plantae","rank":"species","user":"betsyyyy","photo":"https://inaturalist-open-data.s3.amazonaws.com/photos/738877672/medium.jpg","url":"https://www.inaturalist.org/observations/402485477"},"geometry":{"type":"Point","coordinates":[-73.8951522926,40.889861315]}},{"type":"Feature","properties":{"id":"inat-402484630","inat_id":402484630,"observed_on":"2026-09-22","taxon_id":48599,"name":"American pokeweed","sci_name":"Phytolacca americana","iconic_taxon":"Plantae","rank":"species","user":"amyegnyc","photo":"https://inaturalist-open-data.s3.amazonaws.com/photos/738876372/medium.jpg","url":"https://www.inaturalist.org/observations/402484630"},"geometry":{"type":"Point","coordinates":[-73.9508700993,40.7688331804]}},{"type":"Feature","properties":{"id":"inat-402517121","inat_id":402517121,"observed_on":"2026-09-22","taxon_id":130989,"name":"flat-topped goldenrod","sci_name":"Euthamia graminifolia","iconic_taxon":"Plantae","rank":"species","user":"betsyyyy","photo":"https://inaturalist-open-data.s3.amazonaws.com/photos/738936699/medium.jpg","url":"https://www.inaturalist.org/observations/402517121"},"geometry":{"type":"Point","coordinates":[-73.8952101944,40.8899507699]}},{"type":"Feature","properties":{"id":"inat-402483689","inat_id":402483689,"observed_on":"2026-09-22","taxon_id":157903,"name":"Common Three-seeded Mercury","sci_name":"Acalypha rhomboidea","iconic_taxon":"Plantae","rank":"species","user":"betsyyyy","photo":"https://inaturalist-open-data.s3.amazonaws.com/photos/738874072/medium.jpg","url":"https://www.inaturalist.org/observations/402483689"},"geometry":{"type":"Point","coordinates":[-73.8952441172,40.8899128966]}},{"type":"Feature","properties":{"id":"inat-402480734","inat_id":402480734,"observed_on":"2026-09-22","taxon_id":47911,"name":"common milkweed","sci_name":"Asclepias syriaca","iconic_taxon":"Plantae","rank":"species","user":"ragosto2006","photo":"https://inaturalist-open-data.s3.amazonaws.com/photos/738868778/medium.jpg","url":"https://www.inaturalist.org/observations/402480734"},"geometry":{"type":"Point","coordinates":[-74.0323220985,40.8985247003]}},{"type":"Feature","properties":{"id":"inat-402477251","inat_id":402477251,"observed_on":"2026-09-22","taxon_id":49666,"name":"baldcypress","sci_name":"Taxodium distichum","iconic_taxon":"Plantae","rank":"species","user":"henry_freundlich","photo":"https://inaturalist-open-data.s3.amazonaws.com/photos/738862194/medium.jpg","url":"https://www.inaturalist.org/observations/402477251"},"geometry":{"type":"Point","coordinates":[-73.833431736,40.7280578603]}},{"type":"Feature","properties":{"id":"inat-402613295","inat_id":402613295,"observed_on":"2026-09-22","taxon_id":46017,"name":"Eastern Gray Squirrel","sci_name":"Sciurus carolinensis","iconic_taxon":"Mammalia","rank":"species","user":"amcapek","photo":"https://inaturalist-open-data.s3.amazonaws.com/photos/739126044/medium.jpg","url":"https://www.inaturalist.org/observations/402613295"},"geometry":{"type":"Point","coordinates":[-73.9712366667,40.77608]}},{"type":"Feature","properties":{"id":"inat-402522587","inat_id":402522587,"observed_on":"2026-09-22","taxon_id":53713,"name":"chicken of the woods","sci_name":"Laetiporus sulphureus","iconic_taxon":"Fungi","rank":"species","user":"layfad","photo":"https://inaturalist-open-data.s3.amazonaws.com/photos/738947000/medium.jpg","url":"https://www.inaturalist.org/observations/402522587"},"geometry":{"type":"Point","coordinates":[-73.9251472056,40.8741591791]}},{"type":"Feature","properties":{"id":"inat-402498758","inat_id":402498758,"observed_on":"2026-09-22","taxon_id":56925,"name":"Red-banded Leafhopper","sci_name":"Graphocephala coccinea","iconic_taxon":"Insecta","rank":"species","user":"pawelp","photo":"https://inaturalist-open-data.s3.amazonaws.com/photos/738902792/medium.jpg","url":"https://www.inaturalist.org/observations/402498758"},"geometry":{"type":"Point","coordinates":[-73.996014,40.7026129722]}},{"type":"Feature","properties":{"id":"inat-402475316","inat_id":402475316,"observed_on":"2026-09-22","taxon_id":3454,"name":"Mourning Dove","sci_name":"Zenaida macroura","iconic_taxon":"Aves","rank":"species","user":"lizzieiwashyna","photo":"https://inaturalist-open-data.s3.amazonaws.com/photos/738858312/medium.jpg","url":"https://www.inaturalist.org/observations/402475316"},"geometry":{"type":"Point","coordinates":[-73.9635280992,40.8095591193]}},{"type":"Feature","properties":{"id":"inat-402713826","inat_id":402713826,"observed_on":"2026-09-22","taxon_id":46017,"name":"Eastern Gray Squirrel","sci_name":"Sciurus carolinensis","iconic_taxon":"Mammalia","rank":"species","user":"jerty","photo":"https://inaturalist-open-data.s3.amazonaws.com/photos/739328294/medium.jpg","url":"https://www.inaturalist.org/observations/402713826"},"geometry":{"type":"Point","coordinates":[-73.841195,40.7500383333]}},{"type":"Feature","properties":{"id":"inat-402472822","inat_id":402472822,"observed_on":"2026-09-22","taxon_id":119048,"name":"white snakeroot","sci_name":"Ageratina altissima","iconic_taxon":"Plantae","rank":"species","user":"john_virzi_hort","photo":"https://static.inaturalist.org/photos/738854025/medium.jpg","url":"https://www.inaturalist.org/observations/402472822"},"geometry":{"type":"Point","coordinates":[-73.8736963362,40.8617385234]}},{"type":"Feature","properties":{"id":"inat-402470747","inat_id":402470747,"observed_on":"2026-09-22","taxon_id":52934,"name":"late boneset","sci_name":"Eupatorium serotinum","iconic_taxon":"Plantae","rank":"species","user":"susanbcp","photo":"https://inaturalist-open-data.s3.amazonaws.com/photos/738871193/medium.jpg","url":"https://www.inaturalist.org/observations/402470747"},"geometry":{"type":"Point","coordinates":[-73.9675653142,40.7780455835]}},{"type":"Feature","properties":{"id":"inat-402470654","inat_id":402470654,"observed_on":"2026-09-22","taxon_id":119048,"name":"white snakeroot","sci_name":"Ageratina altissima","iconic_taxon":"Plantae","rank":"species","user":"susanbcp","photo":"https://inaturalist-open-data.s3.amazonaws.com/photos/738850429/medium.jpg","url":"https://www.inaturalist.org/observations/402470654"},"geometry":{"type":"Point","coordinates":[-73.9676253179,40.7780596053]}},{"type":"Feature","properties":{"id":"inat-402469123","inat_id":402469123,"observed_on":"2026-09-22","taxon_id":53713,"name":"chicken of the woods","sci_name":"Laetiporus sulphureus","iconic_taxon":"Fungi","rank":"species","user":"id56","photo":"https://inaturalist-open-data.s3.amazonaws.com/photos/738847562/medium.jpg","url":"https://www.inaturalist.org/observations/402469123"},"geometry":{"type":"Point","coordinates":[-73.7729370408,40.7843598956]}},{"type":"Feature","properties":{"id":"inat-402873193","inat_id":402873193,"observed_on":"2026-09-22","taxon_id":130139,"name":"Tawny Cockroach","sci_name":"Ectobius pallidus","iconic_taxon":"Insecta","rank":"species","user":"vivian_young","photo":"https://static.inaturalist.org/photos/739629880/medium.jpg","url":"https://www.inaturalist.org/observations/402873193"},"geometry":{"type":"Point","coordinates":[-73.8766981225,40.8586566866]}},{"type":"Feature","properties":{"id":"inat-402493804","inat_id":402493804,"observed_on":"2026-09-22","taxon_id":14898,"name":"Brown Thrasher","sci_name":"Toxostoma rufum","iconic_taxon":"Aves","rank":"species","user":"kls072892","photo":"https://inaturalist-open-data.s3.amazonaws.com/photos/738892833/medium.jpg","url":"https://www.inaturalist.org/observations/402493804"},"geometry":{"type":"Point","coordinates":[-73.961925,40.7953638889]}},{"type":"Feature","properties":{"id":"inat-402465368","inat_id":402465368,"observed_on":"2026-09-22","taxon_id":9721,"name":"Common Yellowthroat","sci_name":"Geothlypis trichas","iconic_taxon":"Aves","rank":"species","user":"kerryjoyce","photo":"https://inaturalist-open-data.s3.amazonaws.com/photos/738841033/medium.jpg","url":"https://www.inaturalist.org/observations/402465368"},"geometry":{"type":"Point","coordinates":[-73.9445476414,40.7492259851]}},{"type":"Feature","properties":{"id":"inat-402874216","inat_id":402874216,"observed_on":"2026-09-22","taxon_id":48599,"name":"American pokeweed","sci_name":"Phytolacca americana","iconic_taxon":"Plantae","rank":"species","user":"vivian_young","photo":"https://static.inaturalist.org/photos/739631987/medium.jpg","url":"https://www.inaturalist.org/observations/402874216"},"geometry":{"type":"Point","coordinates":[-73.8737289415,40.8635806138]}},{"type":"Feature","properties":{"id":"inat-402875246","inat_id":402875246,"observed_on":"2026-09-22","taxon_id":47888,"name":"common jewelweed","sci_name":"Impatiens capensis","iconic_taxon":"Plantae","rank":"species","user":"vivian_young","photo":"https://static.inaturalist.org/photos/739633968/medium.jpg","url":"https://www.inaturalist.org/observations/402875246"},"geometry":{"type":"Point","coordinates":[-73.8746057685,40.8644383946]}},{"type":"Feature","properties":{"id":"inat-402875870","inat_id":402875870,"observed_on":"2026-09-22","taxon_id":119802,"name":"wood nettle","sci_name":"Laportea canadensis","iconic_taxon":"Plantae","rank":"species","user":"vivian_young","photo":"https://static.inaturalist.org/photos/739635083/medium.jpg","url":"https://www.inaturalist.org/observations/402875870"},"geometry":{"type":"Point","coordinates":[-73.8741105345,40.8636262716]}},{"type":"Feature","properties":{"id":"inat-402493628","inat_id":402493628,"observed_on":"2026-09-22","taxon_id":18236,"name":"Northern Flicker","sci_name":"Colaptes auratus","iconic_taxon":"Aves","rank":"species","user":"kls072892","photo":"https://inaturalist-open-data.s3.amazonaws.com/photos/738892577/medium.jpg","url":"https://www.inaturalist.org/observations/402493628"},"geometry":{"type":"Point","coordinates":[-73.9603972222,40.7943166667]}},{"type":"Feature","properties":{"id":"inat-402493580","inat_id":402493580,"observed_on":"2026-09-22","taxon_id":145233,"name":"Northern Parula","sci_name":"Setophaga americana","iconic_taxon":"Aves","rank":"species","user":"kls072892","photo":"https://inaturalist-open-data.s3.amazonaws.com/photos/738892490/medium.jpg","url":"https://www.inaturalist.org/observations/402493580"},"geometry":{"type":"Point","coordinates":[-73.9557555556,40.7945805556]}},{"type":"Feature","properties":{"id":"inat-402493475","inat_id":402493475,"observed_on":"2026-09-22","taxon_id":9184,"name":"White-throated Sparrow","sci_name":"Zonotrichia albicollis","iconic_taxon":"Aves","rank":"species","user":"kls072892","photo":"https://inaturalist-open-data.s3.amazonaws.com/photos/738892328/medium.jpg","url":"https://www.inaturalist.org/observations/402493475"},"geometry":{"type":"Point","coordinates":[-73.9555805556,40.7947777778]}},{"type":"Feature","properties":{"id":"inat-402459207","inat_id":402459207,"observed_on":"2026-09-22","taxon_id":14850,"name":"European Starling","sci_name":"Sturnus vulgaris","iconic_taxon":"Aves","rank":"species","user":"themorningsidebirdwatcher","photo":"https://inaturalist-open-data.s3.amazonaws.com/photos/738829141/medium.jpg","url":"https://www.inaturalist.org/observations/402459207"},"geometry":{"type":"Point","coordinates":[-73.9667337017,40.8039325152]}},{"type":"Feature","properties":{"id":"inat-403118581","inat_id":403118581,"observed_on":"2026-09-22","taxon_id":55556,"name":"Large Milkweed Bug","sci_name":"Oncopeltus fasciatus","iconic_taxon":"Insecta","rank":"species","user":"jamisonalbritton","photo":"https://inaturalist-open-data.s3.amazonaws.com/photos/740107054/medium.jpg","url":"https://www.inaturalist.org/observations/403118581"},"geometry":{"type":"Point","coordinates":[-73.9874128745,40.696814637]}},{"type":"Feature","properties":{"id":"inat-402493180","inat_id":402493180,"observed_on":"2026-09-22","taxon_id":145310,"name":"American Goldfinch","sci_name":"Spinus tristis","iconic_taxon":"Aves","rank":"species","user":"kls072892","photo":"https://inaturalist-open-data.s3.amazonaws.com/photos/738891743/medium.jpg","url":"https://www.inaturalist.org/observations/402493180"},"geometry":{"type":"Point","coordinates":[-73.9555805556,40.7947777778]}},{"type":"Feature","properties":{"id":"inat-402878778","inat_id":402878778,"observed_on":"2026-09-22","taxon_id":51875,"name":"Red Clover","sci_name":"Trifolium pratense","iconic_taxon":"Plantae","rank":"species","user":"vivian_young","photo":"https://static.inaturalist.org/photos/739641299/medium.jpg","url":"https://www.inaturalist.org/observations/402878778"},"geometry":{"type":"Point","coordinates":[-73.8741982407,40.8626571521]}},{"type":"Feature","properties":{"id":"inat-402879889","inat_id":402879889,"observed_on":"2026-09-22","taxon_id":379800,"name":"orange hobnail canker","sci_name":"Endothia gyrosa","iconic_taxon":"Fungi","rank":"species","user":"vivian_young","photo":"https://static.inaturalist.org/photos/739643353/medium.jpg","url":"https://www.inaturalist.org/observations/402879889"},"geometry":{"type":"Point","coordinates":[-73.877182439,40.8572719271]}},{"type":"Feature","properties":{"id":"inat-402698533","inat_id":402698533,"observed_on":"2026-09-22","taxon_id":53713,"name":"chicken of the woods","sci_name":"Laetiporus sulphureus","iconic_taxon":"Fungi","rank":"species","user":"chariscochran","photo":"https://static.inaturalist.org/photos/739298374/medium.jpg","url":"https://www.inaturalist.org/observations/402698533"},"geometry":{"type":"Point","coordinates":[-73.9655533333,40.6608383333]}},{"type":"Feature","properties":{"id":"inat-402486447","inat_id":402486447,"observed_on":"2026-09-22","taxon_id":10286,"name":"Black-and-white Warbler","sci_name":"Mniotilta varia","iconic_taxon":"Aves","rank":"species","user":"melbreyer","photo":"https://inaturalist-open-data.s3.amazonaws.com/photos/738879394/medium.jpg","url":"https://www.inaturalist.org/observations/402486447"},"geometry":{"type":"Point","coordinates":[-74.0152886574,40.7110010117]}},{"type":"Feature","properties":{"id":"inat-402493109","inat_id":402493109,"observed_on":"2026-09-22","taxon_id":145235,"name":"Magnolia Warbler","sci_name":"Setophaga magnolia","iconic_taxon":"Aves","rank":"species","user":"kls072892","photo":"https://inaturalist-open-data.s3.amazonaws.com/photos/738891560/medium.jpg","url":"https://www.inaturalist.org/observations/402493109"},"geometry":{"type":"Point","coordinates":[-73.9554611111,40.7950694444]}},{"type":"Feature","properties":{"id":"inat-402480985","inat_id":402480985,"observed_on":"2026-09-22","taxon_id":53714,"name":"hen of the woods","sci_name":"Grifola frondosa","iconic_taxon":"Fungi","rank":"species","user":"lovisalden","photo":"https://inaturalist-open-data.s3.amazonaws.com/photos/738869169/medium.jpg","url":"https://www.inaturalist.org/observations/402480985"},"geometry":{"type":"Point","coordinates":[-73.8433186916,40.703038319]}},{"type":"Feature","properties":{"id":"inat-402525878","inat_id":402525878,"observed_on":"2026-09-22","taxon_id":17364,"name":"Philadelphia Vireo","sci_name":"Vireo philadelphicus","iconic_taxon":"Aves","rank":"species","user":"byjoetrezza","photo":"https://static.inaturalist.org/photos/738953869/medium.jpg","url":"https://www.inaturalist.org/observations/402525878"},"geometry":{"type":"Point","coordinates":[-73.9741059954,40.6652895402]}},{"type":"Feature","properties":{"id":"inat-402881284","inat_id":402881284,"observed_on":"2026-09-22","taxon_id":143803,"name":"low smartweed","sci_name":"Persicaria longiseta","iconic_taxon":"Plantae","rank":"species","user":"vivian_young","photo":"https://static.inaturalist.org/photos/739646188/medium.jpg","url":"https://www.inaturalist.org/observations/402881284"},"geometry":{"type":"Point","coordinates":[-73.8769789414,40.8577328586]}},{"type":"Feature","properties":{"id":"inat-402493074","inat_id":402493074,"observed_on":"2026-09-22","taxon_id":199916,"name":"Black-throated Blue Warbler","sci_name":"Setophaga caerulescens","iconic_taxon":"Aves","rank":"species","user":"kls072892","photo":"https://inaturalist-open-data.s3.amazonaws.com/photos/738891488/medium.jpg","url":"https://www.inaturalist.org/observations/402493074"},"geometry":{"type":"Point","coordinates":[-73.955575,40.7951972222]}},{"type":"Feature","properties":{"id":"inat-402492995","inat_id":402492995,"observed_on":"2026-09-22","taxon_id":16100,"name":"Eastern Wood-Pewee","sci_name":"Contopus virens","iconic_taxon":"Aves","rank":"species","user":"kls072892","photo":"https://inaturalist-open-data.s3.amazonaws.com/photos/738891333/medium.jpg","url":"https://www.inaturalist.org/observations/402492995"},"geometry":{"type":"Point","coordinates":[-73.955575,40.7951972222]}},{"type":"Feature","properties":{"id":"inat-402465567","inat_id":402465567,"observed_on":"2026-09-22","taxon_id":48599,"name":"American pokeweed","sci_name":"Phytolacca americana","iconic_taxon":"Plantae","rank":"species","user":"andrea49514","photo":"https://inaturalist-open-data.s3.amazonaws.com/photos/738841259/medium.jpg","url":"https://www.inaturalist.org/observations/402465567"},"geometry":{"type":"Point","coordinates":[-73.9614884458,40.7957772096]}},{"type":"Feature","properties":{"id":"inat-402486155","inat_id":402486155,"observed_on":"2026-09-22","taxon_id":62550,"name":"Ovenbird","sci_name":"Seiurus aurocapilla","iconic_taxon":"Aves","rank":"species","user":"melbreyer","photo":"https://inaturalist-open-data.s3.amazonaws.com/photos/738878884/medium.jpg","url":"https://www.inaturalist.org/observations/402486155"},"geometry":{"type":"Point","coordinates":[-74.0134819953,40.7131952578]}},{"type":"Feature","properties":{"id":"inat-402485938","inat_id":402485938,"observed_on":"2026-09-22","taxon_id":9721,"name":"Common Yellowthroat","sci_name":"Geothlypis trichas","iconic_taxon":"Aves","rank":"species","user":"melbreyer","photo":"https://inaturalist-open-data.s3.amazonaws.com/photos/738878633/medium.jpg","url":"https://www.inaturalist.org/observations/402485938"},"geometry":{"type":"Point","coordinates":[-74.0130702605,40.7132352485]}},{"type":"Feature","properties":{"id":"inat-402463529","inat_id":402463529,"observed_on":"2026-09-22","taxon_id":48292,"name":"Common Striped Woodlouse","sci_name":"Philoscia muscorum","iconic_taxon":"Animalia","rank":"species","user":"andrea49514","photo":"https://inaturalist-open-data.s3.amazonaws.com/photos/738837774/medium.jpg","url":"https://www.inaturalist.org/observations/402463529"},"geometry":{"type":"Point","coordinates":[-73.9612984379,40.7959160256]}},{"type":"Feature","properties":{"id":"inat-403010429","inat_id":403010429,"observed_on":"2026-09-22","taxon_id":60132,"name":"creeping thistle","sci_name":"Cirsium arvense","iconic_taxon":"Plantae","rank":"species","user":"van_loves_native","photo":"https://inaturalist-open-data.s3.amazonaws.com/photos/739897963/medium.jpg","url":"https://www.inaturalist.org/observations/403010429"},"geometry":{"type":"Point","coordinates":[-73.9977405221,40.7263264899]}},{"type":"Feature","properties":{"id":"inat-402882226","inat_id":402882226,"observed_on":"2026-09-22","taxon_id":120005,"name":"bluestem goldenrod","sci_name":"Solidago caesia","iconic_taxon":"Plantae","rank":"species","user":"vivian_young","photo":"https://static.inaturalist.org/photos/739647892/medium.jpg","url":"https://www.inaturalist.org/observations/402882226"},"geometry":{"type":"Point","coordinates":[-73.8768652772,40.8580699023]}},{"type":"Feature","properties":{"id":"inat-402882507","inat_id":402882507,"observed_on":"2026-09-22","taxon_id":119048,"name":"white snakeroot","sci_name":"Ageratina altissima","iconic_taxon":"Plantae","rank":"species","user":"vivian_young","photo":"https://static.inaturalist.org/photos/739648471/medium.jpg","url":"https://www.inaturalist.org/observations/402882507"},"geometry":{"type":"Point","coordinates":[-73.875865476,40.8604088153]}},{"type":"Feature","properties":{"id":"inat-402882865","inat_id":402882865,"observed_on":"2026-09-22","taxon_id":119827,"name":"American spikenard","sci_name":"Aralia racemosa","iconic_taxon":"Plantae","rank":"species","user":"vivian_young","photo":"https://static.inaturalist.org/photos/739649392/medium.jpg","url":"https://www.inaturalist.org/observations/402882865"},"geometry":{"type":"Point","coordinates":[-73.8759279585,40.8603578935]}},{"type":"Feature","properties":{"id":"inat-402883780","inat_id":402883780,"observed_on":"2026-09-22","taxon_id":119048,"name":"white snakeroot","sci_name":"Ageratina altissima","iconic_taxon":"Plantae","rank":"species","user":"vivian_young","photo":"https://static.inaturalist.org/photos/739651543/medium.jpg","url":"https://www.inaturalist.org/observations/402883780"},"geometry":{"type":"Point","coordinates":[-73.8759880071,40.8603291628]}},{"type":"Feature","properties":{"id":"inat-402884369","inat_id":402884369,"observed_on":"2026-09-22","taxon_id":54793,"name":"northern spicebush","sci_name":"Lindera benzoin","iconic_taxon":"Plantae","rank":"species","user":"vivian_young","photo":"https://static.inaturalist.org/photos/739652897/medium.jpg","url":"https://www.inaturalist.org/observations/402884369"},"geometry":{"type":"Point","coordinates":[-73.875327721,40.8611505447]}},{"type":"Feature","properties":{"id":"inat-402485233","inat_id":402485233,"observed_on":"2026-09-22","taxon_id":145233,"name":"Northern Parula","sci_name":"Setophaga americana","iconic_taxon":"Aves","rank":"species","user":"melbreyer","photo":"https://inaturalist-open-data.s3.amazonaws.com/photos/738877216/medium.jpg","url":"https://www.inaturalist.org/observations/402485233"},"geometry":{"type":"Point","coordinates":[-74.0122377868,40.7109537837]}},{"type":"Feature","properties":{"id":"inat-402492953","inat_id":402492953,"observed_on":"2026-09-22","taxon_id":13270,"name":"Wood Thrush","sci_name":"Hylocichla mustelina","iconic_taxon":"Aves","rank":"species","user":"kls072892","photo":"https://inaturalist-open-data.s3.amazonaws.com/photos/738891237/medium.jpg","url":"https://www.inaturalist.org/observations/402492953"},"geometry":{"type":"Point","coordinates":[-73.9578722222,40.7950138889]}},{"type":"Feature","properties":{"id":"inat-402451438","inat_id":402451438,"observed_on":"2026-09-22","taxon_id":3454,"name":"Mourning Dove","sci_name":"Zenaida macroura","iconic_taxon":"Aves","rank":"species","user":"pigeon_appreciator","photo":"https://inaturalist-open-data.s3.amazonaws.com/photos/738814576/medium.jpg","url":"https://www.inaturalist.org/observations/402451438"},"geometry":{"type":"Point","coordinates":[-73.96974945,40.8013036833]}},{"type":"Feature","properties":{"id":"inat-402451139","inat_id":402451139,"observed_on":"2026-09-22","taxon_id":3454,"name":"Mourning Dove","sci_name":"Zenaida macroura","iconic_taxon":"Aves","rank":"species","user":"pigeon_appreciator","photo":"https://inaturalist-open-data.s3.amazonaws.com/photos/738813794/medium.jpg","url":"https://www.inaturalist.org/observations/402451139"},"geometry":{"type":"Point","coordinates":[-73.96974945,40.8013036833]}},{"type":"Feature","properties":{"id":"inat-402451070","inat_id":402451070,"observed_on":"2026-09-22","taxon_id":3454,"name":"Mourning Dove","sci_name":"Zenaida macroura","iconic_taxon":"Aves","rank":"species","user":"pigeon_appreciator","photo":"https://inaturalist-open-data.s3.amazonaws.com/photos/738813593/medium.jpg","url":"https://www.inaturalist.org/observations/402451070"},"geometry":{"type":"Point","coordinates":[-73.96974945,40.8013036833]}},{"type":"Feature","properties":{"id":"inat-403326051","inat_id":403326051,"observed_on":"2026-09-22","taxon_id":13858,"name":"House Sparrow","sci_name":"Passer domesticus","iconic_taxon":"Aves","rank":"species","user":"kmiranda17","photo":"https://inaturalist-open-data.s3.amazonaws.com/photos/740514729/medium.jpg","url":"https://www.inaturalist.org/observations/403326051"},"geometry":{"type":"Point","coordinates":[-73.9839633333,40.7230866667]}},{"type":"Feature","properties":{"id":"inat-402492889","inat_id":402492889,"observed_on":"2026-09-22","taxon_id":62550,"name":"Ovenbird","sci_name":"Seiurus aurocapilla","iconic_taxon":"Aves","rank":"species","user":"kls072892","photo":"https://inaturalist-open-data.s3.amazonaws.com/photos/738891114/medium.jpg","url":"https://www.inaturalist.org/observations/402492889"},"geometry":{"type":"Point","coordinates":[-73.9568777778,40.7957805556]}},{"type":"Feature","properties":{"id":"inat-402451498","inat_id":402451498,"observed_on":"2026-09-22","taxon_id":133280,"name":"Versute Sharpshooter","sci_name":"Graphocephala versuta","iconic_taxon":"Insecta","rank":"species","user":"katlattime","photo":"https://inaturalist-open-data.s3.amazonaws.com/photos/738814769/medium.jpg","url":"https://www.inaturalist.org/observations/402451498"},"geometry":{"type":"Point","coordinates":[-73.9248859315,40.7924690585]}},{"type":"Feature","properties":{"id":"inat-402449511","inat_id":402449511,"observed_on":"2026-09-22","taxon_id":358082,"name":"Narrow-winged Mantis","sci_name":"Tenodera angustipennis","iconic_taxon":"Insecta","rank":"species","user":"ogrenyc","photo":"https://inaturalist-open-data.s3.amazonaws.com/photos/738810618/medium.jpg","url":"https://www.inaturalist.org/observations/402449511"},"geometry":{"type":"Point","coordinates":[-73.9233169556,40.7183837891]}},{"type":"Feature","properties":{"id":"inat-402492845","inat_id":402492845,"observed_on":"2026-09-22","taxon_id":10247,"name":"American Redstart","sci_name":"Setophaga ruticilla","iconic_taxon":"Aves","rank":"species","user":"kls072892","photo":"https://inaturalist-open-data.s3.amazonaws.com/photos/738890990/medium.jpg","url":"https://www.inaturalist.org/observations/402492845"},"geometry":{"type":"Point","coordinates":[-73.9556805556,40.7977944444]}},{"type":"Feature","properties":{"id":"inat-402453121","inat_id":402453121,"observed_on":"2026-09-22","taxon_id":126888,"name":"northern seaside goldenrod","sci_name":"Solidago sempervirens","iconic_taxon":"Plantae","rank":"species","user":"van_loves_native","photo":"https://inaturalist-open-data.s3.amazonaws.com/photos/738817767/medium.jpg","url":"https://www.inaturalist.org/observations/402453121"},"geometry":{"type":"Point","coordinates":[-73.9977594013,40.7262481076]}},{"type":"Feature","properties":{"id":"inat-402577570","inat_id":402577570,"observed_on":"2026-09-22","taxon_id":3454,"name":"Mourning Dove","sci_name":"Zenaida macroura","iconic_taxon":"Aves","rank":"species","user":"rojasburke","photo":"https://inaturalist-open-data.s3.amazonaws.com/photos/739053591/medium.jpg","url":"https://www.inaturalist.org/observations/402577570"},"geometry":{"type":"Point","coordinates":[-73.9635974076,40.6658006658]}},{"type":"Feature","properties":{"id":"inat-402465177","inat_id":402465177,"observed_on":"2026-09-22","taxon_id":372712,"name":"Yellow-footed Ant","sci_name":"Nylanderia flavipes","iconic_taxon":"Insecta","rank":"species","user":"andrea49514","photo":"https://inaturalist-open-data.s3.amazonaws.com/photos/738840608/medium.jpg","url":"https://www.inaturalist.org/observations/402465177"},"geometry":{"type":"Point","coordinates":[-73.961197372,40.795944572]}},{"type":"Feature","properties":{"id":"inat-402577566","inat_id":402577566,"observed_on":"2026-09-22","taxon_id":155106,"name":"Black-shouldered Drone Fly","sci_name":"Eristalis dimidiata","iconic_taxon":"Insecta","rank":"species","user":"rojasburke","photo":"https://inaturalist-open-data.s3.amazonaws.com/photos/739053569/medium.jpg","url":"https://www.inaturalist.org/observations/402577566"},"geometry":{"type":"Point","coordinates":[-73.9630723004,40.6658894176]}},{"type":"Feature","properties":{"id":"inat-402577564","inat_id":402577564,"observed_on":"2026-09-22","taxon_id":155106,"name":"Black-shouldered Drone Fly","sci_name":"Eristalis dimidiata","iconic_taxon":"Insecta","rank":"species","user":"rojasburke","photo":"https://inaturalist-open-data.s3.amazonaws.com/photos/739053540/medium.jpg","url":"https://www.inaturalist.org/observations/402577564"},"geometry":{"type":"Point","coordinates":[-73.9631663578,40.665854725]}},{"type":"Feature","properties":{"id":"inat-402577563","inat_id":402577563,"observed_on":"2026-09-22","taxon_id":1129479,"name":"Blue-winged Scoliid Wasp","sci_name":"Scolia dubia","iconic_taxon":"Insecta","rank":"species","user":"rojasburke","photo":"https://inaturalist-open-data.s3.amazonaws.com/photos/739053551/medium.jpg","url":"https://www.inaturalist.org/observations/402577563"},"geometry":{"type":"Point","coordinates":[-73.9631932008,40.665857155]}},{"type":"Feature","properties":{"id":"inat-402446166","inat_id":402446166,"observed_on":"2026-09-22","taxon_id":58127,"name":"Common Lambsquarters","sci_name":"Chenopodium album","iconic_taxon":"Plantae","rank":"species","user":"tod54284","photo":"https://inaturalist-open-data.s3.amazonaws.com/photos/738803840/medium.jpg","url":"https://www.inaturalist.org/observations/402446166"},"geometry":{"type":"Point","coordinates":[-73.8226416428,40.7511603506]}},{"type":"Feature","properties":{"id":"inat-402445755","inat_id":402445755,"observed_on":"2026-09-22","taxon_id":50278,"name":"Virginia creeper","sci_name":"Parthenocissus quinquefolia","iconic_taxon":"Plantae","rank":"species","user":"tod54284","photo":"https://inaturalist-open-data.s3.amazonaws.com/photos/738803024/medium.jpg","url":"https://www.inaturalist.org/observations/402445755"},"geometry":{"type":"Point","coordinates":[-73.8227106,40.7511653]}},{"type":"Feature","properties":{"id":"inat-402445234","inat_id":402445234,"observed_on":"2026-09-22","taxon_id":82342,"name":"Amur honeysuckle","sci_name":"Lonicera maackii","iconic_taxon":"Plantae","rank":"species","user":"nonavianry","photo":"https://inaturalist-open-data.s3.amazonaws.com/photos/738801913/medium.jpg","url":"https://www.inaturalist.org/observations/402445234"},"geometry":{"type":"Point","coordinates":[-73.8846648631,40.894299843]}},{"type":"Feature","properties":{"id":"inat-402492670","inat_id":402492670,"observed_on":"2026-09-22","taxon_id":9921,"name":"Scarlet Tanager","sci_name":"Piranga olivacea","iconic_taxon":"Aves","rank":"species","user":"kls072892","photo":"https://inaturalist-open-data.s3.amazonaws.com/photos/738890611/medium.jpg","url":"https://www.inaturalist.org/observations/402492670"},"geometry":{"type":"Point","coordinates":[-73.956375,40.7991305556]}},{"type":"Feature","properties":{"id":"inat-402576999","inat_id":402576999,"observed_on":"2026-09-22","taxon_id":14995,"name":"Gray Catbird","sci_name":"Dumetella carolinensis","iconic_taxon":"Aves","rank":"species","user":"rojasburke","photo":"https://inaturalist-open-data.s3.amazonaws.com/photos/739052066/medium.jpg","url":"https://www.inaturalist.org/observations/402576999"},"geometry":{"type":"Point","coordinates":[-73.9622589919,40.6685813338]}},{"type":"Feature","properties":{"id":"inat-402464653","inat_id":402464653,"observed_on":"2026-09-22","taxon_id":9602,"name":"Common Grackle","sci_name":"Quiscalus quiscula","iconic_taxon":"Aves","rank":"species","user":"andrea49514","photo":"https://inaturalist-open-data.s3.amazonaws.com/photos/738839812/medium.jpg","url":"https://www.inaturalist.org/observations/402464653"},"geometry":{"type":"Point","coordinates":[-73.9609849548,40.7960038798]}},{"type":"Feature","properties":{"id":"inat-402464824","inat_id":402464824,"observed_on":"2026-09-22","taxon_id":12727,"name":"American Robin","sci_name":"Turdus migratorius","iconic_taxon":"Aves","rank":"species","user":"andrea49514","photo":"https://inaturalist-open-data.s3.amazonaws.com/photos/738840024/medium.jpg","url":"https://www.inaturalist.org/observations/402464824"},"geometry":{"type":"Point","coordinates":[-73.960990522,40.7959393528]}},{"type":"Feature","properties":{"id":"inat-402442676","inat_id":402442676,"observed_on":"2026-09-22","taxon_id":3454,"name":"Mourning Dove","sci_name":"Zenaida macroura","iconic_taxon":"Aves","rank":"species","user":"pigeon_appreciator","photo":"https://inaturalist-open-data.s3.amazonaws.com/photos/738796598/medium.jpg","url":"https://www.inaturalist.org/observations/402442676"},"geometry":{"type":"Point","coordinates":[-73.9715283333,40.8016466667]}},{"type":"Feature","properties":{"id":"inat-402464459","inat_id":402464459,"observed_on":"2026-09-22","taxon_id":8229,"name":"Blue Jay","sci_name":"Cyanocitta cristata","iconic_taxon":"Aves","rank":"species","user":"andrea49514","photo":"https://inaturalist-open-data.s3.amazonaws.com/photos/738839452/medium.jpg","url":"https://www.inaturalist.org/observations/402464459"},"geometry":{"type":"Point","coordinates":[-73.9610253862,40.7959926052]}},{"type":"Feature","properties":{"id":"inat-402576988","inat_id":402576988,"observed_on":"2026-09-22","taxon_id":118970,"name":"Common Eastern Bumble Bee","sci_name":"Bombus impatiens","iconic_taxon":"Insecta","rank":"species","user":"rojasburke","photo":"https://inaturalist-open-data.s3.amazonaws.com/photos/739052016/medium.jpg","url":"https://www.inaturalist.org/observations/402576988"},"geometry":{"type":"Point","coordinates":[-73.9622482631,40.6685050425]}},{"type":"Feature","properties":{"id":"inat-402576986","inat_id":402576986,"observed_on":"2026-09-22","taxon_id":118970,"name":"Common Eastern Bumble Bee","sci_name":"Bombus impatiens","iconic_taxon":"Insecta","rank":"species","user":"rojasburke","photo":"https://inaturalist-open-data.s3.amazonaws.com/photos/739052001/medium.jpg","url":"https://www.inaturalist.org/observations/402576986"},"geometry":{"type":"Point","coordinates":[-73.9622576508,40.668497922]}},{"type":"Feature","properties":{"id":"inat-402576985","inat_id":402576985,"observed_on":"2026-09-22","taxon_id":118970,"name":"Common Eastern Bumble Bee","sci_name":"Bombus impatiens","iconic_taxon":"Insecta","rank":"species","user":"rojasburke","photo":"https://inaturalist-open-data.s3.amazonaws.com/photos/739051956/medium.jpg","url":"https://www.inaturalist.org/observations/402576985"},"geometry":{"type":"Point","coordinates":[-73.9622670438,40.6684924265]}},{"type":"Feature","properties":{"id":"inat-402464368","inat_id":402464368,"observed_on":"2026-09-22","taxon_id":14995,"name":"Gray Catbird","sci_name":"Dumetella carolinensis","iconic_taxon":"Aves","rank":"species","user":"andrea49514","photo":"https://inaturalist-open-data.s3.amazonaws.com/photos/738839256/medium.jpg","url":"https://www.inaturalist.org/observations/402464368"},"geometry":{"type":"Point","coordinates":[-73.9609456201,40.7959912747]}},{"type":"Feature","properties":{"id":"inat-402487601","inat_id":402487601,"observed_on":"2026-09-22","taxon_id":10479,"name":"Lark Sparrow","sci_name":"Chondestes grammacus","iconic_taxon":"Aves","rank":"species","user":"privatenoaccess","photo":"https://inaturalist-open-data.s3.amazonaws.com/photos/738881207/medium.jpg","url":"https://www.inaturalist.org/observations/402487601"},"geometry":{"type":"Point","coordinates":[-73.759548655,40.6276805694]}},{"type":"Feature","properties":{"id":"inat-402576232","inat_id":402576232,"observed_on":"2026-09-22","taxon_id":4956,"name":"Great Blue Heron","sci_name":"Ardea herodias","iconic_taxon":"Aves","rank":"species","user":"rojasburke","photo":"https://inaturalist-open-data.s3.amazonaws.com/photos/739051296/medium.jpg","url":"https://www.inaturalist.org/observations/402576232"},"geometry":{"type":"Point","coordinates":[-73.96301697,40.6686996777]}},{"type":"Feature","properties":{"id":"inat-402575530","inat_id":402575530,"observed_on":"2026-09-22","taxon_id":5020,"name":"Green Heron","sci_name":"Butorides virescens","iconic_taxon":"Aves","rank":"species","user":"rojasburke","photo":"https://inaturalist-open-data.s3.amazonaws.com/photos/739049959/medium.jpg","url":"https://www.inaturalist.org/observations/402575530"},"geometry":{"type":"Point","coordinates":[-73.9632214808,40.6687896218]}},{"type":"Feature","properties":{"id":"inat-402440449","inat_id":402440449,"observed_on":"2026-09-22","taxon_id":49552,"name":"House Centipede","sci_name":"Scutigera coleoptrata","iconic_taxon":"Animalia","rank":"species","user":"paulderemer","photo":"https://static.inaturalist.org/photos/738792492/medium.jpg","url":"https://www.inaturalist.org/observations/402440449"},"geometry":{"type":"Point","coordinates":[-73.9802898879,40.6618459986]}},{"type":"Feature","properties":{"id":"inat-402471760","inat_id":402471760,"observed_on":"2026-09-22","taxon_id":9721,"name":"Common Yellowthroat","sci_name":"Geothlypis trichas","iconic_taxon":"Aves","rank":"species","user":"catquayle","photo":"https://inaturalist-open-data.s3.amazonaws.com/photos/738852135/medium.jpg","url":"https://www.inaturalist.org/observations/402471760"},"geometry":{"type":"Point","coordinates":[-73.9959033333,40.7019283333]}},{"type":"Feature","properties":{"id":"inat-402464066","inat_id":402464066,"observed_on":"2026-09-22","taxon_id":9083,"name":"Northern Cardinal","sci_name":"Cardinalis cardinalis","iconic_taxon":"Aves","rank":"species","user":"andrea49514","photo":"https://inaturalist-open-data.s3.amazonaws.com/photos/738838722/medium.jpg","url":"https://www.inaturalist.org/observations/402464066"},"geometry":{"type":"Point","coordinates":[-73.9609894078,40.79593074]}},{"type":"Feature","properties":{"id":"inat-402464217","inat_id":402464217,"observed_on":"2026-09-22","taxon_id":12727,"name":"American Robin","sci_name":"Turdus migratorius","iconic_taxon":"Aves","rank":"species","user":"andrea49514","photo":"https://inaturalist-open-data.s3.amazonaws.com/photos/738838988/medium.jpg","url":"https://www.inaturalist.org/observations/402464217"},"geometry":{"type":"Point","coordinates":[-73.9609854803,40.7959829657]}},{"type":"Feature","properties":{"id":"inat-402468706","inat_id":402468706,"observed_on":"2026-09-22","taxon_id":4956,"name":"Great Blue Heron","sci_name":"Ardea herodias","iconic_taxon":"Aves","rank":"species","user":"tim11374","photo":"https://inaturalist-open-data.s3.amazonaws.com/photos/738846731/medium.jpg","url":"https://www.inaturalist.org/observations/402468706"},"geometry":{"type":"Point","coordinates":[-73.85498742,40.6993850521]}},{"type":"Feature","properties":{"id":"inat-402929384","inat_id":402929384,"observed_on":"2026-09-22","taxon_id":46095,"name":"Groundhog","sci_name":"Marmota monax","iconic_taxon":"Mammalia","rank":"species","user":"lee80735","photo":"https://inaturalist-open-data.s3.amazonaws.com/photos/739743909/medium.jpg","url":"https://www.inaturalist.org/observations/402929384"},"geometry":{"type":"Point","coordinates":[-73.8969984278,40.8866247826]}},{"type":"Feature","properties":{"id":"inat-402441682","inat_id":402441682,"observed_on":"2026-09-22","taxon_id":145244,"name":"Pine Warbler","sci_name":"Setophaga pinus","iconic_taxon":"Aves","rank":"species","user":"melbreyer","photo":"https://inaturalist-open-data.s3.amazonaws.com/photos/738795083/medium.jpg","url":"https://www.inaturalist.org/observations/402441682"},"geometry":{"type":"Point","coordinates":[-74.0103138177,40.7086312863]}},{"type":"Feature","properties":{"id":"inat-402441604","inat_id":402441604,"observed_on":"2026-09-22","taxon_id":10247,"name":"American Redstart","sci_name":"Setophaga ruticilla","iconic_taxon":"Aves","rank":"species","user":"melbreyer","photo":"https://inaturalist-open-data.s3.amazonaws.com/photos/738794900/medium.jpg","url":"https://www.inaturalist.org/observations/402441604"},"geometry":{"type":"Point","coordinates":[-74.0124600124,40.7125195953]}},{"type":"Feature","properties":{"id":"inat-402616398","inat_id":402616398,"observed_on":"2026-09-22","taxon_id":122767,"name":"Feral Pigeon","sci_name":"Columba livia domestica","iconic_taxon":"Aves","rank":"variety","user":"freakynatt","photo":"https://inaturalist-open-data.s3.amazonaws.com/photos/739132463/medium.jpg","url":"https://www.inaturalist.org/observations/402616398"},"geometry":{"type":"Point","coordinates":[-73.7919805556,40.8049916667]}},{"type":"Feature","properties":{"id":"inat-402725622","inat_id":402725622,"observed_on":"2026-09-22","taxon_id":119048,"name":"white snakeroot","sci_name":"Ageratina altissima","iconic_taxon":"Plantae","rank":"species","user":"alisondundycho","photo":"https://static.inaturalist.org/photos/739350299/medium.jpg","url":"https://www.inaturalist.org/observations/402725622"},"geometry":{"type":"Point","coordinates":[-73.92588,40.8726833333]}},{"type":"Feature","properties":{"id":"inat-402489487","inat_id":402489487,"observed_on":"2026-09-22","taxon_id":7601,"name":"Marsh Wren","sci_name":"Cistothorus palustris","iconic_taxon":"Aves","rank":"species","user":"privatenoaccess","photo":"https://inaturalist-open-data.s3.amazonaws.com/photos/738883167/medium.jpg","url":"https://www.inaturalist.org/observations/402489487"},"geometry":{"type":"Point","coordinates":[-73.7068283463,40.7703444399]}},{"type":"Feature","properties":{"id":"inat-402441288","inat_id":402441288,"observed_on":"2026-09-22","taxon_id":10286,"name":"Black-and-white Warbler","sci_name":"Mniotilta varia","iconic_taxon":"Aves","rank":"species","user":"melbreyer","photo":"https://inaturalist-open-data.s3.amazonaws.com/photos/738795520/medium.jpg","url":"https://www.inaturalist.org/observations/402441288"},"geometry":{"type":"Point","coordinates":[-74.0158329966,40.7109436446]}},{"type":"Feature","properties":{"id":"inat-402490336","inat_id":402490336,"observed_on":"2026-09-22","taxon_id":1286843,"name":"Sedge Wren","sci_name":"Cistothorus stellaris","iconic_taxon":"Aves","rank":"species","user":"stevewalternature","photo":"https://inaturalist-open-data.s3.amazonaws.com/photos/738886268/medium.jpg","url":"https://www.inaturalist.org/observations/402490336"},"geometry":{"type":"Point","coordinates":[-73.7622167736,40.6072692204]}},{"type":"Feature","properties":{"id":"inat-402441154","inat_id":402441154,"observed_on":"2026-09-22","taxon_id":9721,"name":"Common Yellowthroat","sci_name":"Geothlypis trichas","iconic_taxon":"Aves","rank":"species","user":"melbreyer","photo":"https://inaturalist-open-data.s3.amazonaws.com/photos/738794022/medium.jpg","url":"https://www.inaturalist.org/observations/402441154"},"geometry":{"type":"Point","coordinates":[-74.0142866558,40.7153032605]}},{"type":"Feature","properties":{"id":"inat-402468592","inat_id":402468592,"observed_on":"2026-09-22","taxon_id":487301,"name":"White-pored Chicken of the Woods","sci_name":"Laetiporus cincinnatus","iconic_taxon":"Fungi","rank":"species","user":"tim11374","photo":"https://inaturalist-open-data.s3.amazonaws.com/photos/738846488/medium.jpg","url":"https://www.inaturalist.org/observations/402468592"},"geometry":{"type":"Point","coordinates":[-73.8539943677,40.6998427186]}},{"type":"Feature","properties":{"id":"inat-402426866","inat_id":402426866,"observed_on":"2026-09-22","taxon_id":119048,"name":"white snakeroot","sci_name":"Ageratina altissima","iconic_taxon":"Plantae","rank":"species","user":"brooklynista","photo":"https://inaturalist-open-data.s3.amazonaws.com/photos/738767134/medium.jpg","url":"https://www.inaturalist.org/observations/402426866"},"geometry":{"type":"Point","coordinates":[-73.9678283333,40.659845]}},{"type":"Feature","properties":{"id":"inat-402440915","inat_id":402440915,"observed_on":"2026-09-22","taxon_id":145244,"name":"Pine Warbler","sci_name":"Setophaga pinus","iconic_taxon":"Aves","rank":"species","user":"melbreyer","photo":"https://inaturalist-open-data.s3.amazonaws.com/photos/738793499/medium.jpg","url":"https://www.inaturalist.org/observations/402440915"},"geometry":{"type":"Point","coordinates":[-74.0140141082,40.7145662814]}},{"type":"Feature","properties":{"id":"inat-402468470","inat_id":402468470,"observed_on":"2026-09-22","taxon_id":119048,"name":"white snakeroot","sci_name":"Ageratina altissima","iconic_taxon":"Plantae","rank":"species","user":"tim11374","photo":"https://inaturalist-open-data.s3.amazonaws.com/photos/738846215/medium.jpg","url":"https://www.inaturalist.org/observations/402468470"},"geometry":{"type":"Point","coordinates":[-73.8548334025,40.6992659638]}},{"type":"Feature","properties":{"id":"inat-402440860","inat_id":402440860,"observed_on":"2026-09-22","taxon_id":62550,"name":"Ovenbird","sci_name":"Seiurus aurocapilla","iconic_taxon":"Aves","rank":"species","user":"melbreyer","photo":"https://inaturalist-open-data.s3.amazonaws.com/photos/738793384/medium.jpg","url":"https://www.inaturalist.org/observations/402440860"},"geometry":{"type":"Point","coordinates":[-74.0147274714,40.7139451902]}},{"type":"Feature","properties":{"id":"inat-402589378","inat_id":402589378,"observed_on":"2026-09-22","taxon_id":10286,"name":"Black-and-white Warbler","sci_name":"Mniotilta varia","iconic_taxon":"Aves","rank":"species","user":"mel0114","photo":"https://inaturalist-open-data.s3.amazonaws.com/photos/739078225/medium.jpg","url":"https://www.inaturalist.org/observations/402589378"},"geometry":{"type":"Point","coordinates":[-73.9969783333,40.7297466667]}},{"type":"Feature","properties":{"id":"inat-402440758","inat_id":402440758,"observed_on":"2026-09-22","taxon_id":10247,"name":"American Redstart","sci_name":"Setophaga ruticilla","iconic_taxon":"Aves","rank":"species","user":"melbreyer","photo":"https://inaturalist-open-data.s3.amazonaws.com/photos/738793259/medium.jpg","url":"https://www.inaturalist.org/observations/402440758"},"geometry":{"type":"Point","coordinates":[-74.0163798768,40.7143735074]}},{"type":"Feature","properties":{"id":"inat-402469358","inat_id":402469358,"observed_on":"2026-09-22","taxon_id":46017,"name":"Eastern Gray Squirrel","sci_name":"Sciurus carolinensis","iconic_taxon":"Mammalia","rank":"species","user":"tim11374","photo":"https://inaturalist-open-data.s3.amazonaws.com/photos/738848005/medium.jpg","url":"https://www.inaturalist.org/observations/402469358"},"geometry":{"type":"Point","coordinates":[-73.8550329628,40.6994303265]}},{"type":"Feature","properties":{"id":"inat-402427385","inat_id":402427385,"observed_on":"2026-09-22","taxon_id":58732,"name":"eastern poison ivy","sci_name":"Toxicodendron radicans","iconic_taxon":"Plantae","rank":"species","user":"chesterl2","photo":"https://inaturalist-open-data.s3.amazonaws.com/photos/738768244/medium.jpg","url":"https://www.inaturalist.org/observations/402427385"},"geometry":{"type":"Point","coordinates":[-73.7607114706,40.7627093538]}},{"type":"Feature","properties":{"id":"inat-402424366","inat_id":402424366,"observed_on":"2026-09-22","taxon_id":58320,"name":"golden rain tree","sci_name":"Koelreuteria paniculata","iconic_taxon":"Plantae","rank":"species","user":"chesterl2","photo":"https://inaturalist-open-data.s3.amazonaws.com/photos/738768293/medium.jpg","url":"https://www.inaturalist.org/observations/402424366"},"geometry":{"type":"Point","coordinates":[-73.7644175499,40.7706259376]}},{"type":"Feature","properties":{"id":"inat-402424235","inat_id":402424235,"observed_on":"2026-09-22","taxon_id":76158,"name":"northern catalpa","sci_name":"Catalpa speciosa","iconic_taxon":"Plantae","rank":"species","user":"chesterl2","photo":"https://inaturalist-open-data.s3.amazonaws.com/photos/738762001/medium.jpg","url":"https://www.inaturalist.org/observations/402424235"},"geometry":{"type":"Point","coordinates":[-73.7650748785,40.7713322226]}},{"type":"Feature","properties":{"id":"inat-402423961","inat_id":402423961,"observed_on":"2026-09-22","taxon_id":55830,"name":"ground-ivy","sci_name":"Glechoma hederacea","iconic_taxon":"Plantae","rank":"species","user":"chesterl2","photo":"https://inaturalist-open-data.s3.amazonaws.com/photos/738761462/medium.jpg","url":"https://www.inaturalist.org/observations/402423961"},"geometry":{"type":"Point","coordinates":[-73.7655783314,40.7703557698]}},{"type":"Feature","properties":{"id":"inat-402437881","inat_id":402437881,"observed_on":"2026-09-22","taxon_id":9721,"name":"Common Yellowthroat","sci_name":"Geothlypis trichas","iconic_taxon":"Aves","rank":"species","user":"melbreyer","photo":"https://inaturalist-open-data.s3.amazonaws.com/photos/738791281/medium.jpg","url":"https://www.inaturalist.org/observations/402437881"},"geometry":{"type":"Point","coordinates":[-74.0148388833,40.7117383427]}},{"type":"Feature","properties":{"id":"inat-402423476","inat_id":402423476,"observed_on":"2026-09-22","taxon_id":53178,"name":"ribwort plantain","sci_name":"Plantago lanceolata","iconic_taxon":"Plantae","rank":"species","user":"chesterl2","photo":"https://inaturalist-open-data.s3.amazonaws.com/photos/738760640/medium.jpg","url":"https://www.inaturalist.org/observations/402423476"},"geometry":{"type":"Point","coordinates":[-73.7659953622,40.7700653286]}},{"type":"Feature","properties":{"id":"inat-402437176","inat_id":402437176,"observed_on":"2026-09-22","taxon_id":9721,"name":"Common Yellowthroat","sci_name":"Geothlypis trichas","iconic_taxon":"Aves","rank":"species","user":"melbreyer","photo":"https://inaturalist-open-data.s3.amazonaws.com/photos/738787030/medium.jpg","url":"https://www.inaturalist.org/observations/402437176"},"geometry":{"type":"Point","coordinates":[-74.0147252526,40.7127945777]}},{"type":"Feature","properties":{"id":"inat-402437026","inat_id":402437026,"observed_on":"2026-09-22","taxon_id":145233,"name":"Northern Parula","sci_name":"Setophaga americana","iconic_taxon":"Aves","rank":"species","user":"melbreyer","photo":"https://inaturalist-open-data.s3.amazonaws.com/photos/738785976/medium.jpg","url":"https://www.inaturalist.org/observations/402437026"},"geometry":{"type":"Point","coordinates":[-74.0145093266,40.7129295623]}},{"type":"Feature","properties":{"id":"inat-402423072","inat_id":402423072,"observed_on":"2026-09-22","taxon_id":82576,"name":"sensitive fern","sci_name":"Onoclea sensibilis","iconic_taxon":"Plantae","rank":"species","user":"chesterl2","photo":"https://inaturalist-open-data.s3.amazonaws.com/photos/738759880/medium.jpg","url":"https://www.inaturalist.org/observations/402423072"},"geometry":{"type":"Point","coordinates":[-73.7654186789,40.7702848183]}},{"type":"Feature","properties":{"id":"inat-402436453","inat_id":402436453,"observed_on":"2026-09-22","taxon_id":145233,"name":"Northern Parula","sci_name":"Setophaga americana","iconic_taxon":"Aves","rank":"species","user":"melbreyer","photo":"https://inaturalist-open-data.s3.amazonaws.com/photos/738785038/medium.jpg","url":"https://www.inaturalist.org/observations/402436453"},"geometry":{"type":"Point","coordinates":[-74.0145230732,40.7131337465]}},{"type":"Feature","properties":{"id":"inat-402422394","inat_id":402422394,"observed_on":"2026-09-22","taxon_id":127685,"name":"White Wood Aster","sci_name":"Eurybia divaricata","iconic_taxon":"Plantae","rank":"species","user":"chesterl2","photo":"https://inaturalist-open-data.s3.amazonaws.com/photos/738758703/medium.jpg","url":"https://www.inaturalist.org/observations/402422394"},"geometry":{"type":"Point","coordinates":[-73.7640278022,40.7706878523]}},{"type":"Feature","properties":{"id":"inat-402435950","inat_id":402435950,"observed_on":"2026-09-22","taxon_id":10286,"name":"Black-and-white Warbler","sci_name":"Mniotilta varia","iconic_taxon":"Aves","rank":"species","user":"melbreyer","photo":"https://inaturalist-open-data.s3.amazonaws.com/photos/738783765/medium.jpg","url":"https://www.inaturalist.org/observations/402435950"},"geometry":{"type":"Point","coordinates":[-74.0125111167,40.7133116727]}},{"type":"Feature","properties":{"id":"inat-402435710","inat_id":402435710,"observed_on":"2026-09-22","taxon_id":10247,"name":"American Redstart","sci_name":"Setophaga ruticilla","iconic_taxon":"Aves","rank":"species","user":"melbreyer","photo":"https://inaturalist-open-data.s3.amazonaws.com/photos/738783446/medium.jpg","url":"https://www.inaturalist.org/observations/402435710"},"geometry":{"type":"Point","coordinates":[-74.0121426712,40.7130572276]}},{"type":"Feature","properties":{"id":"inat-402435576","inat_id":402435576,"observed_on":"2026-09-22","taxon_id":145233,"name":"Northern Parula","sci_name":"Setophaga americana","iconic_taxon":"Aves","rank":"species","user":"melbreyer","photo":"https://inaturalist-open-data.s3.amazonaws.com/photos/738783184/medium.jpg","url":"https://www.inaturalist.org/observations/402435576"},"geometry":{"type":"Point","coordinates":[-74.0122238293,40.7130398789]}},{"type":"Feature","properties":{"id":"inat-402421014","inat_id":402421014,"observed_on":"2026-09-22","taxon_id":126888,"name":"northern seaside goldenrod","sci_name":"Solidago sempervirens","iconic_taxon":"Plantae","rank":"species","user":"chesterl2","photo":"https://inaturalist-open-data.s3.amazonaws.com/photos/738756015/medium.jpg","url":"https://www.inaturalist.org/observations/402421014"},"geometry":{"type":"Point","coordinates":[-73.7642636824,40.7728244067]}},{"type":"Feature","properties":{"id":"inat-402420986","inat_id":402420986,"observed_on":"2026-09-22","taxon_id":54504,"name":"eastern black walnut","sci_name":"Juglans nigra","iconic_taxon":"Plantae","rank":"species","user":"chesterl2","photo":"https://inaturalist-open-data.s3.amazonaws.com/photos/738755918/medium.jpg","url":"https://www.inaturalist.org/observations/402420986"},"geometry":{"type":"Point","coordinates":[-73.7637416667,40.772255]}},{"type":"Feature","properties":{"id":"inat-402359389","inat_id":402359389,"observed_on":"2026-09-21","taxon_id":47219,"name":"Western Honey Bee","sci_name":"Apis mellifera","iconic_taxon":"Insecta","rank":"species","user":"wikinyc","photo":"https://inaturalist-open-data.s3.amazonaws.com/photos/738633224/medium.jpg","url":"https://www.inaturalist.org/observations/402359389"},"geometry":{"type":"Point","coordinates":[-73.9432053222,40.7214107226]}},{"type":"Feature","properties":{"id":"inat-402624378","inat_id":402624378,"observed_on":"2026-09-21","taxon_id":199916,"name":"Black-throated Blue Warbler","sci_name":"Setophaga caerulescens","iconic_taxon":"Aves","rank":"species","user":"ingwall","photo":"https://inaturalist-open-data.s3.amazonaws.com/photos/739148850/medium.jpg","url":"https://www.inaturalist.org/observations/402624378"},"geometry":{"type":"Point","coordinates":[-73.9608509355,40.7949983278]}},{"type":"Feature","properties":{"id":"inat-402624376","inat_id":402624376,"observed_on":"2026-09-21","taxon_id":12727,"name":"American Robin","sci_name":"Turdus migratorius","iconic_taxon":"Aves","rank":"species","user":"ingwall","photo":"https://inaturalist-open-data.s3.amazonaws.com/photos/739148849/medium.jpg","url":"https://www.inaturalist.org/observations/402624376"},"geometry":{"type":"Point","coordinates":[-73.9608509355,40.7949983278]}},{"type":"Feature","properties":{"id":"inat-402349667","inat_id":402349667,"observed_on":"2026-09-21","taxon_id":48484,"name":"Asian Lady Beetle","sci_name":"Harmonia axyridis","iconic_taxon":"Insecta","rank":"species","user":"esmewilcha","photo":"https://inaturalist-open-data.s3.amazonaws.com/photos/738614545/medium.jpg","url":"https://www.inaturalist.org/observations/402349667"},"geometry":{"type":"Point","coordinates":[-73.96508,40.8082283333]}},{"type":"Feature","properties":{"id":"inat-402337821","inat_id":402337821,"observed_on":"2026-09-21","taxon_id":81579,"name":"Triangulate Combfoot","sci_name":"Steatoda triangulosa","iconic_taxon":"Arachnida","rank":"species","user":"sophie_chan","photo":"https://static.inaturalist.org/photos/738589388/medium.jpg","url":"https://www.inaturalist.org/observations/402337821"},"geometry":{"type":"Point","coordinates":[-73.9069133333,40.7028883333]}},{"type":"Feature","properties":{"id":"inat-402327977","inat_id":402327977,"observed_on":"2026-09-21","taxon_id":48586,"name":"Brown-lipped Snail","sci_name":"Cepaea nemoralis","iconic_taxon":"Mollusca","rank":"species","user":"flanaganapuss","photo":"https://inaturalist-open-data.s3.amazonaws.com/photos/738568797/medium.jpg","url":"https://www.inaturalist.org/observations/402327977"},"geometry":{"type":"Point","coordinates":[-73.8354721069,40.7118415833]}},{"type":"Feature","properties":{"id":"inat-402365631","inat_id":402365631,"observed_on":"2026-09-21","taxon_id":1619893,"name":"Deuterosminthurus russatus","sci_name":"Deuterosminthurus russatus","iconic_taxon":"Animalia","rank":"species","user":"zihaowang","photo":"https://inaturalist-open-data.s3.amazonaws.com/photos/738645896/medium.jpg","url":"https://www.inaturalist.org/observations/402365631"},"geometry":{"type":"Point","coordinates":[-73.8655523737,40.7746044391]}},{"type":"Feature","properties":{"id":"inat-402318308","inat_id":402318308,"observed_on":"2026-09-21","taxon_id":48586,"name":"Brown-lipped Snail","sci_name":"Cepaea nemoralis","iconic_taxon":"Mollusca","rank":"species","user":"elelelele","photo":"https://static.inaturalist.org/photos/738549524/medium.jpg","url":"https://www.inaturalist.org/observations/402318308"},"geometry":{"type":"Point","coordinates":[-73.9682805384,40.8059770786]}},{"type":"Feature","properties":{"id":"inat-402317716","inat_id":402317716,"observed_on":"2026-09-21","taxon_id":48599,"name":"American pokeweed","sci_name":"Phytolacca americana","iconic_taxon":"Plantae","rank":"species","user":"amado43826","photo":"https://static.inaturalist.org/photos/739940899/medium.jpg","url":"https://www.inaturalist.org/observations/402317716"},"geometry":{"type":"Point","coordinates":[-73.9450485561,40.8253819994]}},{"type":"Feature","properties":{"id":"inat-402339394","inat_id":402339394,"observed_on":"2026-09-21","taxon_id":18205,"name":"Red-bellied Woodpecker","sci_name":"Melanerpes carolinus","iconic_taxon":"Aves","rank":"species","user":"snowleopardgirl","photo":"https://inaturalist-open-data.s3.amazonaws.com/photos/738592342/medium.jpg","url":"https://www.inaturalist.org/observations/402339394"},"geometry":{"type":"Point","coordinates":[-73.7252046929,40.7938363276]}},{"type":"Feature","properties":{"id":"inat-402446704","inat_id":402446704,"observed_on":"2026-09-21","taxon_id":12727,"name":"American Robin","sci_name":"Turdus migratorius","iconic_taxon":"Aves","rank":"species","user":"emrocha31","photo":"https://inaturalist-open-data.s3.amazonaws.com/photos/738804809/medium.jpg","url":"https://www.inaturalist.org/observations/402446704"},"geometry":{"type":"Point","coordinates":[-73.97048,40.6749]}},{"type":"Feature","properties":{"id":"inat-402309651","inat_id":402309651,"observed_on":"2026-09-21","taxon_id":12727,"name":"American Robin","sci_name":"Turdus migratorius","iconic_taxon":"Aves","rank":"species","user":"asfrankie","photo":"https://inaturalist-open-data.s3.amazonaws.com/photos/738531677/medium.jpg","url":"https://www.inaturalist.org/observations/402309651"},"geometry":{"type":"Point","coordinates":[-73.970345,40.6749333333]}},{"type":"Feature","properties":{"id":"inat-402309620","inat_id":402309620,"observed_on":"2026-09-21","taxon_id":12727,"name":"American Robin","sci_name":"Turdus migratorius","iconic_taxon":"Aves","rank":"species","user":"asfrankie","photo":"https://inaturalist-open-data.s3.amazonaws.com/photos/738531607/medium.jpg","url":"https://www.inaturalist.org/observations/402309620"},"geometry":{"type":"Point","coordinates":[-73.9703533333,40.67493]}},{"type":"Feature","properties":{"id":"inat-402404541","inat_id":402404541,"observed_on":"2026-09-21","taxon_id":4672,"name":"Merlin","sci_name":"Falco columbarius","iconic_taxon":"Aves","rank":"species","user":"nycbirder","photo":"https://static.inaturalist.org/photos/738723691/medium.jpg","url":"https://www.inaturalist.org/observations/402404541"},"geometry":{"type":"Point","coordinates":[-73.9387888889,40.85575]}},{"type":"Feature","properties":{"id":"inat-402375818","inat_id":402375818,"observed_on":"2026-09-21","taxon_id":28362,"name":"Common Garter Snake","sci_name":"Thamnophis sirtalis","iconic_taxon":"Reptilia","rank":"species","user":"averycunningham","photo":"https://inaturalist-open-data.s3.amazonaws.com/photos/738667048/medium.jpg","url":"https://www.inaturalist.org/observations/402375818"},"geometry":{"type":"Point","coordinates":[-74.0465778333,40.7975366667]}},{"type":"Feature","properties":{"id":"inat-402375993","inat_id":402375993,"observed_on":"2026-09-21","taxon_id":68912,"name":"Woodlouse Spider","sci_name":"Dysdera crocata","iconic_taxon":"Arachnida","rank":"species","user":"averycunningham","photo":"https://inaturalist-open-data.s3.amazonaws.com/photos/738667489/medium.jpg","url":"https://www.inaturalist.org/observations/402375993"},"geometry":{"type":"Point","coordinates":[-74.0467305,40.7975833333]}},{"type":"Feature","properties":{"id":"inat-402305209","inat_id":402305209,"observed_on":"2026-09-21","taxon_id":1454382,"name":"Double-crested Cormorant","sci_name":"Nannopterum auritum","iconic_taxon":"Aves","rank":"species","user":"rjhawk","photo":"https://inaturalist-open-data.s3.amazonaws.com/photos/738523165/medium.jpg","url":"https://www.inaturalist.org/observations/402305209"},"geometry":{"type":"Point","coordinates":[-73.83735,40.751505]}},{"type":"Feature","properties":{"id":"inat-402851360","inat_id":402851360,"observed_on":"2026-09-21","taxon_id":13270,"name":"Wood Thrush","sci_name":"Hylocichla mustelina","iconic_taxon":"Aves","rank":"species","user":"ingwall","photo":"https://inaturalist-open-data.s3.amazonaws.com/photos/739585896/medium.jpg","url":"https://www.inaturalist.org/observations/402851360"},"geometry":{"type":"Point","coordinates":[-73.9573630226,40.7948490793]}},{"type":"Feature","properties":{"id":"inat-402304472","inat_id":402304472,"observed_on":"2026-09-21","taxon_id":83802,"name":"Locust Borer","sci_name":"Megacyllene robiniae","iconic_taxon":"Insecta","rank":"species","user":"grrlicmustard","photo":"https://inaturalist-open-data.s3.amazonaws.com/photos/738521984/medium.jpg","url":"https://www.inaturalist.org/observations/402304472"},"geometry":{"type":"Point","coordinates":[-74.037816748,40.6146897595]}},{"type":"Feature","properties":{"id":"inat-402304987","inat_id":402304987,"observed_on":"2026-09-21","taxon_id":54900,"name":"Eastern Black Swallowtail","sci_name":"Papilio polyxenes asterius","iconic_taxon":"Insecta","rank":"subspecies","user":"emma_zucker","photo":"https://static.inaturalist.org/photos/738522888/medium.jpg","url":"https://www.inaturalist.org/observations/402304987"},"geometry":{"type":"Point","coordinates":[-73.7839966667,40.8475]}},{"type":"Feature","properties":{"id":"inat-402375801","inat_id":402375801,"observed_on":"2026-09-21","taxon_id":129428,"name":"Smeared Dagger","sci_name":"Acronicta oblinita","iconic_taxon":"Insecta","rank":"species","user":"averycunningham","photo":"https://inaturalist-open-data.s3.amazonaws.com/photos/738667013/medium.jpg","url":"https://www.inaturalist.org/observations/402375801"},"geometry":{"type":"Point","coordinates":[-74.0471668504,40.7953325506]}},{"type":"Feature","properties":{"id":"inat-402302343","inat_id":402302343,"observed_on":"2026-09-21","taxon_id":324726,"name":"Spotted Lanternfly","sci_name":"Lycorma delicatula","iconic_taxon":"Insecta","rank":"species","user":"kevin20326","photo":"https://static.inaturalist.org/photos/738517568/medium.jpg","url":"https://www.inaturalist.org/observations/402302343"},"geometry":{"type":"Point","coordinates":[-74.0144372732,40.6514095003]}},{"type":"Feature","properties":{"id":"inat-402302028","inat_id":402302028,"observed_on":"2026-09-21","taxon_id":1454382,"name":"Double-crested Cormorant","sci_name":"Nannopterum auritum","iconic_taxon":"Aves","rank":"species","user":"rjhawk","photo":"https://inaturalist-open-data.s3.amazonaws.com/photos/738516722/medium.jpg","url":"https://www.inaturalist.org/observations/402302028"},"geometry":{"type":"Point","coordinates":[-73.8374333333,40.7516866667]}},{"type":"Feature","properties":{"id":"inat-402375644","inat_id":402375644,"observed_on":"2026-09-21","taxon_id":63329,"name":"Fragrant flatsedge","sci_name":"Cyperus odoratus","iconic_taxon":"Plantae","rank":"species","user":"averycunningham","photo":"https://inaturalist-open-data.s3.amazonaws.com/photos/738666629/medium.jpg","url":"https://www.inaturalist.org/observations/402375644"},"geometry":{"type":"Point","coordinates":[-74.0486724942,40.7944701082]}},{"type":"Feature","properties":{"id":"inat-402301200","inat_id":402301200,"observed_on":"2026-09-21","taxon_id":118552,"name":"Domestic Cat","sci_name":"Felis catus","iconic_taxon":"Mammalia","rank":"species","user":"rjhawk","photo":"https://inaturalist-open-data.s3.amazonaws.com/photos/738515121/medium.jpg","url":"https://www.inaturalist.org/observations/402301200"},"geometry":{"type":"Point","coordinates":[-73.8376533333,40.7519133333]}},{"type":"Feature","properties":{"id":"inat-402434893","inat_id":402434893,"observed_on":"2026-09-21","taxon_id":143803,"name":"low smartweed","sci_name":"Persicaria longiseta","iconic_taxon":"Plantae","rank":"species","user":"asfrankie","photo":"https://inaturalist-open-data.s3.amazonaws.com/photos/738781951/medium.jpg","url":"https://www.inaturalist.org/observations/402434893"},"geometry":{"type":"Point","coordinates":[-73.9723046734,40.6682771977]}},{"type":"Feature","properties":{"id":"inat-402301241","inat_id":402301241,"observed_on":"2026-09-21","taxon_id":43111,"name":"Eastern Cottontail","sci_name":"Sylvilagus floridanus","iconic_taxon":"Mammalia","rank":"species","user":"ternterntern","photo":"https://inaturalist-open-data.s3.amazonaws.com/photos/738515319/medium.jpg","url":"https://www.inaturalist.org/observations/402301241"},"geometry":{"type":"Point","coordinates":[-73.8904033333,40.8913466667]}},{"type":"Feature","properties":{"id":"inat-402375870","inat_id":402375870,"observed_on":"2026-09-21","taxon_id":118970,"name":"Common Eastern Bumble Bee","sci_name":"Bombus impatiens","iconic_taxon":"Insecta","rank":"species","user":"averycunningham","photo":"https://inaturalist-open-data.s3.amazonaws.com/photos/738667166/medium.jpg","url":"https://www.inaturalist.org/observations/402375870"},"geometry":{"type":"Point","coordinates":[-74.0493388333,40.7947083333]}},{"type":"Feature","properties":{"id":"inat-402332249","inat_id":402332249,"observed_on":"2026-09-21","taxon_id":47219,"name":"Western Honey Bee","sci_name":"Apis mellifera","iconic_taxon":"Insecta","rank":"species","user":"desertqueer","photo":"https://static.inaturalist.org/photos/738582338/medium.jpg","url":"https://www.inaturalist.org/observations/402332249"},"geometry":{"type":"Point","coordinates":[-74.0024343878,40.7511459033]}},{"type":"Feature","properties":{"id":"inat-402300013","inat_id":402300013,"observed_on":"2026-09-21","taxon_id":119048,"name":"white snakeroot","sci_name":"Ageratina altissima","iconic_taxon":"Plantae","rank":"species","user":"ternterntern","photo":"https://inaturalist-open-data.s3.amazonaws.com/photos/738514806/medium.jpg","url":"https://www.inaturalist.org/observations/402300013"},"geometry":{"type":"Point","coordinates":[-73.891905,40.8902583333]}},{"type":"Feature","properties":{"id":"inat-402297823","inat_id":402297823,"observed_on":"2026-09-21","taxon_id":324726,"name":"Spotted Lanternfly","sci_name":"Lycorma delicatula","iconic_taxon":"Insecta","rank":"species","user":"hneyster","photo":"https://inaturalist-open-data.s3.amazonaws.com/photos/738508398/medium.jpg","url":"https://www.inaturalist.org/observations/402297823"},"geometry":{"type":"Point","coordinates":[-73.9620738,40.7211183]}},{"type":"Feature","properties":{"id":"inat-402320271","inat_id":402320271,"observed_on":"2026-09-21","taxon_id":12727,"name":"American Robin","sci_name":"Turdus migratorius","iconic_taxon":"Aves","rank":"species","user":"angelicajackson","photo":"https://inaturalist-open-data.s3.amazonaws.com/photos/738553400/medium.jpg","url":"https://www.inaturalist.org/observations/402320271"},"geometry":{"type":"Point","coordinates":[-73.9973321557,40.7308838864]}},{"type":"Feature","properties":{"id":"inat-402297297","inat_id":402297297,"observed_on":"2026-09-21","taxon_id":48599,"name":"American pokeweed","sci_name":"Phytolacca americana","iconic_taxon":"Plantae","rank":"species","user":"emrocha31","photo":"https://inaturalist-open-data.s3.amazonaws.com/photos/738507268/medium.jpg","url":"https://www.inaturalist.org/observations/402297297"},"geometry":{"type":"Point","coordinates":[-73.9708756842,40.6671514269]}},{"type":"Feature","properties":{"id":"inat-402434814","inat_id":402434814,"observed_on":"2026-09-21","taxon_id":14995,"name":"Gray Catbird","sci_name":"Dumetella carolinensis","iconic_taxon":"Aves","rank":"species","user":"asfrankie","photo":"https://inaturalist-open-data.s3.amazonaws.com/photos/738781828/medium.jpg","url":"https://www.inaturalist.org/observations/402434814"},"geometry":{"type":"Point","coordinates":[-73.970865171,40.667167878]}},{"type":"Feature","properties":{"id":"inat-402297257","inat_id":402297257,"observed_on":"2026-09-21","taxon_id":14995,"name":"Gray Catbird","sci_name":"Dumetella carolinensis","iconic_taxon":"Aves","rank":"species","user":"emrocha31","photo":"https://inaturalist-open-data.s3.amazonaws.com/photos/738507202/medium.jpg","url":"https://www.inaturalist.org/observations/402297257"},"geometry":{"type":"Point","coordinates":[-73.9708466667,40.6671783333]}},{"type":"Feature","properties":{"id":"inat-402434800","inat_id":402434800,"observed_on":"2026-09-21","taxon_id":3454,"name":"Mourning Dove","sci_name":"Zenaida macroura","iconic_taxon":"Aves","rank":"species","user":"asfrankie","photo":"https://inaturalist-open-data.s3.amazonaws.com/photos/738781785/medium.jpg","url":"https://www.inaturalist.org/observations/402434800"},"geometry":{"type":"Point","coordinates":[-73.97075,40.667195]}},{"type":"Feature","properties":{"id":"inat-402335580","inat_id":402335580,"observed_on":"2026-09-21","taxon_id":54573,"name":"splitgill mushroom","sci_name":"Schizophyllum commune","iconic_taxon":"Fungi","rank":"species","user":"backpainbear","photo":"https://inaturalist-open-data.s3.amazonaws.com/photos/738584112/medium.jpg","url":"https://www.inaturalist.org/observations/402335580"},"geometry":{"type":"Point","coordinates":[-73.9368883333,40.6672366667]}},{"type":"Feature","properties":{"id":"inat-402336849","inat_id":402336849,"observed_on":"2026-09-21","taxon_id":48484,"name":"Asian Lady Beetle","sci_name":"Harmonia axyridis","iconic_taxon":"Insecta","rank":"species","user":"snowleopardgirl","photo":"https://inaturalist-open-data.s3.amazonaws.com/photos/738586530/medium.jpg","url":"https://www.inaturalist.org/observations/402336849"},"geometry":{"type":"Point","coordinates":[-73.723414821,40.7948829624]}},{"type":"Feature","properties":{"id":"inat-402297203","inat_id":402297203,"observed_on":"2026-09-21","taxon_id":12727,"name":"American Robin","sci_name":"Turdus migratorius","iconic_taxon":"Aves","rank":"species","user":"emrocha31","photo":"https://inaturalist-open-data.s3.amazonaws.com/photos/738507122/medium.jpg","url":"https://www.inaturalist.org/observations/402297203"},"geometry":{"type":"Point","coordinates":[-73.9709533569,40.6687821913]}},{"type":"Feature","properties":{"id":"inat-402294055","inat_id":402294055,"observed_on":"2026-09-21","taxon_id":48662,"name":"Monarch","sci_name":"Danaus plexippus","iconic_taxon":"Insecta","rank":"species","user":"rhendricks","photo":"https://inaturalist-open-data.s3.amazonaws.com/photos/738501344/medium.jpg","url":"https://www.inaturalist.org/observations/402294055"},"geometry":{"type":"Point","coordinates":[-73.9525623449,40.7931172453]}},{"type":"Feature","properties":{"id":"inat-402434835","inat_id":402434835,"observed_on":"2026-09-21","taxon_id":1651487,"name":"Hairy Woodpecker","sci_name":"Leuconotopicus villosus","iconic_taxon":"Aves","rank":"species","user":"asfrankie","photo":"https://inaturalist-open-data.s3.amazonaws.com/photos/738781872/medium.jpg","url":"https://www.inaturalist.org/observations/402434835"},"geometry":{"type":"Point","coordinates":[-73.97048,40.6672383333]}},{"type":"Feature","properties":{"id":"inat-402294416","inat_id":402294416,"observed_on":"2026-09-21","taxon_id":12727,"name":"American Robin","sci_name":"Turdus migratorius","iconic_taxon":"Aves","rank":"species","user":"emrocha31","photo":"https://inaturalist-open-data.s3.amazonaws.com/photos/738502178/medium.jpg","url":"https://www.inaturalist.org/observations/402294416"},"geometry":{"type":"Point","coordinates":[-73.9705488167,40.6673483521]}},{"type":"Feature","properties":{"id":"inat-402297109","inat_id":402297109,"observed_on":"2026-09-21","taxon_id":3454,"name":"Mourning Dove","sci_name":"Zenaida macroura","iconic_taxon":"Aves","rank":"species","user":"emrocha31","photo":"https://inaturalist-open-data.s3.amazonaws.com/photos/738506985/medium.jpg","url":"https://www.inaturalist.org/observations/402297109"},"geometry":{"type":"Point","coordinates":[-73.9705541075,40.6673195694]}},{"type":"Feature","properties":{"id":"inat-402434776","inat_id":402434776,"observed_on":"2026-09-21","taxon_id":14850,"name":"European Starling","sci_name":"Sturnus vulgaris","iconic_taxon":"Aves","rank":"species","user":"asfrankie","photo":"https://inaturalist-open-data.s3.amazonaws.com/photos/738781739/medium.jpg","url":"https://www.inaturalist.org/observations/402434776"},"geometry":{"type":"Point","coordinates":[-73.9704431591,40.6672890863]}},{"type":"Feature","properties":{"id":"inat-402305118","inat_id":402305118,"observed_on":"2026-09-21","taxon_id":122767,"name":"Feral Pigeon","sci_name":"Columba livia domestica","iconic_taxon":"Aves","rank":"variety","user":"sofiabalonso","photo":"https://inaturalist-open-data.s3.amazonaws.com/photos/738523015/medium.jpg","url":"https://www.inaturalist.org/observations/402305118"},"geometry":{"type":"Point","coordinates":[-74.0100472167,40.7419916667]}},{"type":"Feature","properties":{"id":"inat-402294104","inat_id":402294104,"observed_on":"2026-09-21","taxon_id":46017,"name":"Eastern Gray Squirrel","sci_name":"Sciurus carolinensis","iconic_taxon":"Mammalia","rank":"species","user":"emrocha31","photo":"https://inaturalist-open-data.s3.amazonaws.com/photos/738501465/medium.jpg","url":"https://www.inaturalist.org/observations/402294104"},"geometry":{"type":"Point","coordinates":[-73.9705016837,40.6672616909]}},{"type":"Feature","properties":{"id":"inat-402293328","inat_id":402293328,"observed_on":"2026-09-21","taxon_id":145240,"name":"Blackpoll Warbler","sci_name":"Setophaga striata","iconic_taxon":"Aves","rank":"species","user":"jiwon61785","photo":"https://inaturalist-open-data.s3.amazonaws.com/photos/738499647/medium.jpg","url":"https://www.inaturalist.org/observations/402293328"},"geometry":{"type":"Point","coordinates":[-73.92157,40.7364966667]}},{"type":"Feature","properties":{"id":"inat-402452709","inat_id":402452709,"observed_on":"2026-09-21","taxon_id":44576,"name":"Brown Rat","sci_name":"Rattus norvegicus","iconic_taxon":"Mammalia","rank":"species","user":"angelicajackson","photo":"https://inaturalist-open-data.s3.amazonaws.com/photos/738816782/medium.jpg","url":"https://www.inaturalist.org/observations/402452709"},"geometry":{"type":"Point","coordinates":[-73.9973321557,40.7308838864]}},{"type":"Feature","properties":{"id":"inat-402305075","inat_id":402305075,"observed_on":"2026-09-21","taxon_id":14995,"name":"Gray Catbird","sci_name":"Dumetella carolinensis","iconic_taxon":"Aves","rank":"species","user":"sofiabalonso","photo":"https://inaturalist-open-data.s3.amazonaws.com/photos/738522956/medium.jpg","url":"https://www.inaturalist.org/observations/402305075"},"geometry":{"type":"Point","coordinates":[-74.0105666667,40.742345]}},{"type":"Feature","properties":{"id":"inat-403100092","inat_id":403100092,"observed_on":"2026-09-21","taxon_id":324726,"name":"Spotted Lanternfly","sci_name":"Lycorma delicatula","iconic_taxon":"Insecta","rank":"species","user":"sqrrlgrl","photo":"https://inaturalist-open-data.s3.amazonaws.com/photos/740072191/medium.jpg","url":"https://www.inaturalist.org/observations/403100092"},"geometry":{"type":"Point","coordinates":[-73.9234166667,40.8769116667]}},{"type":"Feature","properties":{"id":"inat-402434757","inat_id":402434757,"observed_on":"2026-09-21","taxon_id":47888,"name":"common jewelweed","sci_name":"Impatiens capensis","iconic_taxon":"Plantae","rank":"species","user":"asfrankie","photo":"https://inaturalist-open-data.s3.amazonaws.com/photos/738781692/medium.jpg","url":"https://www.inaturalist.org/observations/402434757"},"geometry":{"type":"Point","coordinates":[-73.9680018752,40.6662053708]}},{"type":"Feature","properties":{"id":"inat-402594572","inat_id":402594572,"observed_on":"2026-09-21","taxon_id":14850,"name":"European Starling","sci_name":"Sturnus vulgaris","iconic_taxon":"Aves","rank":"species","user":"sofiabalonso","photo":"https://inaturalist-open-data.s3.amazonaws.com/photos/739089006/medium.jpg","url":"https://www.inaturalist.org/observations/402594572"},"geometry":{"type":"Point","coordinates":[-74.0107722167,40.7423833333]}},{"type":"Feature","properties":{"id":"inat-402294082","inat_id":402294082,"observed_on":"2026-09-21","taxon_id":46217,"name":"Eastern Chipmunk","sci_name":"Tamias striatus","iconic_taxon":"Mammalia","rank":"species","user":"emrocha31","photo":"https://inaturalist-open-data.s3.amazonaws.com/photos/738501416/medium.jpg","url":"https://www.inaturalist.org/observations/402294082"},"geometry":{"type":"Point","coordinates":[-73.9677798283,40.6661670143]}},{"type":"Feature","properties":{"id":"inat-402434743","inat_id":402434743,"observed_on":"2026-09-21","taxon_id":46217,"name":"Eastern Chipmunk","sci_name":"Tamias striatus","iconic_taxon":"Mammalia","rank":"species","user":"asfrankie","photo":"https://inaturalist-open-data.s3.amazonaws.com/photos/738781637/medium.jpg","url":"https://www.inaturalist.org/observations/402434743"},"geometry":{"type":"Point","coordinates":[-73.9679861375,40.6662475815]}},{"type":"Feature","properties":{"id":"inat-402485144","inat_id":402485144,"observed_on":"2026-09-21","taxon_id":62207,"name":"common evening-primrose","sci_name":"Oenothera biennis","iconic_taxon":"Plantae","rank":"species","user":"denisedenise","photo":"https://inaturalist-open-data.s3.amazonaws.com/photos/738877080/medium.jpg","url":"https://www.inaturalist.org/observations/402485144"},"geometry":{"type":"Point","coordinates":[-73.9439033333,40.743095]}},{"type":"Feature","properties":{"id":"inat-402434725","inat_id":402434725,"observed_on":"2026-09-21","taxon_id":12727,"name":"American Robin","sci_name":"Turdus migratorius","iconic_taxon":"Aves","rank":"species","user":"asfrankie","photo":"https://inaturalist-open-data.s3.amazonaws.com/photos/738781599/medium.jpg","url":"https://www.inaturalist.org/observations/402434725"},"geometry":{"type":"Point","coordinates":[-73.9666248956,40.665661102]}},{"type":"Feature","properties":{"id":"inat-402304638","inat_id":402304638,"observed_on":"2026-09-21","taxon_id":47219,"name":"Western Honey Bee","sci_name":"Apis mellifera","iconic_taxon":"Insecta","rank":"species","user":"sofiabalonso","photo":"https://inaturalist-open-data.s3.amazonaws.com/photos/738522139/medium.jpg","url":"https://www.inaturalist.org/observations/402304638"},"geometry":{"type":"Point","coordinates":[-74.01071945,40.741755]}},{"type":"Feature","properties":{"id":"inat-402287728","inat_id":402287728,"observed_on":"2026-09-21","taxon_id":46017,"name":"Eastern Gray Squirrel","sci_name":"Sciurus carolinensis","iconic_taxon":"Mammalia","rank":"species","user":"nikwisnie","photo":"https://inaturalist-open-data.s3.amazonaws.com/photos/739357069/medium.jpg","url":"https://www.inaturalist.org/observations/402287728"},"geometry":{"type":"Point","coordinates":[-73.9045493211,40.7053209186]}},{"type":"Feature","properties":{"id":"inat-402287602","inat_id":402287602,"observed_on":"2026-09-21","taxon_id":48292,"name":"Common Striped Woodlouse","sci_name":"Philoscia muscorum","iconic_taxon":"Animalia","rank":"species","user":"emrocha31","photo":"https://inaturalist-open-data.s3.amazonaws.com/photos/738487989/medium.jpg","url":"https://www.inaturalist.org/observations/402287602"},"geometry":{"type":"Point","coordinates":[-73.9679140226,40.6650389359]}},{"type":"Feature","properties":{"id":"inat-402287569","inat_id":402287569,"observed_on":"2026-09-21","taxon_id":48292,"name":"Common Striped Woodlouse","sci_name":"Philoscia muscorum","iconic_taxon":"Animalia","rank":"species","user":"emrocha31","photo":"https://inaturalist-open-data.s3.amazonaws.com/photos/738487926/medium.jpg","url":"https://www.inaturalist.org/observations/402287569"},"geometry":{"type":"Point","coordinates":[-73.9679322025,40.6650526513]}},{"type":"Feature","properties":{"id":"inat-402287351","inat_id":402287351,"observed_on":"2026-09-21","taxon_id":48599,"name":"American pokeweed","sci_name":"Phytolacca americana","iconic_taxon":"Plantae","rank":"species","user":"alessandra74331","photo":"https://static.inaturalist.org/photos/738487495/medium.jpg","url":"https://www.inaturalist.org/observations/402287351"},"geometry":{"type":"Point","coordinates":[-73.9722787765,40.7667896106]}},{"type":"Feature","properties":{"id":"inat-402304840","inat_id":402304840,"observed_on":"2026-09-21","taxon_id":55556,"name":"Large Milkweed Bug","sci_name":"Oncopeltus fasciatus","iconic_taxon":"Insecta","rank":"species","user":"sofiabalonso","photo":"https://inaturalist-open-data.s3.amazonaws.com/photos/738522550/medium.jpg","url":"https://www.inaturalist.org/observations/402304840"},"geometry":{"type":"Point","coordinates":[-74.0104833333,40.7423033333]}},{"type":"Feature","properties":{"id":"inat-402305223","inat_id":402305223,"observed_on":"2026-09-21","taxon_id":164975,"name":"red spider lily","sci_name":"Lycoris radiata","iconic_taxon":"Plantae","rank":"species","user":"sofiabalonso","photo":"https://inaturalist-open-data.s3.amazonaws.com/photos/738523210/medium.jpg","url":"https://www.inaturalist.org/observations/402305223"},"geometry":{"type":"Point","coordinates":[-74.01034445,40.7422716667]}},{"type":"Feature","properties":{"id":"inat-402284386","inat_id":402284386,"observed_on":"2026-09-21","taxon_id":324726,"name":"Spotted Lanternfly","sci_name":"Lycorma delicatula","iconic_taxon":"Insecta","rank":"species","user":"chaudo","photo":"https://inaturalist-open-data.s3.amazonaws.com/photos/738481104/medium.jpg","url":"https://www.inaturalist.org/observations/402284386"},"geometry":{"type":"Point","coordinates":[-73.9964936301,40.7228244103]}},{"type":"Feature","properties":{"id":"inat-402434552","inat_id":402434552,"observed_on":"2026-09-21","taxon_id":127685,"name":"White Wood Aster","sci_name":"Eurybia divaricata","iconic_taxon":"Plantae","rank":"species","user":"asfrankie","photo":"https://inaturalist-open-data.s3.amazonaws.com/photos/738781149/medium.jpg","url":"https://www.inaturalist.org/observations/402434552"},"geometry":{"type":"Point","coordinates":[-73.9698803042,40.664493718]}},{"type":"Feature","properties":{"id":"inat-402444308","inat_id":402444308,"observed_on":"2026-09-21","taxon_id":427021,"name":"Ancistrocerus campestris","sci_name":"Ancistrocerus campestris","iconic_taxon":"Insecta","rank":"species","user":"lovisalden","photo":"https://inaturalist-open-data.s3.amazonaws.com/photos/738799945/medium.jpg","url":"https://www.inaturalist.org/observations/402444308"},"geometry":{"type":"Point","coordinates":[-73.9737129664,40.6630957041]}},{"type":"Feature","properties":{"id":"inat-402281538","inat_id":402281538,"observed_on":"2026-09-21","taxon_id":46095,"name":"Groundhog","sci_name":"Marmota monax","iconic_taxon":"Mammalia","rank":"species","user":"prototato","photo":"https://inaturalist-open-data.s3.amazonaws.com/photos/738475522/medium.jpg","url":"https://www.inaturalist.org/observations/402281538"},"geometry":{"type":"Point","coordinates":[-73.8714066667,40.85442]}},{"type":"Feature","properties":{"id":"inat-402281220","inat_id":402281220,"observed_on":"2026-09-21","taxon_id":46095,"name":"Groundhog","sci_name":"Marmota monax","iconic_taxon":"Mammalia","rank":"species","user":"crocs_and_crabs","photo":"https://inaturalist-open-data.s3.amazonaws.com/photos/738474892/medium.jpg","url":"https://www.inaturalist.org/observations/402281220"},"geometry":{"type":"Point","coordinates":[-73.8229746571,40.8597088327]}},{"type":"Feature","properties":{"id":"inat-402420675","inat_id":402420675,"observed_on":"2026-09-21","taxon_id":133764,"name":"Swift Feather-legged Fly","sci_name":"Trichopoda pennipes","iconic_taxon":"Insecta","rank":"species","user":"lovisalden","photo":"https://inaturalist-open-data.s3.amazonaws.com/photos/738755212/medium.jpg","url":"https://www.inaturalist.org/observations/402420675"},"geometry":{"type":"Point","coordinates":[-73.9736916472,40.6630851546]}},{"type":"Feature","properties":{"id":"inat-402434432","inat_id":402434432,"observed_on":"2026-09-21","taxon_id":143803,"name":"low smartweed","sci_name":"Persicaria longiseta","iconic_taxon":"Plantae","rank":"species","user":"asfrankie","photo":"https://inaturalist-open-data.s3.amazonaws.com/photos/738780984/medium.jpg","url":"https://www.inaturalist.org/observations/402434432"},"geometry":{"type":"Point","coordinates":[-73.9724953147,40.6672663906]}},{"type":"Feature","properties":{"id":"inat-402285964","inat_id":402285964,"observed_on":"2026-09-21","taxon_id":63518,"name":"Differential Grasshopper","sci_name":"Melanoplus differentialis","iconic_taxon":"Insecta","rank":"species","user":"maedyi","photo":"https://inaturalist-open-data.s3.amazonaws.com/photos/738483989/medium.jpg","url":"https://www.inaturalist.org/observations/402285964"},"geometry":{"type":"Point","coordinates":[-73.9921716667,40.749655]}},{"type":"Feature","properties":{"id":"inat-402279860","inat_id":402279860,"observed_on":"2026-09-21","taxon_id":48599,"name":"American pokeweed","sci_name":"Phytolacca americana","iconic_taxon":"Plantae","rank":"species","user":"kissenakyle","photo":"https://inaturalist-open-data.s3.amazonaws.com/photos/738472113/medium.jpg","url":"https://www.inaturalist.org/observations/402279860"},"geometry":{"type":"Point","coordinates":[-73.81248726,40.74484883]}},{"type":"Feature","properties":{"id":"inat-402310610","inat_id":402310610,"observed_on":"2026-09-21","taxon_id":46017,"name":"Eastern Gray Squirrel","sci_name":"Sciurus carolinensis","iconic_taxon":"Mammalia","rank":"species","user":"asfrankie","photo":"https://inaturalist-open-data.s3.amazonaws.com/photos/738533703/medium.jpg","url":"https://www.inaturalist.org/observations/402310610"},"geometry":{"type":"Point","coordinates":[-73.9726110887,40.6685689674]}},{"type":"Feature","properties":{"id":"inat-402310569","inat_id":402310569,"observed_on":"2026-09-21","taxon_id":144047,"name":"American jumpseed","sci_name":"Persicaria virginiana","iconic_taxon":"Plantae","rank":"species","user":"asfrankie","photo":"https://inaturalist-open-data.s3.amazonaws.com/photos/738533631/medium.jpg","url":"https://www.inaturalist.org/observations/402310569"},"geometry":{"type":"Point","coordinates":[-73.9724005512,40.6691648611]}},{"type":"Feature","properties":{"id":"inat-402297740","inat_id":402297740,"observed_on":"2026-09-21","taxon_id":4893,"name":"American Golden-Plover","sci_name":"Pluvialis dominica","iconic_taxon":"Aves","rank":"species","user":"urbanwoods","photo":"https://inaturalist-open-data.s3.amazonaws.com/photos/738508167/medium.jpg","url":"https://www.inaturalist.org/observations/402297740"},"geometry":{"type":"Point","coordinates":[-73.9371532296,40.5564114371]}},{"type":"Feature","properties":{"id":"inat-402298081","inat_id":402298081,"observed_on":"2026-09-21","taxon_id":52934,"name":"late boneset","sci_name":"Eupatorium serotinum","iconic_taxon":"Plantae","rank":"species","user":"asfrankie","photo":"https://inaturalist-open-data.s3.amazonaws.com/photos/738508951/medium.jpg","url":"https://www.inaturalist.org/observations/402298081"},"geometry":{"type":"Point","coordinates":[-73.9721287201,40.6693925143]}},{"type":"Feature","properties":{"id":"inat-402736139","inat_id":402736139,"observed_on":"2026-09-21","taxon_id":13858,"name":"House Sparrow","sci_name":"Passer domesticus","iconic_taxon":"Aves","rank":"species","user":"mehrvt","photo":"https://inaturalist-open-data.s3.amazonaws.com/photos/739367766/medium.jpg","url":"https://www.inaturalist.org/observations/402736139"},"geometry":{"type":"Point","coordinates":[-73.9969171,40.728115]}},{"type":"Feature","properties":{"id":"inat-402306378","inat_id":402306378,"observed_on":"2026-09-21","taxon_id":47963,"name":"Long-tailed Giant Ichneumonid Wasp","sci_name":"Megarhyssa macrurus","iconic_taxon":"Insecta","rank":"species","user":"bd123456","photo":"https://inaturalist-open-data.s3.amazonaws.com/photos/738525225/medium.jpg","url":"https://www.inaturalist.org/observations/402306378"},"geometry":{"type":"Point","coordinates":[-73.8449866667,40.7432833333]}},{"type":"Feature","properties":{"id":"inat-402611613","inat_id":402611613,"observed_on":"2026-09-21","taxon_id":12727,"name":"American Robin","sci_name":"Turdus migratorius","iconic_taxon":"Aves","rank":"species","user":"byjoetrezza","photo":"https://static.inaturalist.org/photos/739122880/medium.jpg","url":"https://www.inaturalist.org/observations/402611613"},"geometry":{"type":"Point","coordinates":[-73.9685602894,40.678030761]}},{"type":"Feature","properties":{"id":"inat-402274044","inat_id":402274044,"observed_on":"2026-09-21","taxon_id":126585,"name":"common hibiscus","sci_name":"Hibiscus syriacus","iconic_taxon":"Plantae","rank":"species","user":"kissenakyle","photo":"https://inaturalist-open-data.s3.amazonaws.com/photos/738460428/medium.jpg","url":"https://www.inaturalist.org/observations/402274044"},"geometry":{"type":"Point","coordinates":[-73.8038245,40.7496119]}},{"type":"Feature","properties":{"id":"inat-402331978","inat_id":402331978,"observed_on":"2026-09-21","taxon_id":1238700,"name":"Ringless Honey Mushroom","sci_name":"Desarmillaria caespitosa","iconic_taxon":"Fungi","rank":"species","user":"sarastoked","photo":"https://static.inaturalist.org/photos/738577295/medium.jpg","url":"https://www.inaturalist.org/observations/402331978"},"geometry":{"type":"Point","coordinates":[-73.9971694444,40.6553722222]}},{"type":"Feature","properties":{"id":"inat-402285842","inat_id":402285842,"observed_on":"2026-09-21","taxon_id":10286,"name":"Black-and-white Warbler","sci_name":"Mniotilta varia","iconic_taxon":"Aves","rank":"species","user":"taylorjoanne","photo":"https://inaturalist-open-data.s3.amazonaws.com/photos/738481576/medium.jpg","url":"https://www.inaturalist.org/observations/402285842"},"geometry":{"type":"Point","coordinates":[-73.9703757541,40.7768659874]}},{"type":"Feature","properties":{"id":"inat-402301633","inat_id":402301633,"observed_on":"2026-09-21","taxon_id":126873,"name":"Virginia wildrye","sci_name":"Elymus virginicus","iconic_taxon":"Plantae","rank":"species","user":"nonavianry","photo":"https://inaturalist-open-data.s3.amazonaws.com/photos/738515954/medium.jpg","url":"https://www.inaturalist.org/observations/402301633"},"geometry":{"type":"Point","coordinates":[-73.8861092151,40.8924799238]}},{"type":"Feature","properties":{"id":"inat-402285837","inat_id":402285837,"observed_on":"2026-09-21","taxon_id":145233,"name":"Northern Parula","sci_name":"Setophaga americana","iconic_taxon":"Aves","rank":"species","user":"taylorjoanne","photo":"https://inaturalist-open-data.s3.amazonaws.com/photos/738481346/medium.jpg","url":"https://www.inaturalist.org/observations/402285837"},"geometry":{"type":"Point","coordinates":[-73.9710228187,40.7774503674]}},{"type":"Feature","properties":{"id":"inat-402270934","inat_id":402270934,"observed_on":"2026-09-21","taxon_id":8229,"name":"Blue Jay","sci_name":"Cyanocitta cristata","iconic_taxon":"Aves","rank":"species","user":"mraphel","photo":"https://inaturalist-open-data.s3.amazonaws.com/photos/738454258/medium.jpg","url":"https://www.inaturalist.org/observations/402270934"},"geometry":{"type":"Point","coordinates":[-73.97932204,40.77043105]}},{"type":"Feature","properties":{"id":"inat-403095204","inat_id":403095204,"observed_on":"2026-09-21","taxon_id":155106,"name":"Black-shouldered Drone Fly","sci_name":"Eristalis dimidiata","iconic_taxon":"Insecta","rank":"species","user":"lenlibrizzi","photo":"https://inaturalist-open-data.s3.amazonaws.com/photos/740062676/medium.jpg","url":"https://www.inaturalist.org/observations/403095204"},"geometry":{"type":"Point","coordinates":[-74.0984,40.6428283333]}},{"type":"Feature","properties":{"id":"inat-402270674","inat_id":402270674,"observed_on":"2026-09-21","taxon_id":324726,"name":"Spotted Lanternfly","sci_name":"Lycorma delicatula","iconic_taxon":"Insecta","rank":"species","user":"benc0410","photo":"https://inaturalist-open-data.s3.amazonaws.com/photos/738453782/medium.jpg","url":"https://www.inaturalist.org/observations/402270674"},"geometry":{"type":"Point","coordinates":[-73.9638330752,40.6620696394]}},{"type":"Feature","properties":{"id":"inat-402461820","inat_id":402461820,"observed_on":"2026-09-21","taxon_id":55556,"name":"Large Milkweed Bug","sci_name":"Oncopeltus fasciatus","iconic_taxon":"Insecta","rank":"species","user":"deniseedits","photo":"https://inaturalist-open-data.s3.amazonaws.com/photos/738834107/medium.jpg","url":"https://www.inaturalist.org/observations/402461820"},"geometry":{"type":"Point","coordinates":[-73.9876033333,40.6968466667]}},{"type":"Feature","properties":{"id":"inat-402444391","inat_id":402444391,"observed_on":"2026-09-21","taxon_id":116999,"name":"Osprey","sci_name":"Pandion haliaetus","iconic_taxon":"Aves","rank":"species","user":"lovisalden","photo":"https://inaturalist-open-data.s3.amazonaws.com/photos/738800141/medium.jpg","url":"https://www.inaturalist.org/observations/402444391"},"geometry":{"type":"Point","coordinates":[-73.9705392027,40.6689210794]}},{"type":"Feature","properties":{"id":"inat-402463046","inat_id":402463046,"observed_on":"2026-09-21","taxon_id":46017,"name":"Eastern Gray Squirrel","sci_name":"Sciurus carolinensis","iconic_taxon":"Mammalia","rank":"species","user":"deniseedits","photo":"https://inaturalist-open-data.s3.amazonaws.com/photos/738836756/medium.jpg","url":"https://www.inaturalist.org/observations/402463046"},"geometry":{"type":"Point","coordinates":[-73.9879133333,40.6968366667]}},{"type":"Feature","properties":{"id":"inat-402285831","inat_id":402285831,"observed_on":"2026-09-21","taxon_id":41663,"name":"Common Raccoon","sci_name":"Procyon lotor","iconic_taxon":"Mammalia","rank":"species","user":"taylorjoanne","photo":"https://inaturalist-open-data.s3.amazonaws.com/photos/738481173/medium.jpg","url":"https://www.inaturalist.org/observations/402285831"},"geometry":{"type":"Point","coordinates":[-73.9693391247,40.7768570122]}},{"type":"Feature","properties":{"id":"inat-402276580","inat_id":402276580,"observed_on":"2026-09-21","taxon_id":4665,"name":"American Kestrel","sci_name":"Falco sparverius","iconic_taxon":"Aves","rank":"species","user":"zzluvsthewild","photo":"https://inaturalist-open-data.s3.amazonaws.com/photos/738465964/medium.jpg","url":"https://www.inaturalist.org/observations/402276580"},"geometry":{"type":"Point","coordinates":[-73.8586557302,40.7735479469]}},{"type":"Feature","properties":{"id":"inat-402611483","inat_id":402611483,"observed_on":"2026-09-21","taxon_id":6571,"name":"Chimney Swift","sci_name":"Chaetura pelagica","iconic_taxon":"Aves","rank":"species","user":"byjoetrezza","photo":"https://static.inaturalist.org/photos/739122680/medium.jpg","url":"https://www.inaturalist.org/observations/402611483"},"geometry":{"type":"Point","coordinates":[-73.9647997647,40.6771140075]}},{"type":"Feature","properties":{"id":"inat-402317598","inat_id":402317598,"observed_on":"2026-09-21","taxon_id":1455248,"name":"Huron Skipper","sci_name":"Atalopedes huron","iconic_taxon":"Insecta","rank":"species","user":"morgan2km","photo":"https://static.inaturalist.org/photos/738547936/medium.jpg","url":"https://www.inaturalist.org/observations/402317598"},"geometry":{"type":"Point","coordinates":[-73.777795,40.7952533333]}},{"type":"Feature","properties":{"id":"inat-402266118","inat_id":402266118,"observed_on":"2026-09-21","taxon_id":7089,"name":"Canada Goose","sci_name":"Branta canadensis","iconic_taxon":"Aves","rank":"species","user":"rjhawk","photo":"https://inaturalist-open-data.s3.amazonaws.com/photos/738444937/medium.jpg","url":"https://www.inaturalist.org/observations/402266118"},"geometry":{"type":"Point","coordinates":[-73.8377216667,40.7518383333]}},{"type":"Feature","properties":{"id":"inat-403293904","inat_id":403293904,"observed_on":"2026-09-21","taxon_id":48549,"name":"American Lady","sci_name":"Vanessa virginiensis","iconic_taxon":"Insecta","rank":"species","user":"ekotsanis","photo":"https://inaturalist-open-data.s3.amazonaws.com/photos/740453164/medium.jpg","url":"https://www.inaturalist.org/observations/403293904"},"geometry":{"type":"Point","coordinates":[-74.0170971667,40.7159616667]}},{"type":"Feature","properties":{"id":"inat-402285830","inat_id":402285830,"observed_on":"2026-09-21","taxon_id":5020,"name":"Green Heron","sci_name":"Butorides virescens","iconic_taxon":"Aves","rank":"species","user":"taylorjoanne","photo":"https://inaturalist-open-data.s3.amazonaws.com/photos/738481050/medium.jpg","url":"https://www.inaturalist.org/observations/402285830"},"geometry":{"type":"Point","coordinates":[-73.9702255504,40.7759722858]}},{"type":"Feature","properties":{"id":"inat-402297393","inat_id":402297393,"observed_on":"2026-09-21","taxon_id":4893,"name":"American Golden-Plover","sci_name":"Pluvialis dominica","iconic_taxon":"Aves","rank":"species","user":"urbanwoods","photo":"https://inaturalist-open-data.s3.amazonaws.com/photos/738507445/medium.jpg","url":"https://www.inaturalist.org/observations/402297393"},"geometry":{"type":"Point","coordinates":[-73.9401863185,40.5521413065]}},{"type":"Feature","properties":{"id":"inat-402264515","inat_id":402264515,"observed_on":"2026-09-21","taxon_id":47219,"name":"Western Honey Bee","sci_name":"Apis mellifera","iconic_taxon":"Insecta","rank":"species","user":"hamsightower","photo":"https://static.inaturalist.org/photos/738441667/medium.jpg","url":"https://www.inaturalist.org/observations/402264515"},"geometry":{"type":"Point","coordinates":[-73.9757383333,40.7718366667]}},{"type":"Feature","properties":{"id":"inat-402285824","inat_id":402285824,"observed_on":"2026-09-21","taxon_id":14898,"name":"Brown Thrasher","sci_name":"Toxostoma rufum","iconic_taxon":"Aves","rank":"species","user":"taylorjoanne","photo":"https://inaturalist-open-data.s3.amazonaws.com/photos/738480338/medium.jpg","url":"https://www.inaturalist.org/observations/402285824"},"geometry":{"type":"Point","coordinates":[-73.9702883616,40.7751080333]}},{"type":"Feature","properties":{"id":"inat-402262722","inat_id":402262722,"observed_on":"2026-09-21","taxon_id":58795,"name":"hemp dogbane","sci_name":"Apocynum cannabinum","iconic_taxon":"Plantae","rank":"species","user":"carolinecorwin","photo":"https://static.inaturalist.org/photos/738438143/medium.jpg","url":"https://www.inaturalist.org/observations/402262722"},"geometry":{"type":"Point","coordinates":[-73.7778679468,40.795291909]}},{"type":"Feature","properties":{"id":"inat-402267112","inat_id":402267112,"observed_on":"2026-09-21","taxon_id":117433,"name":"winged euonymus","sci_name":"Euonymus alatus","iconic_taxon":"Plantae","rank":"species","user":"notsueturner","photo":"https://inaturalist-open-data.s3.amazonaws.com/photos/738446826/medium.jpg","url":"https://www.inaturalist.org/observations/402267112"},"geometry":{"type":"Point","coordinates":[-73.8415302653,40.7076187636]}},{"type":"Feature","properties":{"id":"inat-402259849","inat_id":402259849,"observed_on":"2026-09-21","taxon_id":55556,"name":"Large Milkweed Bug","sci_name":"Oncopeltus fasciatus","iconic_taxon":"Insecta","rank":"species","user":"lukemusher","photo":"https://static.inaturalist.org/photos/738432152/medium.jpg","url":"https://www.inaturalist.org/observations/402259849"},"geometry":{"type":"Point","coordinates":[-73.7002937733,40.8161432356]}},{"type":"Feature","properties":{"id":"inat-402259761","inat_id":402259761,"observed_on":"2026-09-21","taxon_id":51110,"name":"Eastern Carpenter Bee","sci_name":"Xylocopa virginica","iconic_taxon":"Insecta","rank":"species","user":"swissmcm","photo":"https://inaturalist-open-data.s3.amazonaws.com/photos/738432009/medium.jpg","url":"https://www.inaturalist.org/observations/402259761"},"geometry":{"type":"Point","coordinates":[-73.917,40.8710883333]}},{"type":"Feature","properties":{"id":"inat-402490732","inat_id":402490732,"observed_on":"2026-09-21","taxon_id":12727,"name":"American Robin","sci_name":"Turdus migratorius","iconic_taxon":"Aves","rank":"species","user":"rshn","photo":"https://inaturalist-open-data.s3.amazonaws.com/photos/738887336/medium.jpg","url":"https://www.inaturalist.org/observations/402490732"},"geometry":{"type":"Point","coordinates":[-73.9654916208,40.659008433]}},{"type":"Feature","properties":{"id":"inat-402267060","inat_id":402267060,"observed_on":"2026-09-21","taxon_id":204237,"name":"Porcelain Berry","sci_name":"Ampelopsis glandulosa","iconic_taxon":"Plantae","rank":"species","user":"notsueturner","photo":"https://inaturalist-open-data.s3.amazonaws.com/photos/738446749/medium.jpg","url":"https://www.inaturalist.org/observations/402267060"},"geometry":{"type":"Point","coordinates":[-73.8431586801,40.7065908886]}},{"type":"Feature","properties":{"id":"inat-402646710","inat_id":402646710,"observed_on":"2026-09-21","taxon_id":50001,"name":"Eastern Box Turtle","sci_name":"Terrapene carolina carolina","iconic_taxon":"Reptilia","rank":"subspecies","user":"mmoerdyk","photo":"https://inaturalist-open-data.s3.amazonaws.com/photos/739195442/medium.jpg","url":"https://www.inaturalist.org/observations/402646710"},"geometry":{"type":"Point","coordinates":[-73.9734775515,40.6774765941]}},{"type":"Feature","properties":{"id":"inat-402285819","inat_id":402285819,"observed_on":"2026-09-21","taxon_id":8229,"name":"Blue Jay","sci_name":"Cyanocitta cristata","iconic_taxon":"Aves","rank":"species","user":"taylorjoanne","photo":"https://inaturalist-open-data.s3.amazonaws.com/photos/738479730/medium.jpg","url":"https://www.inaturalist.org/observations/402285819"},"geometry":{"type":"Point","coordinates":[-73.9700308695,40.7754106784]}},{"type":"Feature","properties":{"id":"inat-402257712","inat_id":402257712,"observed_on":"2026-09-21","taxon_id":119048,"name":"white snakeroot","sci_name":"Ageratina altissima","iconic_taxon":"Plantae","rank":"species","user":"chelseasea","photo":"https://inaturalist-open-data.s3.amazonaws.com/photos/738427491/medium.jpg","url":"https://www.inaturalist.org/observations/402257712"},"geometry":{"type":"Point","coordinates":[-73.9799777919,40.6592639073]}},{"type":"Feature","properties":{"id":"inat-402285818","inat_id":402285818,"observed_on":"2026-09-21","taxon_id":8229,"name":"Blue Jay","sci_name":"Cyanocitta cristata","iconic_taxon":"Aves","rank":"species","user":"taylorjoanne","photo":"https://inaturalist-open-data.s3.amazonaws.com/photos/738479668/medium.jpg","url":"https://www.inaturalist.org/observations/402285818"},"geometry":{"type":"Point","coordinates":[-73.9700120941,40.7754736484]}},{"type":"Feature","properties":{"id":"inat-402448772","inat_id":402448772,"observed_on":"2026-09-21","taxon_id":126585,"name":"common hibiscus","sci_name":"Hibiscus syriacus","iconic_taxon":"Plantae","rank":"species","user":"lets_go_samsam","photo":"https://inaturalist-open-data.s3.amazonaws.com/photos/738809246/medium.jpg","url":"https://www.inaturalist.org/observations/402448772"},"geometry":{"type":"Point","coordinates":[-73.9713638889,40.64525]}},{"type":"Feature","properties":{"id":"inat-402285815","inat_id":402285815,"observed_on":"2026-09-21","taxon_id":118970,"name":"Common Eastern Bumble Bee","sci_name":"Bombus impatiens","iconic_taxon":"Insecta","rank":"species","user":"taylorjoanne","photo":"https://inaturalist-open-data.s3.amazonaws.com/photos/738479327/medium.jpg","url":"https://www.inaturalist.org/observations/402285815"},"geometry":{"type":"Point","coordinates":[-73.9702555187,40.7751792981]}},{"type":"Feature","properties":{"id":"inat-402258590","inat_id":402258590,"observed_on":"2026-09-21","taxon_id":46017,"name":"Eastern Gray Squirrel","sci_name":"Sciurus carolinensis","iconic_taxon":"Mammalia","rank":"species","user":"ylsa","photo":"https://inaturalist-open-data.s3.amazonaws.com/photos/738435606/medium.jpg","url":"https://www.inaturalist.org/observations/402258590"},"geometry":{"type":"Point","coordinates":[-74.0591278333,40.7464833333]}},{"type":"Feature","properties":{"id":"inat-402448745","inat_id":402448745,"observed_on":"2026-09-21","taxon_id":129902,"name":"Eastern Black Carpenter Ant","sci_name":"Camponotus pennsylvanicus","iconic_taxon":"Insecta","rank":"species","user":"lets_go_samsam","photo":"https://inaturalist-open-data.s3.amazonaws.com/photos/738809194/medium.jpg","url":"https://www.inaturalist.org/observations/402448745"},"geometry":{"type":"Point","coordinates":[-73.9713305556,40.6452611111]}},{"type":"Feature","properties":{"id":"inat-402612432","inat_id":402612432,"observed_on":"2026-09-21","taxon_id":60251,"name":"blue vervain","sci_name":"Verbena hastata","iconic_taxon":"Plantae","rank":"species","user":"amcapek","photo":"https://inaturalist-open-data.s3.amazonaws.com/photos/739124365/medium.jpg","url":"https://www.inaturalist.org/observations/402612432"},"geometry":{"type":"Point","coordinates":[-74.0209805,40.688225]}},{"type":"Feature","properties":{"id":"inat-402285813","inat_id":402285813,"observed_on":"2026-09-21","taxon_id":10286,"name":"Black-and-white Warbler","sci_name":"Mniotilta varia","iconic_taxon":"Aves","rank":"species","user":"taylorjoanne","photo":"https://inaturalist-open-data.s3.amazonaws.com/photos/738479172/medium.jpg","url":"https://www.inaturalist.org/observations/402285813"},"geometry":{"type":"Point","coordinates":[-73.9700704746,40.775365545]}},{"type":"Feature","properties":{"id":"inat-402260628","inat_id":402260628,"observed_on":"2026-09-21","taxon_id":51110,"name":"Eastern Carpenter Bee","sci_name":"Xylocopa virginica","iconic_taxon":"Insecta","rank":"species","user":"ccostelloe2","photo":"https://inaturalist-open-data.s3.amazonaws.com/photos/738433875/medium.jpg","url":"https://www.inaturalist.org/observations/402260628"},"geometry":{"type":"Point","coordinates":[-73.9106140137,40.6843109131]}},{"type":"Feature","properties":{"id":"inat-402309785","inat_id":402309785,"observed_on":"2026-09-21","taxon_id":51110,"name":"Eastern Carpenter Bee","sci_name":"Xylocopa virginica","iconic_taxon":"Insecta","rank":"species","user":"aberkov","photo":"https://inaturalist-open-data.s3.amazonaws.com/photos/738531997/medium.jpg","url":"https://www.inaturalist.org/observations/402309785"},"geometry":{"type":"Point","coordinates":[-73.9835966667,40.7334466667]}},{"type":"Feature","properties":{"id":"inat-402255461","inat_id":402255461,"observed_on":"2026-09-21","taxon_id":324726,"name":"Spotted Lanternfly","sci_name":"Lycorma delicatula","iconic_taxon":"Insecta","rank":"species","user":"lca","photo":"https://inaturalist-open-data.s3.amazonaws.com/photos/738423329/medium.jpg","url":"https://www.inaturalist.org/observations/402255461"},"geometry":{"type":"Point","coordinates":[-74.0102611167,40.7421]}},{"type":"Feature","properties":{"id":"inat-402254233","inat_id":402254233,"observed_on":"2026-09-21","taxon_id":12727,"name":"American Robin","sci_name":"Turdus migratorius","iconic_taxon":"Aves","rank":"species","user":"edorion","photo":"https://inaturalist-open-data.s3.amazonaws.com/photos/738421391/medium.jpg","url":"https://www.inaturalist.org/observations/402254233"},"geometry":{"type":"Point","coordinates":[-73.97052,40.7773666667]}},{"type":"Feature","properties":{"id":"inat-402258533","inat_id":402258533,"observed_on":"2026-09-21","taxon_id":13858,"name":"House Sparrow","sci_name":"Passer domesticus","iconic_taxon":"Aves","rank":"species","user":"cliol","photo":"https://inaturalist-open-data.s3.amazonaws.com/photos/738429350/medium.jpg","url":"https://www.inaturalist.org/observations/402258533"},"geometry":{"type":"Point","coordinates":[-73.79397,40.80702]}},{"type":"Feature","properties":{"id":"inat-402253969","inat_id":402253969,"observed_on":"2026-09-21","taxon_id":236935,"name":"Domestic Mallard","sci_name":"Anas platyrhynchos domesticus","iconic_taxon":"Aves","rank":"variety","user":"taylorjoanne","photo":"https://inaturalist-open-data.s3.amazonaws.com/photos/738420876/medium.jpg","url":"https://www.inaturalist.org/observations/402253969"},"geometry":{"type":"Point","coordinates":[-73.96768,40.77417]}},{"type":"Feature","properties":{"id":"inat-402266975","inat_id":402266975,"observed_on":"2026-09-21","taxon_id":473390,"name":"Oak Leaf Gall Midge","sci_name":"Polystepha pilulae","iconic_taxon":"Insecta","rank":"species","user":"notsueturner","photo":"https://inaturalist-open-data.s3.amazonaws.com/photos/738446575/medium.jpg","url":"https://www.inaturalist.org/observations/402266975"},"geometry":{"type":"Point","coordinates":[-73.8486204988,40.7087464392]}},{"type":"Feature","properties":{"id":"inat-402309382","inat_id":402309382,"observed_on":"2026-09-21","taxon_id":118970,"name":"Common Eastern Bumble Bee","sci_name":"Bombus impatiens","iconic_taxon":"Insecta","rank":"species","user":"aberkov","photo":"https://inaturalist-open-data.s3.amazonaws.com/photos/738531012/medium.jpg","url":"https://www.inaturalist.org/observations/402309382"},"geometry":{"type":"Point","coordinates":[-73.9835966667,40.733455]}},{"type":"Feature","properties":{"id":"inat-402308954","inat_id":402308954,"observed_on":"2026-09-21","taxon_id":51110,"name":"Eastern Carpenter Bee","sci_name":"Xylocopa virginica","iconic_taxon":"Insecta","rank":"species","user":"aberkov","photo":"https://inaturalist-open-data.s3.amazonaws.com/photos/738530188/medium.jpg","url":"https://www.inaturalist.org/observations/402308954"},"geometry":{"type":"Point","coordinates":[-73.983605,40.733445]}},{"type":"Feature","properties":{"id":"inat-402253326","inat_id":402253326,"observed_on":"2026-09-21","taxon_id":7089,"name":"Canada Goose","sci_name":"Branta canadensis","iconic_taxon":"Aves","rank":"species","user":"happyaxolotl","photo":"https://inaturalist-open-data.s3.amazonaws.com/photos/738419536/medium.jpg","url":"https://www.inaturalist.org/observations/402253326"},"geometry":{"type":"Point","coordinates":[-73.8028877895,40.7479762309]}},{"type":"Feature","properties":{"id":"inat-402308730","inat_id":402308730,"observed_on":"2026-09-21","taxon_id":55626,"name":"Small White","sci_name":"Pieris rapae","iconic_taxon":"Insecta","rank":"species","user":"aberkov","photo":"https://inaturalist-open-data.s3.amazonaws.com/photos/738529582/medium.jpg","url":"https://www.inaturalist.org/observations/402308730"},"geometry":{"type":"Point","coordinates":[-73.9836283333,40.7334833333]}},{"type":"Feature","properties":{"id":"inat-402308368","inat_id":402308368,"observed_on":"2026-09-21","taxon_id":55556,"name":"Large Milkweed Bug","sci_name":"Oncopeltus fasciatus","iconic_taxon":"Insecta","rank":"species","user":"aberkov","photo":"https://inaturalist-open-data.s3.amazonaws.com/photos/738529070/medium.jpg","url":"https://www.inaturalist.org/observations/402308368"},"geometry":{"type":"Point","coordinates":[-73.9837583333,40.7333966667]}},{"type":"Feature","properties":{"id":"inat-402253776","inat_id":402253776,"observed_on":"2026-09-21","taxon_id":340047,"name":"Dusky-tailed Sunflower Aphid","sci_name":"Uroleucon obscuricaudatum","iconic_taxon":"Insecta","rank":"species","user":"wormgirl111","photo":"https://inaturalist-open-data.s3.amazonaws.com/photos/738420515/medium.jpg","url":"https://www.inaturalist.org/observations/402253776"},"geometry":{"type":"Point","coordinates":[-73.9946366667,40.75098]}},{"type":"Feature","properties":{"id":"inat-402254429","inat_id":402254429,"observed_on":"2026-09-21","taxon_id":141626,"name":"False Milkweed Bug","sci_name":"Lygaeus turcicus","iconic_taxon":"Insecta","rank":"species","user":"wormgirl111","photo":"https://inaturalist-open-data.s3.amazonaws.com/photos/738421685/medium.jpg","url":"https://www.inaturalist.org/observations/402254429"},"geometry":{"type":"Point","coordinates":[-73.9946616667,40.751005]}},{"type":"Feature","properties":{"id":"inat-402251203","inat_id":402251203,"observed_on":"2026-09-21","taxon_id":7089,"name":"Canada Goose","sci_name":"Branta canadensis","iconic_taxon":"Aves","rank":"species","user":"happyaxolotl","photo":"https://inaturalist-open-data.s3.amazonaws.com/photos/738415871/medium.jpg","url":"https://www.inaturalist.org/observations/402251203"},"geometry":{"type":"Point","coordinates":[-73.8056928522,40.7473786279]}},{"type":"Feature","properties":{"id":"inat-402490688","inat_id":402490688,"observed_on":"2026-09-21","taxon_id":49666,"name":"baldcypress","sci_name":"Taxodium distichum","iconic_taxon":"Plantae","rank":"species","user":"rshn","photo":"https://inaturalist-open-data.s3.amazonaws.com/photos/738887259/medium.jpg","url":"https://www.inaturalist.org/observations/402490688"},"geometry":{"type":"Point","coordinates":[-73.9679013881,40.6578483899]}},{"type":"Feature","properties":{"id":"inat-402255590","inat_id":402255590,"observed_on":"2026-09-21","taxon_id":84507,"name":"North American Tarnished Plant Bug","sci_name":"Lygus lineolaris","iconic_taxon":"Insecta","rank":"species","user":"wormgirl111","photo":"https://inaturalist-open-data.s3.amazonaws.com/photos/738423533/medium.jpg","url":"https://www.inaturalist.org/observations/402255590"},"geometry":{"type":"Point","coordinates":[-73.9946366667,40.7510333333]}},{"type":"Feature","properties":{"id":"inat-402896826","inat_id":402896826,"observed_on":"2026-09-21","taxon_id":14850,"name":"European Starling","sci_name":"Sturnus vulgaris","iconic_taxon":"Aves","rank":"species","user":"reybal","photo":"https://inaturalist-open-data.s3.amazonaws.com/photos/739675983/medium.jpg","url":"https://www.inaturalist.org/observations/402896826"},"geometry":{"type":"Point","coordinates":[-73.9581974384,40.7921107572]}},{"type":"Feature","properties":{"id":"inat-402258221","inat_id":402258221,"observed_on":"2026-09-21","taxon_id":55626,"name":"Small White","sci_name":"Pieris rapae","iconic_taxon":"Insecta","rank":"species","user":"wormgirl111","photo":"https://inaturalist-open-data.s3.amazonaws.com/photos/738440972/medium.jpg","url":"https://www.inaturalist.org/observations/402258221"},"geometry":{"type":"Point","coordinates":[-73.9946366667,40.7510333333]}},{"type":"Feature","properties":{"id":"inat-402490554","inat_id":402490554,"observed_on":"2026-09-21","taxon_id":52927,"name":"Asiatic dayflower","sci_name":"Commelina communis","iconic_taxon":"Plantae","rank":"species","user":"rshn","photo":"https://inaturalist-open-data.s3.amazonaws.com/photos/738887015/medium.jpg","url":"https://www.inaturalist.org/observations/402490554"},"geometry":{"type":"Point","coordinates":[-73.9671958751,40.6580914436]}},{"type":"Feature","properties":{"id":"inat-402249705","inat_id":402249705,"observed_on":"2026-09-21","taxon_id":69725,"name":"Sunflower Seed Maggot","sci_name":"Neotephritis finalis","iconic_taxon":"Insecta","rank":"species","user":"c1r2d3","photo":"https://inaturalist-open-data.s3.amazonaws.com/photos/738412784/medium.jpg","url":"https://www.inaturalist.org/observations/402249705"},"geometry":{"type":"Point","coordinates":[-73.9948833853,40.6781650253]}},{"type":"Feature","properties":{"id":"inat-402308077","inat_id":402308077,"observed_on":"2026-09-21","taxon_id":533769,"name":"Peach Root Weevil","sci_name":"Pseudoedophrys hilleri","iconic_taxon":"Insecta","rank":"species","user":"lunarfelines","photo":"https://inaturalist-open-data.s3.amazonaws.com/photos/738528423/medium.jpg","url":"https://www.inaturalist.org/observations/402308077"},"geometry":{"type":"Point","coordinates":[-73.9430916667,40.801425]}},{"type":"Feature","properties":{"id":"inat-402646737","inat_id":402646737,"observed_on":"2026-09-21","taxon_id":48302,"name":"Atlantic Horseshoe Crab","sci_name":"Limulus polyphemus","iconic_taxon":"Animalia","rank":"species","user":"mmoerdyk","photo":"https://inaturalist-open-data.s3.amazonaws.com/photos/739195477/medium.jpg","url":"https://www.inaturalist.org/observations/402646737"},"geometry":{"type":"Point","coordinates":[-73.8349082,40.6175010997]}},{"type":"Feature","properties":{"id":"inat-402261388","inat_id":402261388,"observed_on":"2026-09-21","taxon_id":48662,"name":"Monarch","sci_name":"Danaus plexippus","iconic_taxon":"Insecta","rank":"species","user":"lovisalden","photo":"https://inaturalist-open-data.s3.amazonaws.com/photos/738435329/medium.jpg","url":"https://www.inaturalist.org/observations/402261388"},"geometry":{"type":"Point","coordinates":[-73.9720611321,40.6623045708]}},{"type":"Feature","properties":{"id":"inat-402896827","inat_id":402896827,"observed_on":"2026-09-21","taxon_id":44576,"name":"Brown Rat","sci_name":"Rattus norvegicus","iconic_taxon":"Mammalia","rank":"species","user":"reybal","photo":"https://inaturalist-open-data.s3.amazonaws.com/photos/739676016/medium.jpg","url":"https://www.inaturalist.org/observations/402896827"},"geometry":{"type":"Point","coordinates":[-73.9581974384,40.7921107572]}},{"type":"Feature","properties":{"id":"inat-402896814","inat_id":402896814,"observed_on":"2026-09-21","taxon_id":14995,"name":"Gray Catbird","sci_name":"Dumetella carolinensis","iconic_taxon":"Aves","rank":"species","user":"reybal","photo":"https://inaturalist-open-data.s3.amazonaws.com/photos/739675889/medium.jpg","url":"https://www.inaturalist.org/observations/402896814"},"geometry":{"type":"Point","coordinates":[-73.9581974384,40.7921107572]}},{"type":"Feature","properties":{"id":"inat-402646756","inat_id":402646756,"observed_on":"2026-09-21","taxon_id":81608,"name":"Atlantic Ribbed Mussel","sci_name":"Geukensia demissa","iconic_taxon":"Mollusca","rank":"species","user":"mmoerdyk","photo":"https://inaturalist-open-data.s3.amazonaws.com/photos/739195520/medium.jpg","url":"https://www.inaturalist.org/observations/402646756"},"geometry":{"type":"Point","coordinates":[-73.8349003,40.6176864997]}},{"type":"Feature","properties":{"id":"inat-402646781","inat_id":402646781,"observed_on":"2026-09-21","taxon_id":71254,"name":"Stout Tagelus","sci_name":"Tagelus plebeius","iconic_taxon":"Mollusca","rank":"species","user":"mmoerdyk","photo":"https://inaturalist-open-data.s3.amazonaws.com/photos/739195571/medium.jpg","url":"https://www.inaturalist.org/observations/402646781"},"geometry":{"type":"Point","coordinates":[-73.8349068997,40.6176687997]}},{"type":"Feature","properties":{"id":"inat-402646805","inat_id":402646805,"observed_on":"2026-09-21","taxon_id":122039,"name":"Atlantic Bay Scallop","sci_name":"Argopecten irradians","iconic_taxon":"Mollusca","rank":"species","user":"mmoerdyk","photo":"https://inaturalist-open-data.s3.amazonaws.com/photos/739195618/medium.jpg","url":"https://www.inaturalist.org/observations/402646805"},"geometry":{"type":"Point","coordinates":[-73.8349345997,40.617606]}},{"type":"Feature","properties":{"id":"inat-402646836","inat_id":402646836,"observed_on":"2026-09-21","taxon_id":125758,"name":"Northern Quahog","sci_name":"Mercenaria mercenaria","iconic_taxon":"Mollusca","rank":"species","user":"mmoerdyk","photo":"https://inaturalist-open-data.s3.amazonaws.com/photos/739195665/medium.jpg","url":"https://www.inaturalist.org/observations/402646836"},"geometry":{"type":"Point","coordinates":[-73.8349596997,40.6175460997]}},{"type":"Feature","properties":{"id":"inat-402646880","inat_id":402646880,"observed_on":"2026-09-21","taxon_id":48904,"name":"Asian Shore Crab","sci_name":"Hemigrapsus sanguineus","iconic_taxon":"Animalia","rank":"species","user":"mmoerdyk","photo":"https://inaturalist-open-data.s3.amazonaws.com/photos/739195754/medium.jpg","url":"https://www.inaturalist.org/observations/402646880"},"geometry":{"type":"Point","coordinates":[-73.83504,40.6174016]}},{"type":"Feature","properties":{"id":"inat-402646902","inat_id":402646902,"observed_on":"2026-09-21","taxon_id":125758,"name":"Northern Quahog","sci_name":"Mercenaria mercenaria","iconic_taxon":"Mollusca","rank":"species","user":"mmoerdyk","photo":"https://inaturalist-open-data.s3.amazonaws.com/photos/739195775/medium.jpg","url":"https://www.inaturalist.org/observations/402646902"},"geometry":{"type":"Point","coordinates":[-73.8350413997,40.6173775]}},{"type":"Feature","properties":{"id":"inat-402646975","inat_id":402646975,"observed_on":"2026-09-21","taxon_id":81608,"name":"Atlantic Ribbed Mussel","sci_name":"Geukensia demissa","iconic_taxon":"Mollusca","rank":"species","user":"mmoerdyk","photo":"https://inaturalist-open-data.s3.amazonaws.com/photos/739195863/medium.jpg","url":"https://www.inaturalist.org/observations/402646975"},"geometry":{"type":"Point","coordinates":[-73.8350721997,40.6172832997]}},{"type":"Feature","properties":{"id":"inat-402245641","inat_id":402245641,"observed_on":"2026-09-21","taxon_id":6921,"name":"Mute Swan","sci_name":"Cygnus olor","iconic_taxon":"Aves","rank":"species","user":"rshn","photo":"https://inaturalist-open-data.s3.amazonaws.com/photos/738405027/medium.jpg","url":"https://www.inaturalist.org/observations/402245641"},"geometry":{"type":"Point","coordinates":[-73.9652567457,40.6573486459]}},{"type":"Feature","properties":{"id":"inat-402261399","inat_id":402261399,"observed_on":"2026-09-21","taxon_id":1455248,"name":"Huron Skipper","sci_name":"Atalopedes huron","iconic_taxon":"Insecta","rank":"species","user":"lovisalden","photo":"https://inaturalist-open-data.s3.amazonaws.com/photos/738435349/medium.jpg","url":"https://www.inaturalist.org/observations/402261399"},"geometry":{"type":"Point","coordinates":[-73.9745116667,40.6606666667]}},{"type":"Feature","properties":{"id":"inat-402647122","inat_id":402647122,"observed_on":"2026-09-21","taxon_id":324726,"name":"Spotted Lanternfly","sci_name":"Lycorma delicatula","iconic_taxon":"Insecta","rank":"species","user":"mmoerdyk","photo":"https://inaturalist-open-data.s3.amazonaws.com/photos/739196048/medium.jpg","url":"https://www.inaturalist.org/observations/402647122"},"geometry":{"type":"Point","coordinates":[-73.8321152,40.6153631997]}},{"type":"Feature","properties":{"id":"inat-402305379","inat_id":402305379,"observed_on":"2026-09-21","taxon_id":48662,"name":"Monarch","sci_name":"Danaus plexippus","iconic_taxon":"Insecta","rank":"species","user":"emma_zucker","photo":"https://static.inaturalist.org/photos/738523592/medium.jpg","url":"https://www.inaturalist.org/observations/402305379"},"geometry":{"type":"Point","coordinates":[-73.78395,40.8474883333]}},{"type":"Feature","properties":{"id":"inat-402649730","inat_id":402649730,"observed_on":"2026-09-21","taxon_id":113498,"name":"Blue-faced Meadowhawk","sci_name":"Sympetrum ambiguum","iconic_taxon":"Insecta","rank":"species","user":"chaya_g","photo":"https://static.inaturalist.org/photos/739201214/medium.jpg","url":"https://www.inaturalist.org/observations/402649730"},"geometry":{"type":"Point","coordinates":[-73.7866903318,40.7898403887]}},{"type":"Feature","properties":{"id":"inat-402896818","inat_id":402896818,"observed_on":"2026-09-21","taxon_id":7089,"name":"Canada Goose","sci_name":"Branta canadensis","iconic_taxon":"Aves","rank":"species","user":"reybal","photo":"https://inaturalist-open-data.s3.amazonaws.com/photos/739675859/medium.jpg","url":"https://www.inaturalist.org/observations/402896818"},"geometry":{"type":"Point","coordinates":[-73.9581974384,40.7921107572]}},{"type":"Feature","properties":{"id":"inat-402638229","inat_id":402638229,"observed_on":"2026-09-21","taxon_id":47219,"name":"Western Honey Bee","sci_name":"Apis mellifera","iconic_taxon":"Insecta","rank":"species","user":"brigdh","photo":"https://static.inaturalist.org/photos/739177673/medium.jpg","url":"https://www.inaturalist.org/observations/402638229"},"geometry":{"type":"Point","coordinates":[-73.930825,40.6752722222]}},{"type":"Feature","properties":{"id":"inat-402345173","inat_id":402345173,"observed_on":"2026-09-21","taxon_id":70005,"name":"Eastern Mudsnail","sci_name":"Ilyanassa obsoleta","iconic_taxon":"Mollusca","rank":"species","user":"paulixcrack2008","photo":"https://inaturalist-open-data.s3.amazonaws.com/photos/738604612/medium.jpg","url":"https://www.inaturalist.org/observations/402345173"},"geometry":{"type":"Point","coordinates":[-73.8307994787,40.6153470574]}},{"type":"Feature","properties":{"id":"inat-402722145","inat_id":402722145,"observed_on":"2026-09-21","taxon_id":768540,"name":"Myrothecium inundatum","sci_name":"Myrothecium inundatum","iconic_taxon":"Fungi","rank":"species","user":"ethancrenson","photo":"https://inaturalist-open-data.s3.amazonaws.com/photos/739343861/medium.jpg","url":"https://www.inaturalist.org/observations/402722145"},"geometry":{"type":"Point","coordinates":[-73.8801583333,40.8893]}},{"type":"Feature","properties":{"id":"inat-402317245","inat_id":402317245,"observed_on":"2026-09-21","taxon_id":13858,"name":"House Sparrow","sci_name":"Passer domesticus","iconic_taxon":"Aves","rank":"species","user":"elharo","photo":"https://static.inaturalist.org/photos/738546618/medium.jpg","url":"https://www.inaturalist.org/observations/402317245"},"geometry":{"type":"Point","coordinates":[-73.999435,40.6542083333]}},{"type":"Feature","properties":{"id":"inat-402317243","inat_id":402317243,"observed_on":"2026-09-21","taxon_id":14995,"name":"Gray Catbird","sci_name":"Dumetella carolinensis","iconic_taxon":"Aves","rank":"species","user":"elharo","photo":"https://static.inaturalist.org/photos/738546600/medium.jpg","url":"https://www.inaturalist.org/observations/402317243"},"geometry":{"type":"Point","coordinates":[-73.999435,40.6542083333]}},{"type":"Feature","properties":{"id":"inat-402278415","inat_id":402278415,"observed_on":"2026-09-21","taxon_id":58907,"name":"White Sweetclover","sci_name":"Melilotus albus","iconic_taxon":"Plantae","rank":"species","user":"edropkin","photo":"https://inaturalist-open-data.s3.amazonaws.com/photos/738469605/medium.jpg","url":"https://www.inaturalist.org/observations/402278415"},"geometry":{"type":"Point","coordinates":[-74.0771416667,40.72052]}},{"type":"Feature","properties":{"id":"inat-402278879","inat_id":402278879,"observed_on":"2026-09-21","taxon_id":51875,"name":"Red Clover","sci_name":"Trifolium pratense","iconic_taxon":"Plantae","rank":"species","user":"edropkin","photo":"https://inaturalist-open-data.s3.amazonaws.com/photos/738470462/medium.jpg","url":"https://www.inaturalist.org/observations/402278879"},"geometry":{"type":"Point","coordinates":[-74.0771721667,40.7205633333]}},{"type":"Feature","properties":{"id":"inat-402605780","inat_id":402605780,"observed_on":"2026-09-21","taxon_id":46272,"name":"Southern Flying Squirrel","sci_name":"Glaucomys volans","iconic_taxon":"Mammalia","rank":"species","user":"lizlizhi","photo":"https://inaturalist-open-data.s3.amazonaws.com/photos/739111270/medium.jpg","url":"https://www.inaturalist.org/observations/402605780"},"geometry":{"type":"Point","coordinates":[-73.8900083333,40.89143]}},{"type":"Feature","properties":{"id":"inat-402237403","inat_id":402237403,"observed_on":"2026-09-21","taxon_id":52913,"name":"chicory","sci_name":"Cichorium intybus","iconic_taxon":"Plantae","rank":"species","user":"happyaxolotl","photo":"https://inaturalist-open-data.s3.amazonaws.com/photos/738389098/medium.jpg","url":"https://www.inaturalist.org/observations/402237403"},"geometry":{"type":"Point","coordinates":[-73.8125793998,40.7466614394]}},{"type":"Feature","properties":{"id":"inat-402317238","inat_id":402317238,"observed_on":"2026-09-21","taxon_id":5212,"name":"Red-tailed Hawk","sci_name":"Buteo jamaicensis","iconic_taxon":"Aves","rank":"species","user":"elharo","photo":"https://static.inaturalist.org/photos/738546574/medium.jpg","url":"https://www.inaturalist.org/observations/402317238"},"geometry":{"type":"Point","coordinates":[-73.9983983333,40.654075]}},{"type":"Feature","properties":{"id":"inat-402236636","inat_id":402236636,"observed_on":"2026-09-21","taxon_id":55830,"name":"ground-ivy","sci_name":"Glechoma hederacea","iconic_taxon":"Plantae","rank":"species","user":"elharo","photo":"https://static.inaturalist.org/photos/738387708/medium.jpg","url":"https://www.inaturalist.org/observations/402236636"},"geometry":{"type":"Point","coordinates":[-73.9989930037,40.6533353203]}},{"type":"Feature","properties":{"id":"inat-402236227","inat_id":402236227,"observed_on":"2026-09-21","taxon_id":51875,"name":"Red Clover","sci_name":"Trifolium pratense","iconic_taxon":"Plantae","rank":"species","user":"happyaxolotl","photo":"https://inaturalist-open-data.s3.amazonaws.com/photos/738386822/medium.jpg","url":"https://www.inaturalist.org/observations/402236227"},"geometry":{"type":"Point","coordinates":[-73.8119288653,40.7472918461]}},{"type":"Feature","properties":{"id":"inat-402317239","inat_id":402317239,"observed_on":"2026-09-21","taxon_id":7089,"name":"Canada Goose","sci_name":"Branta canadensis","iconic_taxon":"Aves","rank":"species","user":"elharo","photo":"https://static.inaturalist.org/photos/738546575/medium.jpg","url":"https://www.inaturalist.org/observations/402317239"},"geometry":{"type":"Point","coordinates":[-73.9983983333,40.654075]}},{"type":"Feature","properties":{"id":"inat-402896820","inat_id":402896820,"observed_on":"2026-09-21","taxon_id":12727,"name":"American Robin","sci_name":"Turdus migratorius","iconic_taxon":"Aves","rank":"species","user":"reybal","photo":"https://inaturalist-open-data.s3.amazonaws.com/photos/739675790/medium.jpg","url":"https://www.inaturalist.org/observations/402896820"},"geometry":{"type":"Point","coordinates":[-73.9581974384,40.7921107572]}},{"type":"Feature","properties":{"id":"inat-402235669","inat_id":402235669,"observed_on":"2026-09-21","taxon_id":4956,"name":"Great Blue Heron","sci_name":"Ardea herodias","iconic_taxon":"Aves","rank":"species","user":"benbathbeyond","photo":"https://inaturalist-open-data.s3.amazonaws.com/photos/738385965/medium.jpg","url":"https://www.inaturalist.org/observations/402235669"},"geometry":{"type":"Point","coordinates":[-73.9709079067,40.7791039673]}},{"type":"Feature","properties":{"id":"inat-402233459","inat_id":402233459,"observed_on":"2026-09-21","taxon_id":324726,"name":"Spotted Lanternfly","sci_name":"Lycorma delicatula","iconic_taxon":"Insecta","rank":"species","user":"fjfrazier","photo":"https://inaturalist-open-data.s3.amazonaws.com/photos/738381375/medium.jpg","url":"https://www.inaturalist.org/observations/402233459"},"geometry":{"type":"Point","coordinates":[-73.9752144326,40.7403956535]}},{"type":"Feature","properties":{"id":"inat-402239724","inat_id":402239724,"observed_on":"2026-09-21","taxon_id":52911,"name":"Bald-faced Hornet","sci_name":"Dolichovespula maculata","iconic_taxon":"Insecta","rank":"species","user":"camiguzman","photo":"https://inaturalist-open-data.s3.amazonaws.com/photos/738393824/medium.jpg","url":"https://www.inaturalist.org/observations/402239724"},"geometry":{"type":"Point","coordinates":[-73.912155,40.6930866667]}},{"type":"Feature","properties":{"id":"inat-402231116","inat_id":402231116,"observed_on":"2026-09-21","taxon_id":145233,"name":"Northern Parula","sci_name":"Setophaga americana","iconic_taxon":"Aves","rank":"species","user":"robertsorenson","photo":"https://static.inaturalist.org/photos/738376772/medium.jpg","url":"https://www.inaturalist.org/observations/402231116"},"geometry":{"type":"Point","coordinates":[-73.973145,40.7795966667]}},{"type":"Feature","properties":{"id":"inat-402301581","inat_id":402301581,"observed_on":"2026-09-21","taxon_id":56033,"name":"smooth alder","sci_name":"Alnus serrulata","iconic_taxon":"Plantae","rank":"species","user":"nonavianry","photo":"https://inaturalist-open-data.s3.amazonaws.com/photos/738515787/medium.jpg","url":"https://www.inaturalist.org/observations/402301581"},"geometry":{"type":"Point","coordinates":[-73.8923096111,40.8892802426]}},{"type":"Feature","properties":{"id":"inat-402484607","inat_id":402484607,"observed_on":"2026-09-21","taxon_id":14850,"name":"European Starling","sci_name":"Sturnus vulgaris","iconic_taxon":"Aves","rank":"species","user":"drjammy","photo":"https://inaturalist-open-data.s3.amazonaws.com/photos/738875943/medium.jpg","url":"https://www.inaturalist.org/observations/402484607"},"geometry":{"type":"Point","coordinates":[-73.9874138889,40.7419277778]}},{"type":"Feature","properties":{"id":"inat-402253342","inat_id":402253342,"observed_on":"2026-09-21","taxon_id":14850,"name":"European Starling","sci_name":"Sturnus vulgaris","iconic_taxon":"Aves","rank":"species","user":"drjammy","photo":"https://inaturalist-open-data.s3.amazonaws.com/photos/738419640/medium.jpg","url":"https://www.inaturalist.org/observations/402253342"},"geometry":{"type":"Point","coordinates":[-73.9874138889,40.7419277778]}},{"type":"Feature","properties":{"id":"inat-402230985","inat_id":402230985,"observed_on":"2026-09-21","taxon_id":9921,"name":"Scarlet Tanager","sci_name":"Piranga olivacea","iconic_taxon":"Aves","rank":"species","user":"robertsorenson","photo":"https://static.inaturalist.org/photos/738376599/medium.jpg","url":"https://www.inaturalist.org/observations/402230985"},"geometry":{"type":"Point","coordinates":[-73.9733116667,40.7795716667]}},{"type":"Feature","properties":{"id":"inat-402309890","inat_id":402309890,"observed_on":"2026-09-21","taxon_id":16100,"name":"Eastern Wood-Pewee","sci_name":"Contopus virens","iconic_taxon":"Aves","rank":"species","user":"elharo","photo":"https://static.inaturalist.org/photos/738532259/medium.jpg","url":"https://www.inaturalist.org/observations/402309890"},"geometry":{"type":"Point","coordinates":[-73.9959033333,40.655735]}},{"type":"Feature","properties":{"id":"inat-402257565","inat_id":402257565,"observed_on":"2026-09-21","taxon_id":53713,"name":"chicken of the woods","sci_name":"Laetiporus sulphureus","iconic_taxon":"Fungi","rank":"species","user":"wildnewyork","photo":"https://static.inaturalist.org/photos/738427259/medium.jpg","url":"https://www.inaturalist.org/observations/402257565"},"geometry":{"type":"Point","coordinates":[-73.9182538941,40.8913153323]}},{"type":"Feature","properties":{"id":"inat-402301499","inat_id":402301499,"observed_on":"2026-09-21","taxon_id":53911,"name":"European Carp","sci_name":"Cyprinus carpio","iconic_taxon":"Actinopterygii","rank":"species","user":"nonavianry","photo":"https://inaturalist-open-data.s3.amazonaws.com/photos/738515667/medium.jpg","url":"https://www.inaturalist.org/observations/402301499"},"geometry":{"type":"Point","coordinates":[-73.8914907051,40.8895501276]}},{"type":"Feature","properties":{"id":"inat-402257443","inat_id":402257443,"observed_on":"2026-09-21","taxon_id":46272,"name":"Southern Flying Squirrel","sci_name":"Glaucomys volans","iconic_taxon":"Mammalia","rank":"species","user":"wildnewyork","photo":"https://static.inaturalist.org/photos/738427072/medium.jpg","url":"https://www.inaturalist.org/observations/402257443"},"geometry":{"type":"Point","coordinates":[-73.9178881845,40.8918473582]}},{"type":"Feature","properties":{"id":"inat-402309696","inat_id":402309696,"observed_on":"2026-09-21","taxon_id":320786,"name":"Eurasian Drone Fly","sci_name":"Eristalis arbustorum","iconic_taxon":"Insecta","rank":"species","user":"elharo","photo":"https://static.inaturalist.org/photos/738531816/medium.jpg","url":"https://www.inaturalist.org/observations/402309696"},"geometry":{"type":"Point","coordinates":[-73.9959033333,40.655735]}},{"type":"Feature","properties":{"id":"inat-402847683","inat_id":402847683,"observed_on":"2026-09-21","taxon_id":65979,"name":"American Bullfrog","sci_name":"Lithobates catesbeianus","iconic_taxon":"Amphibia","rank":"species","user":"alexc243","photo":"https://inaturalist-open-data.s3.amazonaws.com/photos/739578201/medium.jpg","url":"https://www.inaturalist.org/observations/402847683"},"geometry":{"type":"Point","coordinates":[-73.9756783333,40.7666583333]}},{"type":"Feature","properties":{"id":"inat-403012246","inat_id":403012246,"observed_on":"2026-09-21","taxon_id":14850,"name":"European Starling","sci_name":"Sturnus vulgaris","iconic_taxon":"Aves","rank":"species","user":"dpm8742","photo":"https://inaturalist-open-data.s3.amazonaws.com/photos/739901306/medium.jpg","url":"https://www.inaturalist.org/observations/403012246"},"geometry":{"type":"Point","coordinates":[-73.99633,40.7298133333]}},{"type":"Feature","properties":{"id":"inat-402317251","inat_id":402317251,"observed_on":"2026-09-21","taxon_id":55556,"name":"Large Milkweed Bug","sci_name":"Oncopeltus fasciatus","iconic_taxon":"Insecta","rank":"species","user":"elharo","photo":"https://static.inaturalist.org/photos/738546642/medium.jpg","url":"https://www.inaturalist.org/observations/402317251"},"geometry":{"type":"Point","coordinates":[-73.9959033333,40.655735]}},{"type":"Feature","properties":{"id":"inat-402317250","inat_id":402317250,"observed_on":"2026-09-21","taxon_id":1455248,"name":"Huron Skipper","sci_name":"Atalopedes huron","iconic_taxon":"Insecta","rank":"species","user":"elharo","photo":"https://static.inaturalist.org/photos/738546641/medium.jpg","url":"https://www.inaturalist.org/observations/402317250"},"geometry":{"type":"Point","coordinates":[-73.9959033333,40.655735]}},{"type":"Feature","properties":{"id":"inat-402317256","inat_id":402317256,"observed_on":"2026-09-21","taxon_id":52925,"name":"Pearl Crescent","sci_name":"Phyciodes tharos","iconic_taxon":"Insecta","rank":"species","user":"elharo","photo":"https://static.inaturalist.org/photos/738546659/medium.jpg","url":"https://www.inaturalist.org/observations/402317256"},"geometry":{"type":"Point","coordinates":[-73.9959033333,40.655735]}},{"type":"Feature","properties":{"id":"inat-402317257","inat_id":402317257,"observed_on":"2026-09-21","taxon_id":51110,"name":"Eastern Carpenter Bee","sci_name":"Xylocopa virginica","iconic_taxon":"Insecta","rank":"species","user":"elharo","photo":"https://static.inaturalist.org/photos/738546661/medium.jpg","url":"https://www.inaturalist.org/observations/402317257"},"geometry":{"type":"Point","coordinates":[-73.9959033333,40.655735]}},{"type":"Feature","properties":{"id":"inat-402317254","inat_id":402317254,"observed_on":"2026-09-21","taxon_id":320786,"name":"Eurasian Drone Fly","sci_name":"Eristalis arbustorum","iconic_taxon":"Insecta","rank":"species","user":"elharo","photo":"https://static.inaturalist.org/photos/738546640/medium.jpg","url":"https://www.inaturalist.org/observations/402317254"},"geometry":{"type":"Point","coordinates":[-73.9959033333,40.655735]}},{"type":"Feature","properties":{"id":"inat-402308447","inat_id":402308447,"observed_on":"2026-09-21","taxon_id":68901,"name":"Zebra Jumping Spider","sci_name":"Salticus scenicus","iconic_taxon":"Arachnida","rank":"species","user":"elharo","photo":"https://static.inaturalist.org/photos/738529171/medium.jpg","url":"https://www.inaturalist.org/observations/402308447"},"geometry":{"type":"Point","coordinates":[-73.9959033333,40.655735]}},{"type":"Feature","properties":{"id":"inat-402317258","inat_id":402317258,"observed_on":"2026-09-21","taxon_id":145242,"name":"Palm Warbler","sci_name":"Setophaga palmarum","iconic_taxon":"Aves","rank":"species","user":"elharo","photo":"https://static.inaturalist.org/photos/738546687/medium.jpg","url":"https://www.inaturalist.org/observations/402317258"},"geometry":{"type":"Point","coordinates":[-73.9959033333,40.655735]}},{"type":"Feature","properties":{"id":"inat-402308035","inat_id":402308035,"observed_on":"2026-09-21","taxon_id":145242,"name":"Palm Warbler","sci_name":"Setophaga palmarum","iconic_taxon":"Aves","rank":"species","user":"elharo","photo":"https://static.inaturalist.org/photos/738528301/medium.jpg","url":"https://www.inaturalist.org/observations/402308035"},"geometry":{"type":"Point","coordinates":[-73.9959033333,40.655735]}},{"type":"Feature","properties":{"id":"inat-402264646","inat_id":402264646,"observed_on":"2026-09-21","taxon_id":145233,"name":"Northern Parula","sci_name":"Setophaga americana","iconic_taxon":"Aves","rank":"species","user":"lovisalden","photo":"https://inaturalist-open-data.s3.amazonaws.com/photos/738442015/medium.jpg","url":"https://www.inaturalist.org/observations/402264646"},"geometry":{"type":"Point","coordinates":[-73.9937366667,40.6551666667]}},{"type":"Feature","properties":{"id":"inat-402306978","inat_id":402306978,"observed_on":"2026-09-21","taxon_id":9721,"name":"Common Yellowthroat","sci_name":"Geothlypis trichas","iconic_taxon":"Aves","rank":"species","user":"elharo","photo":"https://static.inaturalist.org/photos/738526247/medium.jpg","url":"https://www.inaturalist.org/observations/402306978"},"geometry":{"type":"Point","coordinates":[-73.9959033333,40.655735]}},{"type":"Feature","properties":{"id":"inat-402317259","inat_id":402317259,"observed_on":"2026-09-21","taxon_id":155106,"name":"Black-shouldered Drone Fly","sci_name":"Eristalis dimidiata","iconic_taxon":"Insecta","rank":"species","user":"elharo","photo":"https://static.inaturalist.org/photos/738546683/medium.jpg","url":"https://www.inaturalist.org/observations/402317259"},"geometry":{"type":"Point","coordinates":[-73.9959033333,40.655735]}},{"type":"Feature","properties":{"id":"inat-402221888","inat_id":402221888,"observed_on":"2026-09-21","taxon_id":122767,"name":"Feral Pigeon","sci_name":"Columba livia domestica","iconic_taxon":"Aves","rank":"variety","user":"desktop_tan","photo":"https://inaturalist-open-data.s3.amazonaws.com/photos/738358634/medium.jpg","url":"https://www.inaturalist.org/observations/402221888"},"geometry":{"type":"Point","coordinates":[-73.8321801287,40.759586568]}},{"type":"Feature","properties":{"id":"inat-402317264","inat_id":402317264,"observed_on":"2026-09-21","taxon_id":58531,"name":"Clouded Sulphur","sci_name":"Colias philodice","iconic_taxon":"Insecta","rank":"species","user":"elharo","photo":"https://static.inaturalist.org/photos/738546750/medium.jpg","url":"https://www.inaturalist.org/observations/402317264"},"geometry":{"type":"Point","coordinates":[-73.9959033333,40.655735]}},{"type":"Feature","properties":{"id":"inat-402240996","inat_id":402240996,"observed_on":"2026-09-21","taxon_id":235550,"name":"Migratory Monarch","sci_name":"Danaus plexippus plexippus","iconic_taxon":"Insecta","rank":"subspecies","user":"matthew_wills","photo":"https://inaturalist-open-data.s3.amazonaws.com/photos/738396263/medium.jpg","url":"https://www.inaturalist.org/observations/402240996"},"geometry":{"type":"Point","coordinates":[-74.0166041449,40.6546764647]}},{"type":"Feature","properties":{"id":"inat-402317263","inat_id":402317263,"observed_on":"2026-09-21","taxon_id":118970,"name":"Common Eastern Bumble Bee","sci_name":"Bombus impatiens","iconic_taxon":"Insecta","rank":"species","user":"elharo","photo":"https://static.inaturalist.org/photos/738546743/medium.jpg","url":"https://www.inaturalist.org/observations/402317263"},"geometry":{"type":"Point","coordinates":[-73.9959033333,40.655735]}},{"type":"Feature","properties":{"id":"inat-402215815","inat_id":402215815,"observed_on":"2026-09-21","taxon_id":61495,"name":"Eastern Pondhawk","sci_name":"Erythemis simplicicollis","iconic_taxon":"Insecta","rank":"species","user":"nycpigeonfan","photo":"https://inaturalist-open-data.s3.amazonaws.com/photos/738346379/medium.jpg","url":"https://www.inaturalist.org/observations/402215815"},"geometry":{"type":"Point","coordinates":[-73.9538116667,40.7976583333]}},{"type":"Feature","properties":{"id":"inat-402221331","inat_id":402221331,"observed_on":"2026-09-21","taxon_id":1454382,"name":"Double-crested Cormorant","sci_name":"Nannopterum auritum","iconic_taxon":"Aves","rank":"species","user":"luket333","photo":"https://inaturalist-open-data.s3.amazonaws.com/photos/738357577/medium.jpg","url":"https://www.inaturalist.org/observations/402221331"},"geometry":{"type":"Point","coordinates":[-73.942148695,40.7770201654]}},{"type":"Feature","properties":{"id":"inat-402214194","inat_id":402214194,"observed_on":"2026-09-21","taxon_id":58795,"name":"hemp dogbane","sci_name":"Apocynum cannabinum","iconic_taxon":"Plantae","rank":"species","user":"susanbcp","photo":"https://inaturalist-open-data.s3.amazonaws.com/photos/738343105/medium.jpg","url":"https://www.inaturalist.org/observations/402214194"},"geometry":{"type":"Point","coordinates":[-73.9588624199,40.753816717]}},{"type":"Feature","properties":{"id":"inat-402317262","inat_id":402317262,"observed_on":"2026-09-21","taxon_id":62045,"name":"Small Milkweed Bug","sci_name":"Lygaeus kalmii","iconic_taxon":"Insecta","rank":"species","user":"elharo","photo":"https://static.inaturalist.org/photos/738546722/medium.jpg","url":"https://www.inaturalist.org/observations/402317262"},"geometry":{"type":"Point","coordinates":[-73.9959033333,40.655735]}},{"type":"Feature","properties":{"id":"inat-402280716","inat_id":402280716,"observed_on":"2026-09-21","taxon_id":235550,"name":"Migratory Monarch","sci_name":"Danaus plexippus plexippus","iconic_taxon":"Insecta","rank":"subspecies","user":"matthew_wills","photo":"https://inaturalist-open-data.s3.amazonaws.com/photos/738473636/medium.jpg","url":"https://www.inaturalist.org/observations/402280716"},"geometry":{"type":"Point","coordinates":[-74.0190684139,40.6536330215]}},{"type":"Feature","properties":{"id":"inat-402293167","inat_id":402293167,"observed_on":"2026-09-21","taxon_id":320786,"name":"Eurasian Drone Fly","sci_name":"Eristalis arbustorum","iconic_taxon":"Insecta","rank":"species","user":"dunderberger","photo":"https://inaturalist-open-data.s3.amazonaws.com/photos/738499435/medium.jpg","url":"https://www.inaturalist.org/observations/402293167"},"geometry":{"type":"Point","coordinates":[-73.8785582408,40.8545494007]}},{"type":"Feature","properties":{"id":"inat-402212531","inat_id":402212531,"observed_on":"2026-09-21","taxon_id":48599,"name":"American pokeweed","sci_name":"Phytolacca americana","iconic_taxon":"Plantae","rank":"species","user":"bwito","photo":"https://inaturalist-open-data.s3.amazonaws.com/photos/739390394/medium.jpg","url":"https://www.inaturalist.org/observations/402212531"},"geometry":{"type":"Point","coordinates":[-73.9752731323,40.7994041443]}},{"type":"Feature","properties":{"id":"inat-402317260","inat_id":402317260,"observed_on":"2026-09-21","taxon_id":51271,"name":"Red-eared Slider","sci_name":"Trachemys scripta elegans","iconic_taxon":"Reptilia","rank":"subspecies","user":"elharo","photo":"https://static.inaturalist.org/photos/738546720/medium.jpg","url":"https://www.inaturalist.org/observations/402317260"},"geometry":{"type":"Point","coordinates":[-73.9959033333,40.655735]}},{"type":"Feature","properties":{"id":"inat-402280393","inat_id":402280393,"observed_on":"2026-09-21","taxon_id":122281,"name":"Red-banded Hairstreak","sci_name":"Calycopis cecrops","iconic_taxon":"Insecta","rank":"species","user":"matthew_wills","photo":"https://inaturalist-open-data.s3.amazonaws.com/photos/738473080/medium.jpg","url":"https://www.inaturalist.org/observations/402280393"},"geometry":{"type":"Point","coordinates":[-74.0190958687,40.6536690339]}},{"type":"Feature","properties":{"id":"inat-402289506","inat_id":402289506,"observed_on":"2026-09-21","taxon_id":1455248,"name":"Huron Skipper","sci_name":"Atalopedes huron","iconic_taxon":"Insecta","rank":"species","user":"dunderberger","photo":"https://inaturalist-open-data.s3.amazonaws.com/photos/738491977/medium.jpg","url":"https://www.inaturalist.org/observations/402289506"},"geometry":{"type":"Point","coordinates":[-73.8766528666,40.8536940237]}},{"type":"Feature","properties":{"id":"inat-402217394","inat_id":402217394,"observed_on":"2026-09-21","taxon_id":320786,"name":"Eurasian Drone Fly","sci_name":"Eristalis arbustorum","iconic_taxon":"Insecta","rank":"species","user":"dunderberger","photo":"https://inaturalist-open-data.s3.amazonaws.com/photos/738349381/medium.jpg","url":"https://www.inaturalist.org/observations/402217394"},"geometry":{"type":"Point","coordinates":[-73.8784043491,40.8548455974]}},{"type":"Feature","properties":{"id":"inat-402265830","inat_id":402265830,"observed_on":"2026-09-21","taxon_id":49592,"name":"Common Sunfishes","sci_name":"Lepomis","iconic_taxon":"Actinopterygii","rank":"genus","user":"lovisalden","photo":"https://inaturalist-open-data.s3.amazonaws.com/photos/738444403/medium.jpg","url":"https://www.inaturalist.org/observations/402265830"},"geometry":{"type":"Point","coordinates":[-73.9993194621,40.6539504779]}},{"type":"Feature","properties":{"id":"inat-402265895","inat_id":402265895,"observed_on":"2026-09-21","taxon_id":99924,"name":"Orange Bluet","sci_name":"Enallagma signatum","iconic_taxon":"Insecta","rank":"species","user":"lovisalden","photo":"https://inaturalist-open-data.s3.amazonaws.com/photos/738444561/medium.jpg","url":"https://www.inaturalist.org/observations/402265895"},"geometry":{"type":"Point","coordinates":[-73.9986283333,40.653305]}},{"type":"Feature","properties":{"id":"inat-402264683","inat_id":402264683,"observed_on":"2026-09-21","taxon_id":72458,"name":"Spotted Sandpiper","sci_name":"Actitis macularius","iconic_taxon":"Aves","rank":"species","user":"lovisalden","photo":"https://inaturalist-open-data.s3.amazonaws.com/photos/738442179/medium.jpg","url":"https://www.inaturalist.org/observations/402264683"},"geometry":{"type":"Point","coordinates":[-73.9992051386,40.6536354885]}},{"type":"Feature","properties":{"id":"inat-402283001","inat_id":402283001,"observed_on":"2026-09-21","taxon_id":235550,"name":"Migratory Monarch","sci_name":"Danaus plexippus plexippus","iconic_taxon":"Insecta","rank":"subspecies","user":"matthew_wills","photo":"https://inaturalist-open-data.s3.amazonaws.com/photos/738477925/medium.jpg","url":"https://www.inaturalist.org/observations/402283001"},"geometry":{"type":"Point","coordinates":[-74.0202922928,40.653802119]}},{"type":"Feature","properties":{"id":"inat-402265744","inat_id":402265744,"observed_on":"2026-09-21","taxon_id":49592,"name":"Common Sunfishes","sci_name":"Lepomis","iconic_taxon":"Actinopterygii","rank":"genus","user":"lovisalden","photo":"https://inaturalist-open-data.s3.amazonaws.com/photos/738444233/medium.jpg","url":"https://www.inaturalist.org/observations/402265744"},"geometry":{"type":"Point","coordinates":[-73.9993072816,40.6538705906]}},{"type":"Feature","properties":{"id":"inat-402254149","inat_id":402254149,"observed_on":"2026-09-21","taxon_id":3893,"name":"Lesser Yellowlegs","sci_name":"Tringa flavipes","iconic_taxon":"Aves","rank":"species","user":"pointman","photo":"https://static.inaturalist.org/photos/738421228/medium.jpg","url":"https://www.inaturalist.org/observations/402254149"},"geometry":{"type":"Point","coordinates":[-73.8244138889,40.6351027778]}},{"type":"Feature","properties":{"id":"inat-402254037","inat_id":402254037,"observed_on":"2026-09-21","taxon_id":4940,"name":"Snowy Egret","sci_name":"Egretta thula","iconic_taxon":"Aves","rank":"species","user":"pointman","photo":"https://static.inaturalist.org/photos/738421057/medium.jpg","url":"https://www.inaturalist.org/observations/402254037"},"geometry":{"type":"Point","coordinates":[-73.8245333333,40.6356805556]}},{"type":"Feature","properties":{"id":"inat-402254011","inat_id":402254011,"observed_on":"2026-09-21","taxon_id":4817,"name":"Semipalmated Plover","sci_name":"Charadrius semipalmatus","iconic_taxon":"Aves","rank":"species","user":"pointman","photo":"https://static.inaturalist.org/photos/738420997/medium.jpg","url":"https://www.inaturalist.org/observations/402254011"},"geometry":{"type":"Point","coordinates":[-73.8245333333,40.6356777778]}},{"type":"Feature","properties":{"id":"inat-402207151","inat_id":402207151,"observed_on":"2026-09-21","taxon_id":122767,"name":"Feral Pigeon","sci_name":"Columba livia domestica","iconic_taxon":"Aves","rank":"variety","user":"elledelvalle12","photo":"https://inaturalist-open-data.s3.amazonaws.com/photos/738329324/medium.jpg","url":"https://www.inaturalist.org/observations/402207151"},"geometry":{"type":"Point","coordinates":[-73.9651055811,40.8060176468]}},{"type":"Feature","properties":{"id":"inat-402344971","inat_id":402344971,"observed_on":"2026-09-21","taxon_id":555970,"name":"Mud Fiddler Crab","sci_name":"Minuca pugnax","iconic_taxon":"Animalia","rank":"species","user":"paulixcrack2008","photo":"https://inaturalist-open-data.s3.amazonaws.com/photos/738604525/medium.jpg","url":"https://www.inaturalist.org/observations/402344971"},"geometry":{"type":"Point","coordinates":[-73.8303567619,40.6152619323]}},{"type":"Feature","properties":{"id":"inat-402280340","inat_id":402280340,"observed_on":"2026-09-21","taxon_id":48549,"name":"American Lady","sci_name":"Vanessa virginiensis","iconic_taxon":"Insecta","rank":"species","user":"matthew_wills","photo":"https://inaturalist-open-data.s3.amazonaws.com/photos/738472983/medium.jpg","url":"https://www.inaturalist.org/observations/402280340"},"geometry":{"type":"Point","coordinates":[-74.0197199624,40.6539943008]}},{"type":"Feature","properties":{"id":"inat-402280292","inat_id":402280292,"observed_on":"2026-09-21","taxon_id":48505,"name":"Common Buckeye","sci_name":"Junonia coenia","iconic_taxon":"Insecta","rank":"species","user":"matthew_wills","photo":"https://inaturalist-open-data.s3.amazonaws.com/photos/738472880/medium.jpg","url":"https://www.inaturalist.org/observations/402280292"},"geometry":{"type":"Point","coordinates":[-74.0193694372,40.6538525653]}},{"type":"Feature","properties":{"id":"inat-402253861","inat_id":402253861,"observed_on":"2026-09-21","taxon_id":3893,"name":"Lesser Yellowlegs","sci_name":"Tringa flavipes","iconic_taxon":"Aves","rank":"species","user":"pointman","photo":"https://static.inaturalist.org/photos/738420739/medium.jpg","url":"https://www.inaturalist.org/observations/402253861"},"geometry":{"type":"Point","coordinates":[-73.824425,40.6350888889]}},{"type":"Feature","properties":{"id":"inat-402313208","inat_id":402313208,"observed_on":"2026-09-21","taxon_id":143803,"name":"low smartweed","sci_name":"Persicaria longiseta","iconic_taxon":"Plantae","rank":"species","user":"vivian_young","photo":"https://static.inaturalist.org/photos/738539094/medium.jpg","url":"https://www.inaturalist.org/observations/402313208"},"geometry":{"type":"Point","coordinates":[-73.8754033355,40.8541499936]}},{"type":"Feature","properties":{"id":"inat-402294805","inat_id":402294805,"observed_on":"2026-09-21","taxon_id":52162,"name":"American searocket","sci_name":"Cakile edentula","iconic_taxon":"Plantae","rank":"species","user":"matthew_wills","photo":"https://inaturalist-open-data.s3.amazonaws.com/photos/738502769/medium.jpg","url":"https://www.inaturalist.org/observations/402294805"},"geometry":{"type":"Point","coordinates":[-74.019277658,40.6538454511]}},{"type":"Feature","properties":{"id":"inat-402277514","inat_id":402277514,"observed_on":"2026-09-21","taxon_id":56756,"name":"Harlequin Bug","sci_name":"Murgantia histrionica","iconic_taxon":"Insecta","rank":"species","user":"matthew_wills","photo":"https://inaturalist-open-data.s3.amazonaws.com/photos/738467866/medium.jpg","url":"https://www.inaturalist.org/observations/402277514"},"geometry":{"type":"Point","coordinates":[-74.0194380401,40.6539496807]}},{"type":"Feature","properties":{"id":"inat-402276266","inat_id":402276266,"observed_on":"2026-09-21","taxon_id":57897,"name":"saltwort","sci_name":"Salsola kali","iconic_taxon":"Plantae","rank":"species","user":"matthew_wills","photo":"https://inaturalist-open-data.s3.amazonaws.com/photos/738465264/medium.jpg","url":"https://www.inaturalist.org/observations/402276266"},"geometry":{"type":"Point","coordinates":[-74.0192600857,40.6538466888]}},{"type":"Feature","properties":{"id":"inat-402208013","inat_id":402208013,"observed_on":"2026-09-21","taxon_id":155106,"name":"Black-shouldered Drone Fly","sci_name":"Eristalis dimidiata","iconic_taxon":"Insecta","rank":"species","user":"jchhhhh","photo":"https://static.inaturalist.org/photos/738331005/medium.jpg","url":"https://www.inaturalist.org/observations/402208013"},"geometry":{"type":"Point","coordinates":[-73.9241166667,40.76412]}},{"type":"Feature","properties":{"id":"inat-402265968","inat_id":402265968,"observed_on":"2026-09-21","taxon_id":46095,"name":"Groundhog","sci_name":"Marmota monax","iconic_taxon":"Mammalia","rank":"species","user":"lovisalden","photo":"https://inaturalist-open-data.s3.amazonaws.com/photos/738444678/medium.jpg","url":"https://www.inaturalist.org/observations/402265968"},"geometry":{"type":"Point","coordinates":[-73.9974419353,40.6544967872]}},{"type":"Feature","properties":{"id":"inat-402312787","inat_id":402312787,"observed_on":"2026-09-21","taxon_id":967514,"name":"common dandelions","sci_name":"Taraxacum","iconic_taxon":"Plantae","rank":"section","user":"vivian_young","photo":"https://static.inaturalist.org/photos/738538310/medium.jpg","url":"https://www.inaturalist.org/observations/402312787"},"geometry":{"type":"Point","coordinates":[-73.8754034153,40.8541414582]}},{"type":"Feature","properties":{"id":"inat-402253724","inat_id":402253724,"observed_on":"2026-09-21","taxon_id":3862,"name":"Semipalmated Sandpiper","sci_name":"Calidris pusilla","iconic_taxon":"Aves","rank":"species","user":"pointman","photo":"https://static.inaturalist.org/photos/738420467/medium.jpg","url":"https://www.inaturalist.org/observations/402253724"},"geometry":{"type":"Point","coordinates":[-73.8244527778,40.6351166667]}},{"type":"Feature","properties":{"id":"inat-402213001","inat_id":402213001,"observed_on":"2026-09-21","taxon_id":53714,"name":"hen of the woods","sci_name":"Grifola frondosa","iconic_taxon":"Fungi","rank":"species","user":"marieviljoen","photo":"https://inaturalist-open-data.s3.amazonaws.com/photos/738340849/medium.jpg","url":"https://www.inaturalist.org/observations/402213001"},"geometry":{"type":"Point","coordinates":[-73.9666667953,40.6606551664]}},{"type":"Feature","properties":{"id":"inat-402265218","inat_id":402265218,"observed_on":"2026-09-21","taxon_id":10286,"name":"Black-and-white Warbler","sci_name":"Mniotilta varia","iconic_taxon":"Aves","rank":"species","user":"lovisalden","photo":"https://inaturalist-open-data.s3.amazonaws.com/photos/738443179/medium.jpg","url":"https://www.inaturalist.org/observations/402265218"},"geometry":{"type":"Point","coordinates":[-73.9959855547,40.6557195064]}},{"type":"Feature","properties":{"id":"inat-402312393","inat_id":402312393,"observed_on":"2026-09-21","taxon_id":54134,"name":"turkey-tail","sci_name":"Trametes versicolor","iconic_taxon":"Fungi","rank":"species","user":"vivian_young","photo":"https://static.inaturalist.org/photos/738537477/medium.jpg","url":"https://www.inaturalist.org/observations/402312393"},"geometry":{"type":"Point","coordinates":[-73.8753941766,40.8541496011]}},{"type":"Feature","properties":{"id":"inat-402290590","inat_id":402290590,"observed_on":"2026-09-21","taxon_id":199916,"name":"Black-throated Blue Warbler","sci_name":"Setophaga caerulescens","iconic_taxon":"Aves","rank":"species","user":"pawelp","photo":"https://inaturalist-open-data.s3.amazonaws.com/photos/738494421/medium.jpg","url":"https://www.inaturalist.org/observations/402290590"},"geometry":{"type":"Point","coordinates":[-73.99657,40.7016149722]}},{"type":"Feature","properties":{"id":"inat-402200959","inat_id":402200959,"observed_on":"2026-09-21","taxon_id":47914,"name":"Pandorus Sphinx","sci_name":"Eumorpha pandorus","iconic_taxon":"Insecta","rank":"species","user":"bigyellowtaxon","photo":"https://inaturalist-open-data.s3.amazonaws.com/photos/738317740/medium.jpg","url":"https://www.inaturalist.org/observations/402200959"},"geometry":{"type":"Point","coordinates":[-74.030678384,40.7609552537]}},{"type":"Feature","properties":{"id":"inat-402199923","inat_id":402199923,"observed_on":"2026-09-21","taxon_id":120005,"name":"bluestem goldenrod","sci_name":"Solidago caesia","iconic_taxon":"Plantae","rank":"species","user":"benbathbeyond","photo":"https://inaturalist-open-data.s3.amazonaws.com/photos/738315779/medium.jpg","url":"https://www.inaturalist.org/observations/402199923"},"geometry":{"type":"Point","coordinates":[-73.9237279109,40.8744377531]}},{"type":"Feature","properties":{"id":"inat-402199359","inat_id":402199359,"observed_on":"2026-09-21","taxon_id":127685,"name":"White Wood Aster","sci_name":"Eurybia divaricata","iconic_taxon":"Plantae","rank":"species","user":"benbathbeyond","photo":"https://inaturalist-open-data.s3.amazonaws.com/photos/738336014/medium.jpg","url":"https://www.inaturalist.org/observations/402199359"},"geometry":{"type":"Point","coordinates":[-73.9239284381,40.8740240334]}},{"type":"Feature","properties":{"id":"inat-402896821","inat_id":402896821,"observed_on":"2026-09-21","taxon_id":144514,"name":"Laughing Gull","sci_name":"Leucophaeus atricilla","iconic_taxon":"Aves","rank":"species","user":"reybal","photo":"https://inaturalist-open-data.s3.amazonaws.com/photos/739675743/medium.jpg","url":"https://www.inaturalist.org/observations/402896821"},"geometry":{"type":"Point","coordinates":[-73.9581974384,40.7921107572]}},{"type":"Feature","properties":{"id":"inat-402896813","inat_id":402896813,"observed_on":"2026-09-21","taxon_id":6930,"name":"Mallard","sci_name":"Anas platyrhynchos","iconic_taxon":"Aves","rank":"species","user":"reybal","photo":"https://inaturalist-open-data.s3.amazonaws.com/photos/739675733/medium.jpg","url":"https://www.inaturalist.org/observations/402896813"},"geometry":{"type":"Point","coordinates":[-73.9581974384,40.7921107572]}},{"type":"Feature","properties":{"id":"inat-402896810","inat_id":402896810,"observed_on":"2026-09-21","taxon_id":4364,"name":"Ring-billed Gull","sci_name":"Larus delawarensis","iconic_taxon":"Aves","rank":"species","user":"reybal","photo":"https://inaturalist-open-data.s3.amazonaws.com/photos/739675732/medium.jpg","url":"https://www.inaturalist.org/observations/402896810"},"geometry":{"type":"Point","coordinates":[-73.9581974384,40.7921107572]}},{"type":"Feature","properties":{"id":"inat-402265335","inat_id":402265335,"observed_on":"2026-09-21","taxon_id":48662,"name":"Monarch","sci_name":"Danaus plexippus","iconic_taxon":"Insecta","rank":"species","user":"lovisalden","photo":"https://inaturalist-open-data.s3.amazonaws.com/photos/738443411/medium.jpg","url":"https://www.inaturalist.org/observations/402265335"},"geometry":{"type":"Point","coordinates":[-73.994575,40.65865]}},{"type":"Feature","properties":{"id":"inat-402311342","inat_id":402311342,"observed_on":"2026-09-21","taxon_id":52927,"name":"Asiatic dayflower","sci_name":"Commelina communis","iconic_taxon":"Plantae","rank":"species","user":"vivian_young","photo":"https://static.inaturalist.org/photos/738535101/medium.jpg","url":"https://www.inaturalist.org/observations/402311342"},"geometry":{"type":"Point","coordinates":[-73.8754066333,40.8541517386]}},{"type":"Feature","properties":{"id":"inat-402278598","inat_id":402278598,"observed_on":"2026-09-21","taxon_id":118970,"name":"Common Eastern Bumble Bee","sci_name":"Bombus impatiens","iconic_taxon":"Insecta","rank":"species","user":"max1million","photo":"https://static.inaturalist.org/photos/738470052/medium.jpg","url":"https://www.inaturalist.org/observations/402278598"},"geometry":{"type":"Point","coordinates":[-73.9752486516,40.6420270543]}},{"type":"Feature","properties":{"id":"inat-402896807","inat_id":402896807,"observed_on":"2026-09-21","taxon_id":1454382,"name":"Double-crested Cormorant","sci_name":"Nannopterum auritum","iconic_taxon":"Aves","rank":"species","user":"reybal","photo":"https://inaturalist-open-data.s3.amazonaws.com/photos/739675638/medium.jpg","url":"https://www.inaturalist.org/observations/402896807"},"geometry":{"type":"Point","coordinates":[-73.9581974384,40.7921107572]}},{"type":"Feature","properties":{"id":"inat-402896805","inat_id":402896805,"observed_on":"2026-09-21","taxon_id":1454382,"name":"Double-crested Cormorant","sci_name":"Nannopterum auritum","iconic_taxon":"Aves","rank":"species","user":"reybal","photo":"https://inaturalist-open-data.s3.amazonaws.com/photos/739675602/medium.jpg","url":"https://www.inaturalist.org/observations/402896805"},"geometry":{"type":"Point","coordinates":[-73.9581974384,40.7921107572]}},{"type":"Feature","properties":{"id":"inat-402311055","inat_id":402311055,"observed_on":"2026-09-21","taxon_id":48599,"name":"American pokeweed","sci_name":"Phytolacca americana","iconic_taxon":"Plantae","rank":"species","user":"vivian_young","photo":"https://static.inaturalist.org/photos/738534507/medium.jpg","url":"https://www.inaturalist.org/observations/402311055"},"geometry":{"type":"Point","coordinates":[-73.8754066683,40.8541530385]}},{"type":"Feature","properties":{"id":"inat-402310604","inat_id":402310604,"observed_on":"2026-09-21","taxon_id":52763,"name":"buttonbush","sci_name":"Cephalanthus occidentalis","iconic_taxon":"Plantae","rank":"species","user":"vivian_young","photo":"https://static.inaturalist.org/photos/738533742/medium.jpg","url":"https://www.inaturalist.org/observations/402310604"},"geometry":{"type":"Point","coordinates":[-73.8754052086,40.8541507911]}},{"type":"Feature","properties":{"id":"inat-402279123","inat_id":402279123,"observed_on":"2026-09-21","taxon_id":55626,"name":"Small White","sci_name":"Pieris rapae","iconic_taxon":"Insecta","rank":"species","user":"edropkin","photo":"https://inaturalist-open-data.s3.amazonaws.com/photos/738470834/medium.jpg","url":"https://www.inaturalist.org/observations/402279123"},"geometry":{"type":"Point","coordinates":[-74.0463333333,40.7220633333]}},{"type":"Feature","properties":{"id":"inat-402309308","inat_id":402309308,"observed_on":"2026-09-21","taxon_id":47888,"name":"common jewelweed","sci_name":"Impatiens capensis","iconic_taxon":"Plantae","rank":"species","user":"vivian_young","photo":"https://static.inaturalist.org/photos/738530896/medium.jpg","url":"https://www.inaturalist.org/observations/402309308"},"geometry":{"type":"Point","coordinates":[-73.8754046591,40.8541522185]}},{"type":"Feature","properties":{"id":"inat-402896803","inat_id":402896803,"observed_on":"2026-09-21","taxon_id":122767,"name":"Feral Pigeon","sci_name":"Columba livia domestica","iconic_taxon":"Aves","rank":"variety","user":"reybal","photo":"https://inaturalist-open-data.s3.amazonaws.com/photos/739675569/medium.jpg","url":"https://www.inaturalist.org/observations/402896803"},"geometry":{"type":"Point","coordinates":[-73.9581974384,40.7921107572]}},{"type":"Feature","properties":{"id":"inat-402896799","inat_id":402896799,"observed_on":"2026-09-21","taxon_id":12727,"name":"American Robin","sci_name":"Turdus migratorius","iconic_taxon":"Aves","rank":"species","user":"reybal","photo":"https://inaturalist-open-data.s3.amazonaws.com/photos/739675568/medium.jpg","url":"https://www.inaturalist.org/observations/402896799"},"geometry":{"type":"Point","coordinates":[-73.9581974384,40.7921107572]}},{"type":"Feature","properties":{"id":"inat-402273547","inat_id":402273547,"observed_on":"2026-09-21","taxon_id":8010,"name":"Common Raven","sci_name":"Corvus corax","iconic_taxon":"Aves","rank":"species","user":"matthew_wills","photo":"https://inaturalist-open-data.s3.amazonaws.com/photos/738459208/medium.jpg","url":"https://www.inaturalist.org/observations/402273547"},"geometry":{"type":"Point","coordinates":[-74.0140553514,40.6559617031]}},{"type":"Feature","properties":{"id":"inat-402896804","inat_id":402896804,"observed_on":"2026-09-21","taxon_id":12727,"name":"American Robin","sci_name":"Turdus migratorius","iconic_taxon":"Aves","rank":"species","user":"reybal","photo":"https://inaturalist-open-data.s3.amazonaws.com/photos/739675566/medium.jpg","url":"https://www.inaturalist.org/observations/402896804"},"geometry":{"type":"Point","coordinates":[-73.9581974384,40.7921107572]}},{"type":"Feature","properties":{"id":"inat-402230927","inat_id":402230927,"observed_on":"2026-09-21","taxon_id":5212,"name":"Red-tailed Hawk","sci_name":"Buteo jamaicensis","iconic_taxon":"Aves","rank":"species","user":"kls072892","photo":"https://inaturalist-open-data.s3.amazonaws.com/photos/738376615/medium.jpg","url":"https://www.inaturalist.org/observations/402230927"},"geometry":{"type":"Point","coordinates":[-73.9604222222,40.7950416667]}},{"type":"Feature","properties":{"id":"inat-402305517","inat_id":402305517,"observed_on":"2026-09-21","taxon_id":54134,"name":"turkey-tail","sci_name":"Trametes versicolor","iconic_taxon":"Fungi","rank":"species","user":"vivian_young","photo":"https://static.inaturalist.org/photos/738523874/medium.jpg","url":"https://www.inaturalist.org/observations/402305517"},"geometry":{"type":"Point","coordinates":[-73.8754102892,40.8541710883]}},{"type":"Feature","properties":{"id":"inat-402307160","inat_id":402307160,"observed_on":"2026-09-21","taxon_id":350760,"name":"Warlock's Butter","sci_name":"Exidia nigricans","iconic_taxon":"Fungi","rank":"species","user":"vivian_young","photo":"https://static.inaturalist.org/photos/738526782/medium.jpg","url":"https://www.inaturalist.org/observations/402307160"},"geometry":{"type":"Point","coordinates":[-73.8754039063,40.8541653995]}},{"type":"Feature","properties":{"id":"inat-402230707","inat_id":402230707,"observed_on":"2026-09-21","taxon_id":6937,"name":"Green-winged Teal","sci_name":"Anas crecca","iconic_taxon":"Aves","rank":"species","user":"kls072892","photo":"https://inaturalist-open-data.s3.amazonaws.com/photos/738376257/medium.jpg","url":"https://www.inaturalist.org/observations/402230707"},"geometry":{"type":"Point","coordinates":[-73.9602916667,40.7947305556]}},{"type":"Feature","properties":{"id":"inat-402304651","inat_id":402304651,"observed_on":"2026-09-21","taxon_id":127685,"name":"White Wood Aster","sci_name":"Eurybia divaricata","iconic_taxon":"Plantae","rank":"species","user":"vivian_young","photo":"https://static.inaturalist.org/photos/738522213/medium.jpg","url":"https://www.inaturalist.org/observations/402304651"},"geometry":{"type":"Point","coordinates":[-73.8754004688,40.8541372738]}},{"type":"Feature","properties":{"id":"inat-402192403","inat_id":402192403,"observed_on":"2026-09-21","taxon_id":46217,"name":"Eastern Chipmunk","sci_name":"Tamias striatus","iconic_taxon":"Mammalia","rank":"species","user":"nycpigeonfan","photo":"https://inaturalist-open-data.s3.amazonaws.com/photos/738346359/medium.jpg","url":"https://www.inaturalist.org/observations/402192403"},"geometry":{"type":"Point","coordinates":[-73.9545583333,40.797695]}},{"type":"Feature","properties":{"id":"inat-402896797","inat_id":402896797,"observed_on":"2026-09-21","taxon_id":46017,"name":"Eastern Gray Squirrel","sci_name":"Sciurus carolinensis","iconic_taxon":"Mammalia","rank":"species","user":"reybal","photo":"https://inaturalist-open-data.s3.amazonaws.com/photos/739675452/medium.jpg","url":"https://www.inaturalist.org/observations/402896797"},"geometry":{"type":"Point","coordinates":[-73.9581974384,40.7921107572]}},{"type":"Feature","properties":{"id":"inat-402191634","inat_id":402191634,"observed_on":"2026-09-21","taxon_id":55556,"name":"Large Milkweed Bug","sci_name":"Oncopeltus fasciatus","iconic_taxon":"Insecta","rank":"species","user":"terrestrialtakes","photo":"https://inaturalist-open-data.s3.amazonaws.com/photos/738300616/medium.jpg","url":"https://www.inaturalist.org/observations/402191634"},"geometry":{"type":"Point","coordinates":[-73.9099461888,40.6918931355]}},{"type":"Feature","properties":{"id":"inat-402208908","inat_id":402208908,"observed_on":"2026-09-21","taxon_id":7089,"name":"Canada Goose","sci_name":"Branta canadensis","iconic_taxon":"Aves","rank":"species","user":"rjhawk","photo":"https://inaturalist-open-data.s3.amazonaws.com/photos/738332748/medium.jpg","url":"https://www.inaturalist.org/observations/402208908"},"geometry":{"type":"Point","coordinates":[-73.8374716667,40.7506033333]}},{"type":"Feature","properties":{"id":"inat-402230418","inat_id":402230418,"observed_on":"2026-09-21","taxon_id":199916,"name":"Black-throated Blue Warbler","sci_name":"Setophaga caerulescens","iconic_taxon":"Aves","rank":"species","user":"kls072892","photo":"https://inaturalist-open-data.s3.amazonaws.com/photos/738375466/medium.jpg","url":"https://www.inaturalist.org/observations/402230418"},"geometry":{"type":"Point","coordinates":[-73.9617638889,40.7951083333]}},{"type":"Feature","properties":{"id":"inat-402208866","inat_id":402208866,"observed_on":"2026-09-21","taxon_id":46017,"name":"Eastern Gray Squirrel","sci_name":"Sciurus carolinensis","iconic_taxon":"Mammalia","rank":"species","user":"rjhawk","photo":"https://inaturalist-open-data.s3.amazonaws.com/photos/738332593/medium.jpg","url":"https://www.inaturalist.org/observations/402208866"},"geometry":{"type":"Point","coordinates":[-73.8386916667,40.752]}},{"type":"Feature","properties":{"id":"inat-402208817","inat_id":402208817,"observed_on":"2026-09-21","taxon_id":39782,"name":"Pond Slider","sci_name":"Trachemys scripta","iconic_taxon":"Reptilia","rank":"species","user":"rjhawk","photo":"https://inaturalist-open-data.s3.amazonaws.com/photos/738332486/medium.jpg","url":"https://www.inaturalist.org/observations/402208817"},"geometry":{"type":"Point","coordinates":[-73.8402783333,40.752605]}},{"type":"Feature","properties":{"id":"inat-402208686","inat_id":402208686,"observed_on":"2026-09-21","taxon_id":1454382,"name":"Double-crested Cormorant","sci_name":"Nannopterum auritum","iconic_taxon":"Aves","rank":"species","user":"rjhawk","photo":"https://inaturalist-open-data.s3.amazonaws.com/photos/738332266/medium.jpg","url":"https://www.inaturalist.org/observations/402208686"},"geometry":{"type":"Point","coordinates":[-73.8402716667,40.752605]}},{"type":"Feature","properties":{"id":"inat-402299174","inat_id":402299174,"observed_on":"2026-09-21","taxon_id":119048,"name":"white snakeroot","sci_name":"Ageratina altissima","iconic_taxon":"Plantae","rank":"species","user":"vivian_young","photo":"https://static.inaturalist.org/photos/738511016/medium.jpg","url":"https://www.inaturalist.org/observations/402299174"},"geometry":{"type":"Point","coordinates":[-73.875383891,40.8541471056]}},{"type":"Feature","properties":{"id":"inat-402189137","inat_id":402189137,"observed_on":"2026-09-21","taxon_id":83802,"name":"Locust Borer","sci_name":"Megacyllene robiniae","iconic_taxon":"Insecta","rank":"species","user":"kestrel529","photo":"https://inaturalist-open-data.s3.amazonaws.com/photos/738295346/medium.jpg","url":"https://www.inaturalist.org/observations/402189137"},"geometry":{"type":"Point","coordinates":[-73.9545824379,40.7984076362]}},{"type":"Feature","properties":{"id":"inat-402896793","inat_id":402896793,"observed_on":"2026-09-21","taxon_id":4956,"name":"Great Blue Heron","sci_name":"Ardea herodias","iconic_taxon":"Aves","rank":"species","user":"reybal","photo":"https://inaturalist-open-data.s3.amazonaws.com/photos/739675186/medium.jpg","url":"https://www.inaturalist.org/observations/402896793"},"geometry":{"type":"Point","coordinates":[-73.9581974384,40.7921107572]}},{"type":"Feature","properties":{"id":"inat-402187088","inat_id":402187088,"observed_on":"2026-09-21","taxon_id":55487,"name":"Spotted Cucumber Beetle","sci_name":"Diabrotica undecimpunctata","iconic_taxon":"Insecta","rank":"species","user":"stuzi56","photo":"https://inaturalist-open-data.s3.amazonaws.com/photos/738291723/medium.jpg","url":"https://www.inaturalist.org/observations/402187088"},"geometry":{"type":"Point","coordinates":[-73.983825,40.688245]}},{"type":"Feature","properties":{"id":"inat-402896796","inat_id":402896796,"observed_on":"2026-09-21","taxon_id":12727,"name":"American Robin","sci_name":"Turdus migratorius","iconic_taxon":"Aves","rank":"species","user":"reybal","photo":"https://inaturalist-open-data.s3.amazonaws.com/photos/739675389/medium.jpg","url":"https://www.inaturalist.org/observations/402896796"},"geometry":{"type":"Point","coordinates":[-73.9581974384,40.7921107572]}},{"type":"Feature","properties":{"id":"inat-402896794","inat_id":402896794,"observed_on":"2026-09-21","taxon_id":39782,"name":"Pond Slider","sci_name":"Trachemys scripta","iconic_taxon":"Reptilia","rank":"species","user":"reybal","photo":"https://inaturalist-open-data.s3.amazonaws.com/photos/739675394/medium.jpg","url":"https://www.inaturalist.org/observations/402896794"},"geometry":{"type":"Point","coordinates":[-73.9581974384,40.7921107572]}},{"type":"Feature","properties":{"id":"inat-402186429","inat_id":402186429,"observed_on":"2026-09-21","taxon_id":1129479,"name":"Blue-winged Scoliid Wasp","sci_name":"Scolia dubia","iconic_taxon":"Insecta","rank":"species","user":"taylortropicana","photo":"https://inaturalist-open-data.s3.amazonaws.com/photos/738290397/medium.jpg","url":"https://www.inaturalist.org/observations/402186429"},"geometry":{"type":"Point","coordinates":[-73.9364746835,40.7687766543]}},{"type":"Feature","properties":{"id":"inat-402230323","inat_id":402230323,"observed_on":"2026-09-21","taxon_id":199916,"name":"Black-throated Blue Warbler","sci_name":"Setophaga caerulescens","iconic_taxon":"Aves","rank":"species","user":"kls072892","photo":"https://inaturalist-open-data.s3.amazonaws.com/photos/738375253/medium.jpg","url":"https://www.inaturalist.org/observations/402230323"},"geometry":{"type":"Point","coordinates":[-73.9571055556,40.7913861111]}},{"type":"Feature","properties":{"id":"inat-402184361","inat_id":402184361,"observed_on":"2026-09-21","taxon_id":122767,"name":"Feral Pigeon","sci_name":"Columba livia domestica","iconic_taxon":"Aves","rank":"variety","user":"pigeon_appreciator","photo":"https://inaturalist-open-data.s3.amazonaws.com/photos/738286107/medium.jpg","url":"https://www.inaturalist.org/observations/402184361"},"geometry":{"type":"Point","coordinates":[-73.9717786667,40.8009141544]}},{"type":"Feature","properties":{"id":"inat-402253656","inat_id":402253656,"observed_on":"2026-09-21","taxon_id":144455,"name":"Great Egret","sci_name":"Ardea alba","iconic_taxon":"Aves","rank":"species","user":"pointman","photo":"https://static.inaturalist.org/photos/738420354/medium.jpg","url":"https://www.inaturalist.org/observations/402253656"},"geometry":{"type":"Point","coordinates":[-73.8304944444,40.6218694444]}},{"type":"Feature","properties":{"id":"inat-402183529","inat_id":402183529,"observed_on":"2026-09-21","taxon_id":122767,"name":"Feral Pigeon","sci_name":"Columba livia domestica","iconic_taxon":"Aves","rank":"variety","user":"pigeon_appreciator","photo":"https://inaturalist-open-data.s3.amazonaws.com/photos/738284423/medium.jpg","url":"https://www.inaturalist.org/observations/402183529"},"geometry":{"type":"Point","coordinates":[-73.9717886411,40.800997261]}},{"type":"Feature","properties":{"id":"inat-402183895","inat_id":402183895,"observed_on":"2026-09-21","taxon_id":64543,"name":"Beach Plum","sci_name":"Prunus maritima","iconic_taxon":"Plantae","rank":"species","user":"chloefallon","photo":"https://static.inaturalist.org/photos/738285261/medium.jpg","url":"https://www.inaturalist.org/observations/402183895"},"geometry":{"type":"Point","coordinates":[-73.9149736233,40.58232309]}},{"type":"Feature","properties":{"id":"inat-402183468","inat_id":402183468,"observed_on":"2026-09-21","taxon_id":122767,"name":"Feral Pigeon","sci_name":"Columba livia domestica","iconic_taxon":"Aves","rank":"variety","user":"pigeon_appreciator","photo":"https://inaturalist-open-data.s3.amazonaws.com/photos/738284296/medium.jpg","url":"https://www.inaturalist.org/observations/402183468"},"geometry":{"type":"Point","coordinates":[-73.9717886411,40.800997261]}},{"type":"Feature","properties":{"id":"inat-402896792","inat_id":402896792,"observed_on":"2026-09-21","taxon_id":6930,"name":"Mallard","sci_name":"Anas platyrhynchos","iconic_taxon":"Aves","rank":"species","user":"reybal","photo":"https://inaturalist-open-data.s3.amazonaws.com/photos/739674376/medium.jpg","url":"https://www.inaturalist.org/observations/402896792"},"geometry":{"type":"Point","coordinates":[-73.9581974384,40.7921107572]}},{"type":"Feature","properties":{"id":"inat-402896791","inat_id":402896791,"observed_on":"2026-09-21","taxon_id":7089,"name":"Canada Goose","sci_name":"Branta canadensis","iconic_taxon":"Aves","rank":"species","user":"reybal","photo":"https://inaturalist-open-data.s3.amazonaws.com/photos/739674343/medium.jpg","url":"https://www.inaturalist.org/observations/402896791"},"geometry":{"type":"Point","coordinates":[-73.9581974384,40.7921107572]}},{"type":"Feature","properties":{"id":"inat-402655853","inat_id":402655853,"observed_on":"2026-09-21","taxon_id":350821,"name":"Ganoderma sessile","sci_name":"Ganoderma sessile","iconic_taxon":"Fungi","rank":"species","user":"austincousineau","photo":"https://static.inaturalist.org/photos/739212144/medium.jpg","url":"https://www.inaturalist.org/observations/402655853"},"geometry":{"type":"Point","coordinates":[-73.987555,40.766225]}},{"type":"Feature","properties":{"id":"inat-402182971","inat_id":402182971,"observed_on":"2026-09-21","taxon_id":13858,"name":"House Sparrow","sci_name":"Passer domesticus","iconic_taxon":"Aves","rank":"species","user":"pigeon_appreciator","photo":"https://inaturalist-open-data.s3.amazonaws.com/photos/738283309/medium.jpg","url":"https://www.inaturalist.org/observations/402182971"},"geometry":{"type":"Point","coordinates":[-73.9716210869,40.8012848022]}},{"type":"Feature","properties":{"id":"inat-402896790","inat_id":402896790,"observed_on":"2026-09-21","taxon_id":6930,"name":"Mallard","sci_name":"Anas platyrhynchos","iconic_taxon":"Aves","rank":"species","user":"reybal","photo":"https://inaturalist-open-data.s3.amazonaws.com/photos/739674338/medium.jpg","url":"https://www.inaturalist.org/observations/402896790"},"geometry":{"type":"Point","coordinates":[-73.9581974384,40.7921107572]}},{"type":"Feature","properties":{"id":"inat-402183422","inat_id":402183422,"observed_on":"2026-09-21","taxon_id":120005,"name":"bluestem goldenrod","sci_name":"Solidago caesia","iconic_taxon":"Plantae","rank":"species","user":"pigeon_appreciator","photo":"https://inaturalist-open-data.s3.amazonaws.com/photos/738284184/medium.jpg","url":"https://www.inaturalist.org/observations/402183422"},"geometry":{"type":"Point","coordinates":[-73.971420927,40.8016891452]}},{"type":"Feature","properties":{"id":"inat-402183127","inat_id":402183127,"observed_on":"2026-09-21","taxon_id":127685,"name":"White Wood Aster","sci_name":"Eurybia divaricata","iconic_taxon":"Plantae","rank":"species","user":"pigeon_appreciator","photo":"https://inaturalist-open-data.s3.amazonaws.com/photos/738283683/medium.jpg","url":"https://www.inaturalist.org/observations/402183127"},"geometry":{"type":"Point","coordinates":[-73.9714262076,40.8016864211]}},{"type":"Feature","properties":{"id":"inat-402896788","inat_id":402896788,"observed_on":"2026-09-21","taxon_id":8229,"name":"Blue Jay","sci_name":"Cyanocitta cristata","iconic_taxon":"Aves","rank":"species","user":"reybal","photo":"https://inaturalist-open-data.s3.amazonaws.com/photos/739674337/medium.jpg","url":"https://www.inaturalist.org/observations/402896788"},"geometry":{"type":"Point","coordinates":[-73.9581974384,40.7921107572]}},{"type":"Feature","properties":{"id":"inat-402182481","inat_id":402182481,"observed_on":"2026-09-21","taxon_id":54412,"name":"Christmas fern","sci_name":"Polystichum acrostichoides","iconic_taxon":"Plantae","rank":"species","user":"pigeon_appreciator","photo":"https://inaturalist-open-data.s3.amazonaws.com/photos/738282504/medium.jpg","url":"https://www.inaturalist.org/observations/402182481"},"geometry":{"type":"Point","coordinates":[-73.9713780117,40.8018662129]}},{"type":"Feature","properties":{"id":"inat-402182900","inat_id":402182900,"observed_on":"2026-09-21","taxon_id":555736,"name":"Northern Yellow-shafted Flicker","sci_name":"Colaptes auratus luteus","iconic_taxon":"Aves","rank":"subspecies","user":"malak65356","photo":"https://inaturalist-open-data.s3.amazonaws.com/photos/738283113/medium.jpg","url":"https://www.inaturalist.org/observations/402182900"},"geometry":{"type":"Point","coordinates":[-73.9297317699,40.7625788653]}},{"type":"Feature","properties":{"id":"inat-402182331","inat_id":402182331,"observed_on":"2026-09-21","taxon_id":130893,"name":"fortune's spindle","sci_name":"Euonymus fortunei","iconic_taxon":"Plantae","rank":"species","user":"pigeon_appreciator","photo":"https://inaturalist-open-data.s3.amazonaws.com/photos/738282243/medium.jpg","url":"https://www.inaturalist.org/observations/402182331"},"geometry":{"type":"Point","coordinates":[-73.9716086817,40.8022138942]}},{"type":"Feature","properties":{"id":"inat-402183585","inat_id":402183585,"observed_on":"2026-09-21","taxon_id":131165,"name":"marsh elder","sci_name":"Iva frutescens","iconic_taxon":"Plantae","rank":"species","user":"chloefallon","photo":"https://static.inaturalist.org/photos/738284588/medium.jpg","url":"https://www.inaturalist.org/observations/402183585"},"geometry":{"type":"Point","coordinates":[-73.9150765124,40.582524166]}},{"type":"Feature","properties":{"id":"inat-402896786","inat_id":402896786,"observed_on":"2026-09-21","taxon_id":3454,"name":"Mourning Dove","sci_name":"Zenaida macroura","iconic_taxon":"Aves","rank":"species","user":"reybal","photo":"https://inaturalist-open-data.s3.amazonaws.com/photos/739674319/medium.jpg","url":"https://www.inaturalist.org/observations/402896786"},"geometry":{"type":"Point","coordinates":[-73.9581974384,40.7921107572]}},{"type":"Feature","properties":{"id":"inat-402896785","inat_id":402896785,"observed_on":"2026-09-21","taxon_id":46217,"name":"Eastern Chipmunk","sci_name":"Tamias striatus","iconic_taxon":"Mammalia","rank":"species","user":"reybal","photo":"https://inaturalist-open-data.s3.amazonaws.com/photos/739674321/medium.jpg","url":"https://www.inaturalist.org/observations/402896785"},"geometry":{"type":"Point","coordinates":[-73.9581974384,40.7921107572]}},{"type":"Feature","properties":{"id":"inat-402180697","inat_id":402180697,"observed_on":"2026-09-21","taxon_id":122767,"name":"Feral Pigeon","sci_name":"Columba livia domestica","iconic_taxon":"Aves","rank":"variety","user":"sarahant","photo":"https://inaturalist-open-data.s3.amazonaws.com/photos/738279318/medium.jpg","url":"https://www.inaturalist.org/observations/402180697"},"geometry":{"type":"Point","coordinates":[-73.9635175967,40.8098445873]}},{"type":"Feature","properties":{"id":"inat-402184250","inat_id":402184250,"observed_on":"2026-09-21","taxon_id":485010,"name":"Green Stink Bug","sci_name":"Chinavia hilaris","iconic_taxon":"Insecta","rank":"species","user":"lovisalden","photo":"https://inaturalist-open-data.s3.amazonaws.com/photos/738285833/medium.jpg","url":"https://www.inaturalist.org/observations/402184250"},"geometry":{"type":"Point","coordinates":[-73.9711616667,40.64877]}},{"type":"Feature","properties":{"id":"inat-402180331","inat_id":402180331,"observed_on":"2026-09-21","taxon_id":4672,"name":"Merlin","sci_name":"Falco columbarius","iconic_taxon":"Aves","rank":"species","user":"pointman","photo":"https://static.inaturalist.org/photos/738278672/medium.jpg","url":"https://www.inaturalist.org/observations/402180331"},"geometry":{"type":"Point","coordinates":[-73.8339166667,40.6185972222]}},{"type":"Feature","properties":{"id":"inat-402230177","inat_id":402230177,"observed_on":"2026-09-21","taxon_id":145242,"name":"Palm Warbler","sci_name":"Setophaga palmarum","iconic_taxon":"Aves","rank":"species","user":"kls072892","photo":"https://inaturalist-open-data.s3.amazonaws.com/photos/738374988/medium.jpg","url":"https://www.inaturalist.org/observations/402230177"},"geometry":{"type":"Point","coordinates":[-73.9482055556,40.79565]}},{"type":"Feature","properties":{"id":"inat-402227943","inat_id":402227943,"observed_on":"2026-09-21","taxon_id":9721,"name":"Common Yellowthroat","sci_name":"Geothlypis trichas","iconic_taxon":"Aves","rank":"species","user":"kls072892","photo":"https://inaturalist-open-data.s3.amazonaws.com/photos/738370420/medium.jpg","url":"https://www.inaturalist.org/observations/402227943"},"geometry":{"type":"Point","coordinates":[-73.9514416667,40.7943694444]}},{"type":"Feature","properties":{"id":"inat-402253309","inat_id":402253309,"observed_on":"2026-09-21","taxon_id":145233,"name":"Northern Parula","sci_name":"Setophaga americana","iconic_taxon":"Aves","rank":"species","user":"pointman","photo":"https://static.inaturalist.org/photos/738419546/medium.jpg","url":"https://www.inaturalist.org/observations/402253309"},"geometry":{"type":"Point","coordinates":[-73.8341944444,40.6181805556]}},{"type":"Feature","properties":{"id":"inat-402177982","inat_id":402177982,"observed_on":"2026-09-21","taxon_id":122767,"name":"Feral Pigeon","sci_name":"Columba livia domestica","iconic_taxon":"Aves","rank":"variety","user":"predominantly_pigeon","photo":"https://inaturalist-open-data.s3.amazonaws.com/photos/738274361/medium.jpg","url":"https://www.inaturalist.org/observations/402177982"},"geometry":{"type":"Point","coordinates":[-73.9438466667,40.807105]}},{"type":"Feature","properties":{"id":"inat-402227506","inat_id":402227506,"observed_on":"2026-09-21","taxon_id":5212,"name":"Red-tailed Hawk","sci_name":"Buteo jamaicensis","iconic_taxon":"Aves","rank":"species","user":"kls072892","photo":"https://inaturalist-open-data.s3.amazonaws.com/photos/738369537/medium.jpg","url":"https://www.inaturalist.org/observations/402227506"},"geometry":{"type":"Point","coordinates":[-73.9504611111,40.7943361111]}},{"type":"Feature","properties":{"id":"inat-402896782","inat_id":402896782,"observed_on":"2026-09-21","taxon_id":3454,"name":"Mourning Dove","sci_name":"Zenaida macroura","iconic_taxon":"Aves","rank":"species","user":"reybal","photo":"https://inaturalist-open-data.s3.amazonaws.com/photos/739674247/medium.jpg","url":"https://www.inaturalist.org/observations/402896782"},"geometry":{"type":"Point","coordinates":[-73.9581974384,40.7921107572]}},{"type":"Feature","properties":{"id":"inat-402509084","inat_id":402509084,"observed_on":"2026-09-21","taxon_id":76907,"name":"horseweed","sci_name":"Erigeron canadensis","iconic_taxon":"Plantae","rank":"species","user":"craghorne","photo":"https://static.inaturalist.org/photos/738918644/medium.jpg","url":"https://www.inaturalist.org/observations/402509084"},"geometry":{"type":"Point","coordinates":[-73.976539496,40.713603429]}},{"type":"Feature","properties":{"id":"inat-402896781","inat_id":402896781,"observed_on":"2026-09-21","taxon_id":5212,"name":"Red-tailed Hawk","sci_name":"Buteo jamaicensis","iconic_taxon":"Aves","rank":"species","user":"reybal","photo":"https://inaturalist-open-data.s3.amazonaws.com/photos/739673670/medium.jpg","url":"https://www.inaturalist.org/observations/402896781"},"geometry":{"type":"Point","coordinates":[-73.9581974384,40.7921107572]}},{"type":"Feature","properties":{"id":"inat-402896780","inat_id":402896780,"observed_on":"2026-09-21","taxon_id":5212,"name":"Red-tailed Hawk","sci_name":"Buteo jamaicensis","iconic_taxon":"Aves","rank":"species","user":"reybal","photo":"https://inaturalist-open-data.s3.amazonaws.com/photos/739673646/medium.jpg","url":"https://www.inaturalist.org/observations/402896780"},"geometry":{"type":"Point","coordinates":[-73.9581974384,40.7921107572]}},{"type":"Feature","properties":{"id":"inat-402896778","inat_id":402896778,"observed_on":"2026-09-21","taxon_id":5212,"name":"Red-tailed Hawk","sci_name":"Buteo jamaicensis","iconic_taxon":"Aves","rank":"species","user":"reybal","photo":"https://inaturalist-open-data.s3.amazonaws.com/photos/739673647/medium.jpg","url":"https://www.inaturalist.org/observations/402896778"},"geometry":{"type":"Point","coordinates":[-73.9581974384,40.7921107572]}},{"type":"Feature","properties":{"id":"inat-402257660","inat_id":402257660,"observed_on":"2026-09-21","taxon_id":145233,"name":"Northern Parula","sci_name":"Setophaga americana","iconic_taxon":"Aves","rank":"species","user":"wildnewyork","photo":"https://static.inaturalist.org/photos/738427393/medium.jpg","url":"https://www.inaturalist.org/observations/402257660"},"geometry":{"type":"Point","coordinates":[-73.8903712943,40.8905334852]}},{"type":"Feature","properties":{"id":"inat-402513066","inat_id":402513066,"observed_on":"2026-09-21","taxon_id":63886,"name":"pale smartweed","sci_name":"Persicaria lapathifolia","iconic_taxon":"Plantae","rank":"species","user":"craghorne","photo":"https://static.inaturalist.org/photos/738928015/medium.jpg","url":"https://www.inaturalist.org/observations/402513066"},"geometry":{"type":"Point","coordinates":[-73.9766831658,40.713622733]}},{"type":"Feature","properties":{"id":"inat-402227424","inat_id":402227424,"observed_on":"2026-09-21","taxon_id":558439,"name":"Gadwall","sci_name":"Mareca strepera","iconic_taxon":"Aves","rank":"species","user":"kls072892","photo":"https://inaturalist-open-data.s3.amazonaws.com/photos/738369425/medium.jpg","url":"https://www.inaturalist.org/observations/402227424"},"geometry":{"type":"Point","coordinates":[-73.9541361111,40.7966333333]}},{"type":"Feature","properties":{"id":"inat-402257744","inat_id":402257744,"observed_on":"2026-09-21","taxon_id":10247,"name":"American Redstart","sci_name":"Setophaga ruticilla","iconic_taxon":"Aves","rank":"species","user":"wildnewyork","photo":"https://static.inaturalist.org/photos/738427538/medium.jpg","url":"https://www.inaturalist.org/observations/402257744"},"geometry":{"type":"Point","coordinates":[-73.8954130104,40.8904172028]}},{"type":"Feature","properties":{"id":"inat-402171013","inat_id":402171013,"observed_on":"2026-09-21","taxon_id":144047,"name":"American jumpseed","sci_name":"Persicaria virginiana","iconic_taxon":"Plantae","rank":"species","user":"peytonlr","photo":"https://static.inaturalist.org/photos/738261864/medium.jpg","url":"https://www.inaturalist.org/observations/402171013"},"geometry":{"type":"Point","coordinates":[-73.8764642661,40.8667133687]}},{"type":"Feature","properties":{"id":"inat-403127931","inat_id":403127931,"observed_on":"2026-09-21","taxon_id":332309,"name":"Phytomyza agromyzina","sci_name":"Phytomyza agromyzina","iconic_taxon":"Insecta","rank":"species","user":"djringer","photo":"https://inaturalist-open-data.s3.amazonaws.com/photos/740126881/medium.jpg","url":"https://www.inaturalist.org/observations/403127931"},"geometry":{"type":"Point","coordinates":[-73.9705666667,40.7774]}},{"type":"Feature","properties":{"id":"inat-402257879","inat_id":402257879,"observed_on":"2026-09-21","taxon_id":52911,"name":"Bald-faced Hornet","sci_name":"Dolichovespula maculata","iconic_taxon":"Insecta","rank":"species","user":"wildnewyork","photo":"https://static.inaturalist.org/photos/738427781/medium.jpg","url":"https://www.inaturalist.org/observations/402257879"},"geometry":{"type":"Point","coordinates":[-73.8952459629,40.8903792546]}},{"type":"Feature","properties":{"id":"inat-402258964","inat_id":402258964,"observed_on":"2026-09-21","taxon_id":14850,"name":"European Starling","sci_name":"Sturnus vulgaris","iconic_taxon":"Aves","rank":"species","user":"sofiabalonso","photo":"https://inaturalist-open-data.s3.amazonaws.com/photos/738430300/medium.jpg","url":"https://www.inaturalist.org/observations/402258964"},"geometry":{"type":"Point","coordinates":[-73.9811383333,40.7260033333]}},{"type":"Feature","properties":{"id":"inat-402258874","inat_id":402258874,"observed_on":"2026-09-21","taxon_id":56083,"name":"Common Pill Woodlouse","sci_name":"Armadillidium vulgare","iconic_taxon":"Animalia","rank":"species","user":"sofiabalonso","photo":"https://inaturalist-open-data.s3.amazonaws.com/photos/738430094/medium.jpg","url":"https://www.inaturalist.org/observations/402258874"},"geometry":{"type":"Point","coordinates":[-73.9812783333,40.7262883333]}},{"type":"Feature","properties":{"id":"inat-402258915","inat_id":402258915,"observed_on":"2026-09-21","taxon_id":56083,"name":"Common Pill Woodlouse","sci_name":"Armadillidium vulgare","iconic_taxon":"Animalia","rank":"species","user":"sofiabalonso","photo":"https://inaturalist-open-data.s3.amazonaws.com/photos/738430177/medium.jpg","url":"https://www.inaturalist.org/observations/402258915"},"geometry":{"type":"Point","coordinates":[-73.981605,40.7266216667]}},{"type":"Feature","properties":{"id":"inat-402165387","inat_id":402165387,"observed_on":"2026-09-21","taxon_id":60428,"name":"Ferruginous Tiger Crane Fly","sci_name":"Nephrotoma ferruginea","iconic_taxon":"Insecta","rank":"species","user":"pokemaster01","photo":"https://inaturalist-open-data.s3.amazonaws.com/photos/738251221/medium.jpg","url":"https://www.inaturalist.org/observations/402165387"},"geometry":{"type":"Point","coordinates":[-73.972501043,40.6614299747]}},{"type":"Feature","properties":{"id":"inat-402253214","inat_id":402253214,"observed_on":"2026-09-21","taxon_id":17008,"name":"Eastern Phoebe","sci_name":"Sayornis phoebe","iconic_taxon":"Aves","rank":"species","user":"pointman","photo":"https://static.inaturalist.org/photos/738419334/medium.jpg","url":"https://www.inaturalist.org/observations/402253214"},"geometry":{"type":"Point","coordinates":[-73.8288611111,40.6348222222]}},{"type":"Feature","properties":{"id":"inat-402162361","inat_id":402162361,"observed_on":"2026-09-21","taxon_id":143803,"name":"low smartweed","sci_name":"Persicaria longiseta","iconic_taxon":"Plantae","rank":"species","user":"spannenbirder","photo":"https://inaturalist-open-data.s3.amazonaws.com/photos/738246020/medium.jpg","url":"https://www.inaturalist.org/observations/402162361"},"geometry":{"type":"Point","coordinates":[-73.9696146849,40.6531952122]}},{"type":"Feature","properties":{"id":"inat-402253034","inat_id":402253034,"observed_on":"2026-09-21","taxon_id":3893,"name":"Lesser Yellowlegs","sci_name":"Tringa flavipes","iconic_taxon":"Aves","rank":"species","user":"pointman","photo":"https://static.inaturalist.org/photos/738418896/medium.jpg","url":"https://www.inaturalist.org/observations/402253034"},"geometry":{"type":"Point","coordinates":[-73.8244222222,40.6350694444]}},{"type":"Feature","properties":{"id":"inat-402253127","inat_id":402253127,"observed_on":"2026-09-21","taxon_id":73149,"name":"Northern Waterthrush","sci_name":"Parkesia noveboracensis","iconic_taxon":"Aves","rank":"species","user":"pointman","photo":"https://static.inaturalist.org/photos/738419083/medium.jpg","url":"https://www.inaturalist.org/observations/402253127"},"geometry":{"type":"Point","coordinates":[-73.8244222222,40.6350722222]}},{"type":"Feature","properties":{"id":"inat-402181157","inat_id":402181157,"observed_on":"2026-09-21","taxon_id":58907,"name":"White Sweetclover","sci_name":"Melilotus albus","iconic_taxon":"Plantae","rank":"species","user":"denisedenise","photo":"https://inaturalist-open-data.s3.amazonaws.com/photos/738280170/medium.jpg","url":"https://www.inaturalist.org/observations/402181157"},"geometry":{"type":"Point","coordinates":[-73.9429166667,40.7433533333]}},{"type":"Feature","properties":{"id":"inat-402159464","inat_id":402159464,"observed_on":"2026-09-21","taxon_id":119989,"name":"Carolina Mantis","sci_name":"Stagmomantis carolina","iconic_taxon":"Insecta","rank":"species","user":"james59978","photo":"https://inaturalist-open-data.s3.amazonaws.com/photos/738804276/medium.jpg","url":"https://www.inaturalist.org/observations/402159464"},"geometry":{"type":"Point","coordinates":[-74.029477765,40.7489427991]}},{"type":"Feature","properties":{"id":"inat-402252750","inat_id":402252750,"observed_on":"2026-09-21","taxon_id":41663,"name":"Common Raccoon","sci_name":"Procyon lotor","iconic_taxon":"Mammalia","rank":"species","user":"pointman","photo":"https://static.inaturalist.org/photos/738418575/medium.jpg","url":"https://www.inaturalist.org/observations/402252750"},"geometry":{"type":"Point","coordinates":[-73.82445,40.6350833333]}},{"type":"Feature","properties":{"id":"inat-402252568","inat_id":402252568,"observed_on":"2026-09-21","taxon_id":367477,"name":"Clapper Rail","sci_name":"Rallus crepitans","iconic_taxon":"Aves","rank":"species","user":"pointman","photo":"https://static.inaturalist.org/photos/738418365/medium.jpg","url":"https://www.inaturalist.org/observations/402252568"},"geometry":{"type":"Point","coordinates":[-73.8284916667,40.6361111111]}},{"type":"Feature","properties":{"id":"inat-402155872","inat_id":402155872,"observed_on":"2026-09-21","taxon_id":64237,"name":"common reed","sci_name":"Phragmites australis","iconic_taxon":"Plantae","rank":"species","user":"gthor88","photo":"https://static.inaturalist.org/photos/738232692/medium.jpg","url":"https://www.inaturalist.org/observations/402155872"},"geometry":{"type":"Point","coordinates":[-73.9626909587,40.7218170224]}},{"type":"Feature","properties":{"id":"inat-402158266","inat_id":402158266,"observed_on":"2026-09-21","taxon_id":62470,"name":"Leopard Slug","sci_name":"Limax maximus","iconic_taxon":"Mollusca","rank":"species","user":"gthor88","photo":"https://static.inaturalist.org/photos/738237317/medium.jpg","url":"https://www.inaturalist.org/observations/402158266"},"geometry":{"type":"Point","coordinates":[-73.9627916667,40.7218966667]}},{"type":"Feature","properties":{"id":"inat-402158314","inat_id":402158314,"observed_on":"2026-09-21","taxon_id":47585,"name":"Eastern Oyster","sci_name":"Crassostrea virginica","iconic_taxon":"Mollusca","rank":"species","user":"gthor88","photo":"https://static.inaturalist.org/photos/738237439/medium.jpg","url":"https://www.inaturalist.org/observations/402158314"},"geometry":{"type":"Point","coordinates":[-73.962395,40.72322]}},{"type":"Feature","properties":{"id":"inat-402158345","inat_id":402158345,"observed_on":"2026-09-21","taxon_id":117650,"name":"Blue Mussel","sci_name":"Mytilus edulis","iconic_taxon":"Mollusca","rank":"species","user":"gthor88","photo":"https://static.inaturalist.org/photos/738237501/medium.jpg","url":"https://www.inaturalist.org/observations/402158345"},"geometry":{"type":"Point","coordinates":[-73.9623866667,40.723225]}},{"type":"Feature","properties":{"id":"inat-402158372","inat_id":402158372,"observed_on":"2026-09-21","taxon_id":6921,"name":"Mute Swan","sci_name":"Cygnus olor","iconic_taxon":"Aves","rank":"species","user":"gthor88","photo":"https://static.inaturalist.org/photos/738237547/medium.jpg","url":"https://www.inaturalist.org/observations/402158372"},"geometry":{"type":"Point","coordinates":[-73.9622716667,40.7231533333]}},{"type":"Feature","properties":{"id":"inat-402292922","inat_id":402292922,"observed_on":"2026-09-21","taxon_id":58795,"name":"hemp dogbane","sci_name":"Apocynum cannabinum","iconic_taxon":"Plantae","rank":"species","user":"beehammett","photo":"https://static.inaturalist.org/photos/738499040/medium.jpg","url":"https://www.inaturalist.org/observations/402292922"},"geometry":{"type":"Point","coordinates":[-73.9742384731,40.7334779714]}},{"type":"Feature","properties":{"id":"inat-402291307","inat_id":402291307,"observed_on":"2026-09-21","taxon_id":48662,"name":"Monarch","sci_name":"Danaus plexippus","iconic_taxon":"Insecta","rank":"species","user":"beehammett","photo":"https://static.inaturalist.org/photos/738495873/medium.jpg","url":"https://www.inaturalist.org/observations/402291307"},"geometry":{"type":"Point","coordinates":[-73.9740616667,40.7331616667]}},{"type":"Feature","properties":{"id":"inat-402298917","inat_id":402298917,"observed_on":"2026-09-21","taxon_id":62045,"name":"Small Milkweed Bug","sci_name":"Lygaeus kalmii","iconic_taxon":"Insecta","rank":"species","user":"beehammett","photo":"https://static.inaturalist.org/photos/738510459/medium.jpg","url":"https://www.inaturalist.org/observations/402298917"},"geometry":{"type":"Point","coordinates":[-73.9739848548,40.7329671405]}},{"type":"Feature","properties":{"id":"inat-402302751","inat_id":402302751,"observed_on":"2026-09-21","taxon_id":324726,"name":"Spotted Lanternfly","sci_name":"Lycorma delicatula","iconic_taxon":"Insecta","rank":"species","user":"beehammett","photo":"https://static.inaturalist.org/photos/738518394/medium.jpg","url":"https://www.inaturalist.org/observations/402302751"},"geometry":{"type":"Point","coordinates":[-73.9738319941,40.7325810343]}},{"type":"Feature","properties":{"id":"inat-402119868","inat_id":402119868,"observed_on":"2026-09-21","taxon_id":56083,"name":"Common Pill Woodlouse","sci_name":"Armadillidium vulgare","iconic_taxon":"Animalia","rank":"species","user":"wikinyc","photo":"https://inaturalist-open-data.s3.amazonaws.com/photos/738161360/medium.jpg","url":"https://www.inaturalist.org/observations/402119868"},"geometry":{"type":"Point","coordinates":[-73.9430166667,40.7254333333]}},{"type":"Feature","properties":{"id":"inat-402306540","inat_id":402306540,"observed_on":"2026-09-21","taxon_id":118552,"name":"Domestic Cat","sci_name":"Felis catus","iconic_taxon":"Mammalia","rank":"species","user":"spaceopossum","photo":"https://inaturalist-open-data.s3.amazonaws.com/photos/738525467/medium.jpg","url":"https://www.inaturalist.org/observations/402306540"},"geometry":{"type":"Point","coordinates":[-73.9021301642,40.6690115632]}},{"type":"Feature","properties":{"id":"inat-402288023","inat_id":402288023,"observed_on":"2026-09-21","taxon_id":46095,"name":"Groundhog","sci_name":"Marmota monax","iconic_taxon":"Mammalia","rank":"species","user":"gilliancm","photo":"https://inaturalist-open-data.s3.amazonaws.com/photos/738488836/medium.jpg","url":"https://www.inaturalist.org/observations/402288023"},"geometry":{"type":"Point","coordinates":[-73.8281199709,40.8524600094]}},{"type":"Feature","properties":{"id":"inat-403271931","inat_id":403271931,"observed_on":"2026-09-20","taxon_id":116681,"name":"Ailanthus Webworm Moth","sci_name":"Atteva aurea","iconic_taxon":"Insecta","rank":"species","user":"elizanicole","photo":"https://inaturalist-open-data.s3.amazonaws.com/photos/740412030/medium.jpg","url":"https://www.inaturalist.org/observations/403271931"},"geometry":{"type":"Point","coordinates":[-74.0322784682,40.7469041748]}},{"type":"Feature","properties":{"id":"inat-402072679","inat_id":402072679,"observed_on":"2026-09-20","taxon_id":56083,"name":"Common Pill Woodlouse","sci_name":"Armadillidium vulgare","iconic_taxon":"Animalia","rank":"species","user":"sayuri_chase","photo":"https://inaturalist-open-data.s3.amazonaws.com/photos/738068111/medium.jpg","url":"https://www.inaturalist.org/observations/402072679"},"geometry":{"type":"Point","coordinates":[-73.8004048728,40.8095537173]}},{"type":"Feature","properties":{"id":"inat-402061466","inat_id":402061466,"observed_on":"2026-09-20","taxon_id":130139,"name":"Tawny Cockroach","sci_name":"Ectobius pallidus","iconic_taxon":"Insecta","rank":"species","user":"dougnaturalist","photo":"https://static.inaturalist.org/photos/738044555/medium.jpg","url":"https://www.inaturalist.org/observations/402061466"},"geometry":{"type":"Point","coordinates":[-73.9923801731,40.6944637785]}},{"type":"Feature","properties":{"id":"inat-402036074","inat_id":402036074,"observed_on":"2026-09-20","taxon_id":5212,"name":"Red-tailed Hawk","sci_name":"Buteo jamaicensis","iconic_taxon":"Aves","rank":"species","user":"byjoetrezza","photo":"https://static.inaturalist.org/photos/737991744/medium.jpg","url":"https://www.inaturalist.org/observations/402036074"},"geometry":{"type":"Point","coordinates":[-73.9458059,40.7142681]}},{"type":"Feature","properties":{"id":"inat-402036071","inat_id":402036071,"observed_on":"2026-09-20","taxon_id":4665,"name":"American Kestrel","sci_name":"Falco sparverius","iconic_taxon":"Aves","rank":"species","user":"byjoetrezza","photo":"https://static.inaturalist.org/photos/737991726/medium.jpg","url":"https://www.inaturalist.org/observations/402036071"},"geometry":{"type":"Point","coordinates":[-73.9458059,40.7142681]}},{"type":"Feature","properties":{"id":"inat-402044292","inat_id":402044292,"observed_on":"2026-09-20","taxon_id":76790,"name":"Goose Grass","sci_name":"Eleusine indica","iconic_taxon":"Plantae","rank":"species","user":"djringer","photo":"https://inaturalist-open-data.s3.amazonaws.com/photos/738009080/medium.jpg","url":"https://www.inaturalist.org/observations/402044292"},"geometry":{"type":"Point","coordinates":[-74.0167528333,40.64725]}},{"type":"Feature","properties":{"id":"inat-402044320","inat_id":402044320,"observed_on":"2026-09-20","taxon_id":79141,"name":"black nightshade","sci_name":"Solanum nigrum","iconic_taxon":"Plantae","rank":"species","user":"djringer","photo":"https://inaturalist-open-data.s3.amazonaws.com/photos/738009143/medium.jpg","url":"https://www.inaturalist.org/observations/402044320"},"geometry":{"type":"Point","coordinates":[-74.01566945,40.64682]}},{"type":"Feature","properties":{"id":"inat-402044370","inat_id":402044370,"observed_on":"2026-09-20","taxon_id":76746,"name":"Mexican tea","sci_name":"Dysphania ambrosioides","iconic_taxon":"Plantae","rank":"species","user":"djringer","photo":"https://inaturalist-open-data.s3.amazonaws.com/photos/738009216/medium.jpg","url":"https://www.inaturalist.org/observations/402044370"},"geometry":{"type":"Point","coordinates":[-74.0156638833,40.646775]}},{"type":"Feature","properties":{"id":"inat-402044383","inat_id":402044383,"observed_on":"2026-09-20","taxon_id":119048,"name":"white snakeroot","sci_name":"Ageratina altissima","iconic_taxon":"Plantae","rank":"species","user":"djringer","photo":"https://inaturalist-open-data.s3.amazonaws.com/photos/738009271/medium.jpg","url":"https://www.inaturalist.org/observations/402044383"},"geometry":{"type":"Point","coordinates":[-74.015725,40.6467883333]}},{"type":"Feature","properties":{"id":"inat-402044433","inat_id":402044433,"observed_on":"2026-09-20","taxon_id":57278,"name":"tree-of-heaven","sci_name":"Ailanthus altissima","iconic_taxon":"Plantae","rank":"species","user":"djringer","photo":"https://inaturalist-open-data.s3.amazonaws.com/photos/738009342/medium.jpg","url":"https://www.inaturalist.org/observations/402044433"},"geometry":{"type":"Point","coordinates":[-74.0155722167,40.6467633333]}},{"type":"Feature","properties":{"id":"inat-402044485","inat_id":402044485,"observed_on":"2026-09-20","taxon_id":119792,"name":"princess tree","sci_name":"Paulownia tomentosa","iconic_taxon":"Plantae","rank":"species","user":"djringer","photo":"https://inaturalist-open-data.s3.amazonaws.com/photos/738009399/medium.jpg","url":"https://www.inaturalist.org/observations/402044485"},"geometry":{"type":"Point","coordinates":[-74.01535,40.6471333333]}},{"type":"Feature","properties":{"id":"inat-402019583","inat_id":402019583,"observed_on":"2026-09-20","taxon_id":57278,"name":"tree-of-heaven","sci_name":"Ailanthus altissima","iconic_taxon":"Plantae","rank":"species","user":"gthor88","photo":"https://static.inaturalist.org/photos/737956718/medium.jpg","url":"https://www.inaturalist.org/observations/402019583"},"geometry":{"type":"Point","coordinates":[-73.9393804318,40.7220648545]}},{"type":"Feature","properties":{"id":"inat-402074877","inat_id":402074877,"observed_on":"2026-09-20","taxon_id":62470,"name":"Leopard Slug","sci_name":"Limax maximus","iconic_taxon":"Mollusca","rank":"species","user":"bloomcity","photo":"https://inaturalist-open-data.s3.amazonaws.com/photos/738071926/medium.jpg","url":"https://www.inaturalist.org/observations/402074877"},"geometry":{"type":"Point","coordinates":[-73.9056916667,40.7007216667]}},{"type":"Feature","properties":{"id":"inat-402631857","inat_id":402631857,"observed_on":"2026-09-20","taxon_id":49591,"name":"Bluegill","sci_name":"Lepomis macrochirus","iconic_taxon":"Actinopterygii","rank":"species","user":"elleauklet","photo":"https://inaturalist-open-data.s3.amazonaws.com/photos/739164750/medium.jpg","url":"https://www.inaturalist.org/observations/402631857"},"geometry":{"type":"Point","coordinates":[-73.9573340131,40.7947044212]}},{"type":"Feature","properties":{"id":"inat-402631773","inat_id":402631773,"observed_on":"2026-09-20","taxon_id":1439808,"name":"Largemouth Bass","sci_name":"Micropterus nigricans","iconic_taxon":"Actinopterygii","rank":"species","user":"elleauklet","photo":"https://inaturalist-open-data.s3.amazonaws.com/photos/739164598/medium.jpg","url":"https://www.inaturalist.org/observations/402631773"},"geometry":{"type":"Point","coordinates":[-73.9574228419,40.7947437476]}},{"type":"Feature","properties":{"id":"inat-402630725","inat_id":402630725,"observed_on":"2026-09-20","taxon_id":58636,"name":"Green Sunfish","sci_name":"Lepomis cyanellus","iconic_taxon":"Actinopterygii","rank":"species","user":"elleauklet","photo":"https://inaturalist-open-data.s3.amazonaws.com/photos/739162439/medium.jpg","url":"https://www.inaturalist.org/observations/402630725"},"geometry":{"type":"Point","coordinates":[-73.9574135273,40.7946687044]}},{"type":"Feature","properties":{"id":"inat-402629456","inat_id":402629456,"observed_on":"2026-09-20","taxon_id":49591,"name":"Bluegill","sci_name":"Lepomis macrochirus","iconic_taxon":"Actinopterygii","rank":"species","user":"elleauklet","photo":"https://inaturalist-open-data.s3.amazonaws.com/photos/739160055/medium.jpg","url":"https://www.inaturalist.org/observations/402629456"},"geometry":{"type":"Point","coordinates":[-73.9573779147,40.7946959361]}},{"type":"Feature","properties":{"id":"inat-402012072","inat_id":402012072,"observed_on":"2026-09-20","taxon_id":14850,"name":"European Starling","sci_name":"Sturnus vulgaris","iconic_taxon":"Aves","rank":"species","user":"bloomcity","photo":"https://inaturalist-open-data.s3.amazonaws.com/photos/737941886/medium.jpg","url":"https://www.inaturalist.org/observations/402012072"},"geometry":{"type":"Point","coordinates":[-73.9055633333,40.7007133333]}},{"type":"Feature","properties":{"id":"inat-402184924","inat_id":402184924,"observed_on":"2026-09-20","taxon_id":14995,"name":"Gray Catbird","sci_name":"Dumetella carolinensis","iconic_taxon":"Aves","rank":"species","user":"rjhawk","photo":"https://inaturalist-open-data.s3.amazonaws.com/photos/738287327/medium.jpg","url":"https://www.inaturalist.org/observations/402184924"},"geometry":{"type":"Point","coordinates":[-73.8771533333,40.8469383333]}},{"type":"Feature","properties":{"id":"inat-402184881","inat_id":402184881,"observed_on":"2026-09-20","taxon_id":46017,"name":"Eastern Gray Squirrel","sci_name":"Sciurus carolinensis","iconic_taxon":"Mammalia","rank":"species","user":"rjhawk","photo":"https://inaturalist-open-data.s3.amazonaws.com/photos/738287264/medium.jpg","url":"https://www.inaturalist.org/observations/402184881"},"geometry":{"type":"Point","coordinates":[-73.8770133333,40.8472166667]}},{"type":"Feature","properties":{"id":"inat-402184859","inat_id":402184859,"observed_on":"2026-09-20","taxon_id":46017,"name":"Eastern Gray Squirrel","sci_name":"Sciurus carolinensis","iconic_taxon":"Mammalia","rank":"species","user":"rjhawk","photo":"https://inaturalist-open-data.s3.amazonaws.com/photos/738287200/medium.jpg","url":"https://www.inaturalist.org/observations/402184859"},"geometry":{"type":"Point","coordinates":[-73.8775783333,40.8504416667]}},{"type":"Feature","properties":{"id":"inat-402184825","inat_id":402184825,"observed_on":"2026-09-20","taxon_id":51271,"name":"Red-eared Slider","sci_name":"Trachemys scripta elegans","iconic_taxon":"Reptilia","rank":"subspecies","user":"rjhawk","photo":"https://inaturalist-open-data.s3.amazonaws.com/photos/738287115/medium.jpg","url":"https://www.inaturalist.org/observations/402184825"},"geometry":{"type":"Point","coordinates":[-73.8777,40.85138]}},{"type":"Feature","properties":{"id":"inat-401997395","inat_id":401997395,"observed_on":"2026-09-20","taxon_id":767707,"name":"Greenhouse Camel Cricket","sci_name":"Tachycines asynamorus","iconic_taxon":"Insecta","rank":"species","user":"superkoolio","photo":"https://inaturalist-open-data.s3.amazonaws.com/photos/737912543/medium.jpg","url":"https://www.inaturalist.org/observations/401997395"},"geometry":{"type":"Point","coordinates":[-73.8932026455,40.9017442357]}},{"type":"Feature","properties":{"id":"inat-401996689","inat_id":401996689,"observed_on":"2026-09-20","taxon_id":144047,"name":"American jumpseed","sci_name":"Persicaria virginiana","iconic_taxon":"Plantae","rank":"species","user":"superkoolio","photo":"https://inaturalist-open-data.s3.amazonaws.com/photos/737910950/medium.jpg","url":"https://www.inaturalist.org/observations/401996689"},"geometry":{"type":"Point","coordinates":[-73.8933038941,40.9017724543]}},{"type":"Feature","properties":{"id":"inat-401994268","inat_id":401994268,"observed_on":"2026-09-20","taxon_id":350821,"name":"Ganoderma sessile","sci_name":"Ganoderma sessile","iconic_taxon":"Fungi","rank":"species","user":"alycarlotti","photo":"https://inaturalist-open-data.s3.amazonaws.com/photos/737905399/medium.jpg","url":"https://www.inaturalist.org/observations/401994268"},"geometry":{"type":"Point","coordinates":[-73.9846333333,40.6717866667]}},{"type":"Feature","properties":{"id":"inat-402184705","inat_id":402184705,"observed_on":"2026-09-20","taxon_id":46217,"name":"Eastern Chipmunk","sci_name":"Tamias striatus","iconic_taxon":"Mammalia","rank":"species","user":"rjhawk","photo":"https://inaturalist-open-data.s3.amazonaws.com/photos/738286934/medium.jpg","url":"https://www.inaturalist.org/observations/402184705"},"geometry":{"type":"Point","coordinates":[-73.87507,40.8546416667]}},{"type":"Feature","properties":{"id":"inat-402625218","inat_id":402625218,"observed_on":"2026-09-20","taxon_id":1439808,"name":"Largemouth Bass","sci_name":"Micropterus nigricans","iconic_taxon":"Actinopterygii","rank":"species","user":"elleauklet","photo":"https://inaturalist-open-data.s3.amazonaws.com/photos/739151282/medium.jpg","url":"https://www.inaturalist.org/observations/402625218"},"geometry":{"type":"Point","coordinates":[-73.9575147769,40.7947056573]}},{"type":"Feature","properties":{"id":"inat-402184682","inat_id":402184682,"observed_on":"2026-09-20","taxon_id":6930,"name":"Mallard","sci_name":"Anas platyrhynchos","iconic_taxon":"Aves","rank":"species","user":"rjhawk","photo":"https://inaturalist-open-data.s3.amazonaws.com/photos/738286874/medium.jpg","url":"https://www.inaturalist.org/observations/402184682"},"geometry":{"type":"Point","coordinates":[-73.876755,40.8552966667]}},{"type":"Feature","properties":{"id":"inat-401989539","inat_id":401989539,"observed_on":"2026-09-20","taxon_id":126889,"name":"Margined Calligrapher","sci_name":"Toxomerus marginatus","iconic_taxon":"Insecta","rank":"species","user":"averycunningham","photo":"https://inaturalist-open-data.s3.amazonaws.com/photos/737897002/medium.jpg","url":"https://www.inaturalist.org/observations/401989539"},"geometry":{"type":"Point","coordinates":[-74.0612111667,40.6940083333]}},{"type":"Feature","properties":{"id":"inat-401991869","inat_id":401991869,"observed_on":"2026-09-20","taxon_id":127685,"name":"White Wood Aster","sci_name":"Eurybia divaricata","iconic_taxon":"Plantae","rank":"species","user":"marieviljoen","photo":"https://inaturalist-open-data.s3.amazonaws.com/photos/737900761/medium.jpg","url":"https://www.inaturalist.org/observations/401991869"},"geometry":{"type":"Point","coordinates":[-73.9486568,40.6635502]}},{"type":"Feature","properties":{"id":"inat-401989079","inat_id":401989079,"observed_on":"2026-09-20","taxon_id":81979,"name":"Thick-legged Hover Fly","sci_name":"Syritta pipiens","iconic_taxon":"Insecta","rank":"species","user":"averycunningham","photo":"https://inaturalist-open-data.s3.amazonaws.com/photos/737896228/medium.jpg","url":"https://www.inaturalist.org/observations/401989079"},"geometry":{"type":"Point","coordinates":[-74.0612195,40.6940033333]}},{"type":"Feature","properties":{"id":"inat-402029390","inat_id":402029390,"observed_on":"2026-09-20","taxon_id":52763,"name":"buttonbush","sci_name":"Cephalanthus occidentalis","iconic_taxon":"Plantae","rank":"species","user":"kendrasrebro","photo":"https://inaturalist-open-data.s3.amazonaws.com/photos/737978192/medium.jpg","url":"https://www.inaturalist.org/observations/402029390"},"geometry":{"type":"Point","coordinates":[-73.962975,40.6591833333]}},{"type":"Feature","properties":{"id":"inat-402184641","inat_id":402184641,"observed_on":"2026-09-20","taxon_id":39782,"name":"Pond Slider","sci_name":"Trachemys scripta","iconic_taxon":"Reptilia","rank":"species","user":"rjhawk","photo":"https://inaturalist-open-data.s3.amazonaws.com/photos/738286775/medium.jpg","url":"https://www.inaturalist.org/observations/402184641"},"geometry":{"type":"Point","coordinates":[-73.8745116667,40.8533033333]}},{"type":"Feature","properties":{"id":"inat-402000770","inat_id":402000770,"observed_on":"2026-09-20","taxon_id":350821,"name":"Ganoderma sessile","sci_name":"Ganoderma sessile","iconic_taxon":"Fungi","rank":"species","user":"u_s","photo":"https://inaturalist-open-data.s3.amazonaws.com/photos/737919882/medium.jpg","url":"https://www.inaturalist.org/observations/402000770"},"geometry":{"type":"Point","coordinates":[-73.9452966667,40.6953]}},{"type":"Feature","properties":{"id":"inat-401982261","inat_id":401982261,"observed_on":"2026-09-20","taxon_id":906,"name":"Wild Turkey","sci_name":"Meleagris gallopavo","iconic_taxon":"Aves","rank":"species","user":"demianl64","photo":"https://inaturalist-open-data.s3.amazonaws.com/photos/737881953/medium.jpg","url":"https://www.inaturalist.org/observations/401982261"},"geometry":{"type":"Point","coordinates":[-73.9959633333,40.59887]}},{"type":"Feature","properties":{"id":"inat-402525931","inat_id":402525931,"observed_on":"2026-09-20","taxon_id":122767,"name":"Feral Pigeon","sci_name":"Columba livia domestica","iconic_taxon":"Aves","rank":"variety","user":"sofiabalonso","photo":"https://inaturalist-open-data.s3.amazonaws.com/photos/738953980/medium.jpg","url":"https://www.inaturalist.org/observations/402525931"},"geometry":{"type":"Point","coordinates":[-73.9823133333,40.72717]}},{"type":"Feature","properties":{"id":"inat-401978257","inat_id":401978257,"observed_on":"2026-09-20","taxon_id":122767,"name":"Feral Pigeon","sci_name":"Columba livia domestica","iconic_taxon":"Aves","rank":"variety","user":"liuyihuang","photo":"https://inaturalist-open-data.s3.amazonaws.com/photos/737873591/medium.jpg","url":"https://www.inaturalist.org/observations/401978257"},"geometry":{"type":"Point","coordinates":[-73.9824041178,40.7673722342]}},{"type":"Feature","properties":{"id":"inat-402259210","inat_id":402259210,"observed_on":"2026-09-20","taxon_id":13858,"name":"House Sparrow","sci_name":"Passer domesticus","iconic_taxon":"Aves","rank":"species","user":"sofiabalonso","photo":"https://inaturalist-open-data.s3.amazonaws.com/photos/738430871/medium.jpg","url":"https://www.inaturalist.org/observations/402259210"},"geometry":{"type":"Point","coordinates":[-73.9822833333,40.727]}},{"type":"Feature","properties":{"id":"inat-402624276","inat_id":402624276,"observed_on":"2026-09-20","taxon_id":58654,"name":"Brown Bullhead","sci_name":"Ameiurus nebulosus","iconic_taxon":"Actinopterygii","rank":"species","user":"elleauklet","photo":"https://inaturalist-open-data.s3.amazonaws.com/photos/739149350/medium.jpg","url":"https://www.inaturalist.org/observations/402624276"},"geometry":{"type":"Point","coordinates":[-73.9573983746,40.7946871697]}},{"type":"Feature","properties":{"id":"inat-402525975","inat_id":402525975,"observed_on":"2026-09-20","taxon_id":12727,"name":"American Robin","sci_name":"Turdus migratorius","iconic_taxon":"Aves","rank":"species","user":"sofiabalonso","photo":"https://inaturalist-open-data.s3.amazonaws.com/photos/738954073/medium.jpg","url":"https://www.inaturalist.org/observations/402525975"},"geometry":{"type":"Point","coordinates":[-73.9817883333,40.7261716667]}},{"type":"Feature","properties":{"id":"inat-402044427","inat_id":402044427,"observed_on":"2026-09-20","taxon_id":12727,"name":"American Robin","sci_name":"Turdus migratorius","iconic_taxon":"Aves","rank":"species","user":"sofiabalonso","photo":"https://inaturalist-open-data.s3.amazonaws.com/photos/738009337/medium.jpg","url":"https://www.inaturalist.org/observations/402044427"},"geometry":{"type":"Point","coordinates":[-73.9817883333,40.7261716667]}},{"type":"Feature","properties":{"id":"inat-402259181","inat_id":402259181,"observed_on":"2026-09-20","taxon_id":3454,"name":"Mourning Dove","sci_name":"Zenaida macroura","iconic_taxon":"Aves","rank":"species","user":"sofiabalonso","photo":"https://inaturalist-open-data.s3.amazonaws.com/photos/738430791/medium.jpg","url":"https://www.inaturalist.org/observations/402259181"},"geometry":{"type":"Point","coordinates":[-73.98165,40.7262416667]}},{"type":"Feature","properties":{"id":"inat-402259617","inat_id":402259617,"observed_on":"2026-09-20","taxon_id":122767,"name":"Feral Pigeon","sci_name":"Columba livia domestica","iconic_taxon":"Aves","rank":"variety","user":"sofiabalonso","photo":"https://inaturalist-open-data.s3.amazonaws.com/photos/738431703/medium.jpg","url":"https://www.inaturalist.org/observations/402259617"},"geometry":{"type":"Point","coordinates":[-73.9830633333,40.7261083333]}},{"type":"Feature","properties":{"id":"inat-401972059","inat_id":401972059,"observed_on":"2026-09-20","taxon_id":78338,"name":"Smooth Witchgrass","sci_name":"Panicum dichotomiflorum","iconic_taxon":"Plantae","rank":"species","user":"u_s","photo":"https://inaturalist-open-data.s3.amazonaws.com/photos/737860725/medium.jpg","url":"https://www.inaturalist.org/observations/401972059"},"geometry":{"type":"Point","coordinates":[-73.9453416667,40.6951033333]}},{"type":"Feature","properties":{"id":"inat-401965589","inat_id":401965589,"observed_on":"2026-09-20","taxon_id":48599,"name":"American pokeweed","sci_name":"Phytolacca americana","iconic_taxon":"Plantae","rank":"species","user":"fiddlingabout","photo":"https://static.inaturalist.org/photos/737847317/medium.jpg","url":"https://www.inaturalist.org/observations/401965589"},"geometry":{"type":"Point","coordinates":[-73.9193760977,40.7461902593]}},{"type":"Feature","properties":{"id":"inat-402098736","inat_id":402098736,"observed_on":"2026-09-20","taxon_id":126889,"name":"Margined Calligrapher","sci_name":"Toxomerus marginatus","iconic_taxon":"Insecta","rank":"species","user":"beniiiii","photo":"https://inaturalist-open-data.s3.amazonaws.com/photos/738046943/medium.jpg","url":"https://www.inaturalist.org/observations/402098736"},"geometry":{"type":"Point","coordinates":[-73.8952113043,40.8899534705]}},{"type":"Feature","properties":{"id":"inat-402447727","inat_id":402447727,"observed_on":"2026-09-20","taxon_id":53714,"name":"hen of the woods","sci_name":"Grifola frondosa","iconic_taxon":"Fungi","rank":"species","user":"gianluke92","photo":"https://inaturalist-open-data.s3.amazonaws.com/photos/739358295/medium.jpg","url":"https://www.inaturalist.org/observations/402447727"},"geometry":{"type":"Point","coordinates":[-73.8193740845,40.8249702454]}},{"type":"Feature","properties":{"id":"inat-402009878","inat_id":402009878,"observed_on":"2026-09-20","taxon_id":42223,"name":"White-tailed Deer","sci_name":"Odocoileus virginianus","iconic_taxon":"Mammalia","rank":"species","user":"keser","photo":"https://inaturalist-open-data.s3.amazonaws.com/photos/737937829/medium.jpg","url":"https://www.inaturalist.org/observations/402009878"},"geometry":{"type":"Point","coordinates":[-74.0272293091,40.7615890503]}},{"type":"Feature","properties":{"id":"inat-401972407","inat_id":401972407,"observed_on":"2026-09-20","taxon_id":4956,"name":"Great Blue Heron","sci_name":"Ardea herodias","iconic_taxon":"Aves","rank":"species","user":"jenglund","photo":"https://inaturalist-open-data.s3.amazonaws.com/photos/737861365/medium.jpg","url":"https://www.inaturalist.org/observations/401972407"},"geometry":{"type":"Point","coordinates":[-73.990538,40.67539]}},{"type":"Feature","properties":{"id":"inat-402799642","inat_id":402799642,"observed_on":"2026-09-20","taxon_id":143803,"name":"low smartweed","sci_name":"Persicaria longiseta","iconic_taxon":"Plantae","rank":"species","user":"ionakambo","photo":"https://inaturalist-open-data.s3.amazonaws.com/photos/739486886/medium.jpg","url":"https://www.inaturalist.org/observations/402799642"},"geometry":{"type":"Point","coordinates":[-73.9749351248,40.7692113308]}},{"type":"Feature","properties":{"id":"inat-401962665","inat_id":401962665,"observed_on":"2026-09-20","taxon_id":14886,"name":"Northern Mockingbird","sci_name":"Mimus polyglottos","iconic_taxon":"Aves","rank":"species","user":"ionakambo","photo":"https://inaturalist-open-data.s3.amazonaws.com/photos/737841643/medium.jpg","url":"https://www.inaturalist.org/observations/401962665"},"geometry":{"type":"Point","coordinates":[-73.8387478505,40.6151128118]}},{"type":"Feature","properties":{"id":"inat-402098725","inat_id":402098725,"observed_on":"2026-09-20","taxon_id":155387,"name":"Inland Floodwater Mosquito","sci_name":"Aedes vexans","iconic_taxon":"Insecta","rank":"species","user":"beniiiii","photo":"https://inaturalist-open-data.s3.amazonaws.com/photos/738046875/medium.jpg","url":"https://www.inaturalist.org/observations/402098725"},"geometry":{"type":"Point","coordinates":[-73.8952220469,40.8899470374]}},{"type":"Feature","properties":{"id":"inat-402098724","inat_id":402098724,"observed_on":"2026-09-20","taxon_id":155387,"name":"Inland Floodwater Mosquito","sci_name":"Aedes vexans","iconic_taxon":"Insecta","rank":"species","user":"beniiiii","photo":"https://inaturalist-open-data.s3.amazonaws.com/photos/738046825/medium.jpg","url":"https://www.inaturalist.org/observations/402098724"},"geometry":{"type":"Point","coordinates":[-73.8952166074,40.8899476456]}},{"type":"Feature","properties":{"id":"inat-402098722","inat_id":402098722,"observed_on":"2026-09-20","taxon_id":155387,"name":"Inland Floodwater Mosquito","sci_name":"Aedes vexans","iconic_taxon":"Insecta","rank":"species","user":"beniiiii","photo":"https://inaturalist-open-data.s3.amazonaws.com/photos/738046769/medium.jpg","url":"https://www.inaturalist.org/observations/402098722"},"geometry":{"type":"Point","coordinates":[-73.8952229211,40.8899453172]}},{"type":"Feature","properties":{"id":"inat-401941798","inat_id":401941798,"observed_on":"2026-09-20","taxon_id":14995,"name":"Gray Catbird","sci_name":"Dumetella carolinensis","iconic_taxon":"Aves","rank":"species","user":"bloomcity","photo":"https://inaturalist-open-data.s3.amazonaws.com/photos/737800526/medium.jpg","url":"https://www.inaturalist.org/observations/401941798"},"geometry":{"type":"Point","coordinates":[-73.9056083333,40.7006533333]}},{"type":"Feature","properties":{"id":"inat-402011732","inat_id":402011732,"observed_on":"2026-09-20","taxon_id":9083,"name":"Northern Cardinal","sci_name":"Cardinalis cardinalis","iconic_taxon":"Aves","rank":"species","user":"bloomcity","photo":"https://inaturalist-open-data.s3.amazonaws.com/photos/737941357/medium.jpg","url":"https://www.inaturalist.org/observations/402011732"},"geometry":{"type":"Point","coordinates":[-73.905625,40.7007466667]}},{"type":"Feature","properties":{"id":"inat-401939250","inat_id":401939250,"observed_on":"2026-09-20","taxon_id":144047,"name":"American jumpseed","sci_name":"Persicaria virginiana","iconic_taxon":"Plantae","rank":"species","user":"gianluke92","photo":"https://inaturalist-open-data.s3.amazonaws.com/photos/737794983/medium.jpg","url":"https://www.inaturalist.org/observations/401939250"},"geometry":{"type":"Point","coordinates":[-73.8942947388,40.9076766968]}},{"type":"Feature","properties":{"id":"inat-401976982","inat_id":401976982,"observed_on":"2026-09-20","taxon_id":6921,"name":"Mute Swan","sci_name":"Cygnus olor","iconic_taxon":"Aves","rank":"species","user":"lev2937","photo":"https://inaturalist-open-data.s3.amazonaws.com/photos/737870512/medium.jpg","url":"https://www.inaturalist.org/observations/401976982"},"geometry":{"type":"Point","coordinates":[-73.7868842428,40.8408910055]}},{"type":"Feature","properties":{"id":"inat-401962529","inat_id":401962529,"observed_on":"2026-09-20","taxon_id":204237,"name":"Porcelain Berry","sci_name":"Ampelopsis glandulosa","iconic_taxon":"Plantae","rank":"species","user":"noelhefele","photo":"https://inaturalist-open-data.s3.amazonaws.com/photos/737841323/medium.jpg","url":"https://www.inaturalist.org/observations/401962529"},"geometry":{"type":"Point","coordinates":[-73.8743340628,40.8990086043]}},{"type":"Feature","properties":{"id":"inat-402922848","inat_id":402922848,"observed_on":"2026-09-20","taxon_id":124432,"name":"Milky Slug","sci_name":"Deroceras reticulatum","iconic_taxon":"Mollusca","rank":"species","user":"amani_fawaz","photo":"https://static.inaturalist.org/photos/739731805/medium.jpg","url":"https://www.inaturalist.org/observations/402922848"},"geometry":{"type":"Point","coordinates":[-73.8741033333,40.86172]}},{"type":"Feature","properties":{"id":"inat-401962497","inat_id":401962497,"observed_on":"2026-09-20","taxon_id":120005,"name":"bluestem goldenrod","sci_name":"Solidago caesia","iconic_taxon":"Plantae","rank":"species","user":"noelhefele","photo":"https://inaturalist-open-data.s3.amazonaws.com/photos/737841260/medium.jpg","url":"https://www.inaturalist.org/observations/401962497"},"geometry":{"type":"Point","coordinates":[-73.8740392549,40.8988923097]}},{"type":"Feature","properties":{"id":"inat-401962467","inat_id":401962467,"observed_on":"2026-09-20","taxon_id":131249,"name":"mile-a-minute weed","sci_name":"Persicaria perfoliata","iconic_taxon":"Plantae","rank":"species","user":"noelhefele","photo":"https://inaturalist-open-data.s3.amazonaws.com/photos/737841177/medium.jpg","url":"https://www.inaturalist.org/observations/401962467"},"geometry":{"type":"Point","coordinates":[-73.8751599112,40.8993046194]}},{"type":"Feature","properties":{"id":"inat-401962434","inat_id":401962434,"observed_on":"2026-09-20","taxon_id":204237,"name":"Porcelain Berry","sci_name":"Ampelopsis glandulosa","iconic_taxon":"Plantae","rank":"species","user":"noelhefele","photo":"https://inaturalist-open-data.s3.amazonaws.com/photos/737841104/medium.jpg","url":"https://www.inaturalist.org/observations/401962434"},"geometry":{"type":"Point","coordinates":[-73.8748812484,40.8994030669]}},{"type":"Feature","properties":{"id":"inat-401962379","inat_id":401962379,"observed_on":"2026-09-20","taxon_id":158125,"name":"downy agrimony","sci_name":"Agrimonia pubescens","iconic_taxon":"Plantae","rank":"species","user":"noelhefele","photo":"https://inaturalist-open-data.s3.amazonaws.com/photos/737840938/medium.jpg","url":"https://www.inaturalist.org/observations/401962379"},"geometry":{"type":"Point","coordinates":[-73.8759192413,40.8994336081]}},{"type":"Feature","properties":{"id":"inat-401962310","inat_id":401962310,"observed_on":"2026-09-20","taxon_id":158549,"name":"Japanese angelica tree","sci_name":"Aralia elata","iconic_taxon":"Plantae","rank":"species","user":"noelhefele","photo":"https://inaturalist-open-data.s3.amazonaws.com/photos/737840772/medium.jpg","url":"https://www.inaturalist.org/observations/401962310"},"geometry":{"type":"Point","coordinates":[-73.8761255863,40.8994110266]}},{"type":"Feature","properties":{"id":"inat-401962273","inat_id":401962273,"observed_on":"2026-09-20","taxon_id":130376,"name":"showy goldenrod","sci_name":"Solidago speciosa","iconic_taxon":"Plantae","rank":"species","user":"noelhefele","photo":"https://inaturalist-open-data.s3.amazonaws.com/photos/737840638/medium.jpg","url":"https://www.inaturalist.org/observations/401962273"},"geometry":{"type":"Point","coordinates":[-73.8761706338,40.8994286121]}},{"type":"Feature","properties":{"id":"inat-401926822","inat_id":401926822,"observed_on":"2026-09-20","taxon_id":81579,"name":"Triangulate Combfoot","sci_name":"Steatoda triangulosa","iconic_taxon":"Arachnida","rank":"species","user":"dsantella","photo":"https://inaturalist-open-data.s3.amazonaws.com/photos/737771133/medium.jpg","url":"https://www.inaturalist.org/observations/401926822"},"geometry":{"type":"Point","coordinates":[-74.01565156,40.8860317]}},{"type":"Feature","properties":{"id":"inat-401928237","inat_id":401928237,"observed_on":"2026-09-20","taxon_id":55487,"name":"Spotted Cucumber Beetle","sci_name":"Diabrotica undecimpunctata","iconic_taxon":"Insecta","rank":"species","user":"devon2006","photo":"https://inaturalist-open-data.s3.amazonaws.com/photos/737773103/medium.jpg","url":"https://www.inaturalist.org/observations/401928237"},"geometry":{"type":"Point","coordinates":[-74.0153602883,40.7029312156]}},{"type":"Feature","properties":{"id":"inat-401928416","inat_id":401928416,"observed_on":"2026-09-20","taxon_id":47219,"name":"Western Honey Bee","sci_name":"Apis mellifera","iconic_taxon":"Insecta","rank":"species","user":"devon2006","photo":"https://inaturalist-open-data.s3.amazonaws.com/photos/737773549/medium.jpg","url":"https://www.inaturalist.org/observations/401928416"},"geometry":{"type":"Point","coordinates":[-74.0153602883,40.7029312156]}},{"type":"Feature","properties":{"id":"inat-401962195","inat_id":401962195,"observed_on":"2026-09-20","taxon_id":120005,"name":"bluestem goldenrod","sci_name":"Solidago caesia","iconic_taxon":"Plantae","rank":"species","user":"noelhefele","photo":"https://inaturalist-open-data.s3.amazonaws.com/photos/737840526/medium.jpg","url":"https://www.inaturalist.org/observations/401962195"},"geometry":{"type":"Point","coordinates":[-73.8763765556,40.8998642224]}},{"type":"Feature","properties":{"id":"inat-401923143","inat_id":401923143,"observed_on":"2026-09-20","taxon_id":3454,"name":"Mourning Dove","sci_name":"Zenaida macroura","iconic_taxon":"Aves","rank":"species","user":"lev2937","photo":"https://inaturalist-open-data.s3.amazonaws.com/photos/737762273/medium.jpg","url":"https://www.inaturalist.org/observations/401923143"},"geometry":{"type":"Point","coordinates":[-73.7838826932,40.8442508638]}},{"type":"Feature","properties":{"id":"inat-401962148","inat_id":401962148,"observed_on":"2026-09-20","taxon_id":120005,"name":"bluestem goldenrod","sci_name":"Solidago caesia","iconic_taxon":"Plantae","rank":"species","user":"noelhefele","photo":"https://inaturalist-open-data.s3.amazonaws.com/photos/737840415/medium.jpg","url":"https://www.inaturalist.org/observations/401962148"},"geometry":{"type":"Point","coordinates":[-73.8767953038,40.9003178859]}},{"type":"Feature","properties":{"id":"inat-401962099","inat_id":401962099,"observed_on":"2026-09-20","taxon_id":50278,"name":"Virginia creeper","sci_name":"Parthenocissus quinquefolia","iconic_taxon":"Plantae","rank":"species","user":"noelhefele","photo":"https://inaturalist-open-data.s3.amazonaws.com/photos/737840339/medium.jpg","url":"https://www.inaturalist.org/observations/401962099"},"geometry":{"type":"Point","coordinates":[-73.8781177259,40.9009752992]}},{"type":"Feature","properties":{"id":"inat-401962027","inat_id":401962027,"observed_on":"2026-09-20","taxon_id":58732,"name":"eastern poison ivy","sci_name":"Toxicodendron radicans","iconic_taxon":"Plantae","rank":"species","user":"noelhefele","photo":"https://inaturalist-open-data.s3.amazonaws.com/photos/737840261/medium.jpg","url":"https://www.inaturalist.org/observations/401962027"},"geometry":{"type":"Point","coordinates":[-73.878450399,40.9013459825]}},{"type":"Feature","properties":{"id":"inat-401962002","inat_id":401962002,"observed_on":"2026-09-20","taxon_id":78882,"name":"multiflora rose","sci_name":"Rosa multiflora","iconic_taxon":"Plantae","rank":"species","user":"noelhefele","photo":"https://inaturalist-open-data.s3.amazonaws.com/photos/737840190/medium.jpg","url":"https://www.inaturalist.org/observations/401962002"},"geometry":{"type":"Point","coordinates":[-73.8786818203,40.9009003266]}},{"type":"Feature","properties":{"id":"inat-402075571","inat_id":402075571,"observed_on":"2026-09-20","taxon_id":204172,"name":"climbing false buckwheat","sci_name":"Fallopia scandens","iconic_taxon":"Plantae","rank":"species","user":"pilcrow","photo":"https://inaturalist-open-data.s3.amazonaws.com/photos/738070786/medium.jpg","url":"https://www.inaturalist.org/observations/402075571"},"geometry":{"type":"Point","coordinates":[-74.011605,40.60259]}},{"type":"Feature","properties":{"id":"inat-402075567","inat_id":402075567,"observed_on":"2026-09-20","taxon_id":126888,"name":"northern seaside goldenrod","sci_name":"Solidago sempervirens","iconic_taxon":"Plantae","rank":"species","user":"pilcrow","photo":"https://inaturalist-open-data.s3.amazonaws.com/photos/738070755/medium.jpg","url":"https://www.inaturalist.org/observations/402075567"},"geometry":{"type":"Point","coordinates":[-74.0115883333,40.6025633333]}},{"type":"Feature","properties":{"id":"inat-402169890","inat_id":402169890,"observed_on":"2026-09-20","taxon_id":48586,"name":"Brown-lipped Snail","sci_name":"Cepaea nemoralis","iconic_taxon":"Mollusca","rank":"species","user":"lowellnoel","photo":"https://inaturalist-open-data.s3.amazonaws.com/photos/739620977/medium.jpg","url":"https://www.inaturalist.org/observations/402169890"},"geometry":{"type":"Point","coordinates":[-73.9139466667,40.7481116667]}},{"type":"Feature","properties":{"id":"inat-401940619","inat_id":401940619,"observed_on":"2026-09-20","taxon_id":54797,"name":"honey locust","sci_name":"Gleditsia triacanthos","iconic_taxon":"Plantae","rank":"species","user":"firewyrm","photo":"https://inaturalist-open-data.s3.amazonaws.com/photos/737797672/medium.jpg","url":"https://www.inaturalist.org/observations/401940619"},"geometry":{"type":"Point","coordinates":[-73.9366620282,40.6920640063]}},{"type":"Feature","properties":{"id":"inat-401961912","inat_id":401961912,"observed_on":"2026-09-20","taxon_id":82342,"name":"Amur honeysuckle","sci_name":"Lonicera maackii","iconic_taxon":"Plantae","rank":"species","user":"noelhefele","photo":"https://inaturalist-open-data.s3.amazonaws.com/photos/737840017/medium.jpg","url":"https://www.inaturalist.org/observations/401961912"},"geometry":{"type":"Point","coordinates":[-73.8813064382,40.8946646204]}},{"type":"Feature","properties":{"id":"inat-401957661","inat_id":401957661,"observed_on":"2026-09-20","taxon_id":974663,"name":"Northern Cinnabar Polypore","sci_name":"Trametes cinnabarina","iconic_taxon":"Fungi","rank":"species","user":"erukh","photo":"https://static.inaturalist.org/photos/737831312/medium.jpg","url":"https://www.inaturalist.org/observations/401957661"},"geometry":{"type":"Point","coordinates":[-73.8763416138,40.8597057108]}},{"type":"Feature","properties":{"id":"inat-402075554","inat_id":402075554,"observed_on":"2026-09-20","taxon_id":126888,"name":"northern seaside goldenrod","sci_name":"Solidago sempervirens","iconic_taxon":"Plantae","rank":"species","user":"pilcrow","photo":"https://inaturalist-open-data.s3.amazonaws.com/photos/738070435/medium.jpg","url":"https://www.inaturalist.org/observations/402075554"},"geometry":{"type":"Point","coordinates":[-74.01161,40.60244]}},{"type":"Feature","properties":{"id":"inat-403347888","inat_id":403347888,"observed_on":"2026-09-20","taxon_id":119048,"name":"white snakeroot","sci_name":"Ageratina altissima","iconic_taxon":"Plantae","rank":"species","user":"soswanson","photo":"https://inaturalist-open-data.s3.amazonaws.com/photos/740557769/medium.jpg","url":"https://www.inaturalist.org/observations/403347888"},"geometry":{"type":"Point","coordinates":[-73.8033533333,40.913895]}},{"type":"Feature","properties":{"id":"inat-401915980","inat_id":401915980,"observed_on":"2026-09-20","taxon_id":157889,"name":"Asian Copperleaf","sci_name":"Acalypha australis","iconic_taxon":"Plantae","rank":"species","user":"brinnthehuman","photo":"https://inaturalist-open-data.s3.amazonaws.com/photos/737747741/medium.jpg","url":"https://www.inaturalist.org/observations/401915980"},"geometry":{"type":"Point","coordinates":[-73.9112030715,40.7148417213]}},{"type":"Feature","properties":{"id":"inat-401915704","inat_id":401915704,"observed_on":"2026-09-20","taxon_id":157903,"name":"Common Three-seeded Mercury","sci_name":"Acalypha rhomboidea","iconic_taxon":"Plantae","rank":"species","user":"brinnthehuman","photo":"https://inaturalist-open-data.s3.amazonaws.com/photos/737747232/medium.jpg","url":"https://www.inaturalist.org/observations/401915704"},"geometry":{"type":"Point","coordinates":[-73.9112671092,40.7148645928]}},{"type":"Feature","properties":{"id":"inat-401957577","inat_id":401957577,"observed_on":"2026-09-20","taxon_id":49477,"name":"Ghost Pipe","sci_name":"Monotropa uniflora","iconic_taxon":"Plantae","rank":"species","user":"erukh","photo":"https://static.inaturalist.org/photos/737831130/medium.jpg","url":"https://www.inaturalist.org/observations/401957577"},"geometry":{"type":"Point","coordinates":[-73.87628,40.8606]}},{"type":"Feature","properties":{"id":"inat-401914424","inat_id":401914424,"observed_on":"2026-09-20","taxon_id":49477,"name":"Ghost Pipe","sci_name":"Monotropa uniflora","iconic_taxon":"Plantae","rank":"species","user":"amani_fawaz","photo":"https://static.inaturalist.org/photos/737744809/medium.jpg","url":"https://www.inaturalist.org/observations/401914424"},"geometry":{"type":"Point","coordinates":[-73.8758280942,40.8598274348]}},{"type":"Feature","properties":{"id":"inat-401913377","inat_id":401913377,"observed_on":"2026-09-20","taxon_id":62207,"name":"common evening-primrose","sci_name":"Oenothera biennis","iconic_taxon":"Plantae","rank":"species","user":"forestpark","photo":"https://inaturalist-open-data.s3.amazonaws.com/photos/737742605/medium.jpg","url":"https://www.inaturalist.org/observations/401913377"},"geometry":{"type":"Point","coordinates":[-73.8245232386,40.6353927236]}},{"type":"Feature","properties":{"id":"inat-401961852","inat_id":401961852,"observed_on":"2026-09-20","taxon_id":47888,"name":"common jewelweed","sci_name":"Impatiens capensis","iconic_taxon":"Plantae","rank":"species","user":"noelhefele","photo":"https://inaturalist-open-data.s3.amazonaws.com/photos/737839926/medium.jpg","url":"https://www.inaturalist.org/observations/401961852"},"geometry":{"type":"Point","coordinates":[-73.8847280422,40.8909596487]}},{"type":"Feature","properties":{"id":"inat-401961811","inat_id":401961811,"observed_on":"2026-09-20","taxon_id":47888,"name":"common jewelweed","sci_name":"Impatiens capensis","iconic_taxon":"Plantae","rank":"species","user":"noelhefele","photo":"https://inaturalist-open-data.s3.amazonaws.com/photos/737839833/medium.jpg","url":"https://www.inaturalist.org/observations/401961811"},"geometry":{"type":"Point","coordinates":[-73.8847116667,40.8909533333]}},{"type":"Feature","properties":{"id":"inat-402551654","inat_id":402551654,"observed_on":"2026-09-20","taxon_id":119989,"name":"Carolina Mantis","sci_name":"Stagmomantis carolina","iconic_taxon":"Insecta","rank":"species","user":"endajc","photo":"https://inaturalist-open-data.s3.amazonaws.com/photos/739002854/medium.jpg","url":"https://www.inaturalist.org/observations/402551654"},"geometry":{"type":"Point","coordinates":[-73.9528283333,40.7198666667]}},{"type":"Feature","properties":{"id":"inat-401961752","inat_id":401961752,"observed_on":"2026-09-20","taxon_id":144047,"name":"American jumpseed","sci_name":"Persicaria virginiana","iconic_taxon":"Plantae","rank":"species","user":"noelhefele","photo":"https://inaturalist-open-data.s3.amazonaws.com/photos/737839734/medium.jpg","url":"https://www.inaturalist.org/observations/401961752"},"geometry":{"type":"Point","coordinates":[-73.885100024,40.8905488626]}},{"type":"Feature","properties":{"id":"inat-401961707","inat_id":401961707,"observed_on":"2026-09-20","taxon_id":144047,"name":"American jumpseed","sci_name":"Persicaria virginiana","iconic_taxon":"Plantae","rank":"species","user":"noelhefele","photo":"https://inaturalist-open-data.s3.amazonaws.com/photos/737839644/medium.jpg","url":"https://www.inaturalist.org/observations/401961707"},"geometry":{"type":"Point","coordinates":[-73.885795199,40.8900891541]}},{"type":"Feature","properties":{"id":"inat-401961650","inat_id":401961650,"observed_on":"2026-09-20","taxon_id":47888,"name":"common jewelweed","sci_name":"Impatiens capensis","iconic_taxon":"Plantae","rank":"species","user":"noelhefele","photo":"https://inaturalist-open-data.s3.amazonaws.com/photos/737839547/medium.jpg","url":"https://www.inaturalist.org/observations/401961650"},"geometry":{"type":"Point","coordinates":[-73.8865310189,40.8894937036]}},{"type":"Feature","properties":{"id":"inat-401911281","inat_id":401911281,"observed_on":"2026-09-20","taxon_id":10286,"name":"Black-and-white Warbler","sci_name":"Mniotilta varia","iconic_taxon":"Aves","rank":"species","user":"fiddlingabout","photo":"https://static.inaturalist.org/photos/737738251/medium.jpg","url":"https://www.inaturalist.org/observations/401911281"},"geometry":{"type":"Point","coordinates":[-73.9194647782,40.74624273]}},{"type":"Feature","properties":{"id":"inat-401909535","inat_id":401909535,"observed_on":"2026-09-20","taxon_id":51062,"name":"Solomon's plume","sci_name":"Maianthemum racemosum","iconic_taxon":"Plantae","rank":"species","user":"amani_fawaz","photo":"https://static.inaturalist.org/photos/737734411/medium.jpg","url":"https://www.inaturalist.org/observations/401909535"},"geometry":{"type":"Point","coordinates":[-73.8732133085,40.8604965028]}},{"type":"Feature","properties":{"id":"inat-401940177","inat_id":401940177,"observed_on":"2026-09-20","taxon_id":350821,"name":"Ganoderma sessile","sci_name":"Ganoderma sessile","iconic_taxon":"Fungi","rank":"species","user":"firewyrm","photo":"https://inaturalist-open-data.s3.amazonaws.com/photos/737797166/medium.jpg","url":"https://www.inaturalist.org/observations/401940177"},"geometry":{"type":"Point","coordinates":[-73.9551016701,40.6775402073]}},{"type":"Feature","properties":{"id":"inat-401961591","inat_id":401961591,"observed_on":"2026-09-20","taxon_id":58732,"name":"eastern poison ivy","sci_name":"Toxicodendron radicans","iconic_taxon":"Plantae","rank":"species","user":"noelhefele","photo":"https://inaturalist-open-data.s3.amazonaws.com/photos/737839451/medium.jpg","url":"https://www.inaturalist.org/observations/401961591"},"geometry":{"type":"Point","coordinates":[-73.8868557542,40.8878124279]}},{"type":"Feature","properties":{"id":"inat-401961536","inat_id":401961536,"observed_on":"2026-09-20","taxon_id":144047,"name":"American jumpseed","sci_name":"Persicaria virginiana","iconic_taxon":"Plantae","rank":"species","user":"noelhefele","photo":"https://inaturalist-open-data.s3.amazonaws.com/photos/737839352/medium.jpg","url":"https://www.inaturalist.org/observations/401961536"},"geometry":{"type":"Point","coordinates":[-73.8868010175,40.8875074902]}},{"type":"Feature","properties":{"id":"inat-401961504","inat_id":401961504,"observed_on":"2026-09-20","taxon_id":47888,"name":"common jewelweed","sci_name":"Impatiens capensis","iconic_taxon":"Plantae","rank":"species","user":"noelhefele","photo":"https://inaturalist-open-data.s3.amazonaws.com/photos/737839281/medium.jpg","url":"https://www.inaturalist.org/observations/401961504"},"geometry":{"type":"Point","coordinates":[-73.8867792643,40.8870043117]}},{"type":"Feature","properties":{"id":"inat-401961468","inat_id":401961468,"observed_on":"2026-09-20","taxon_id":47888,"name":"common jewelweed","sci_name":"Impatiens capensis","iconic_taxon":"Plantae","rank":"species","user":"noelhefele","photo":"https://inaturalist-open-data.s3.amazonaws.com/photos/737839223/medium.jpg","url":"https://www.inaturalist.org/observations/401961468"},"geometry":{"type":"Point","coordinates":[-73.8866646384,40.8868152585]}},{"type":"Feature","properties":{"id":"inat-401994617","inat_id":401994617,"observed_on":"2026-09-20","taxon_id":1454382,"name":"Double-crested Cormorant","sci_name":"Nannopterum auritum","iconic_taxon":"Aves","rank":"species","user":"j_carhart","photo":"https://inaturalist-open-data.s3.amazonaws.com/photos/737906260/medium.jpg","url":"https://www.inaturalist.org/observations/401994617"},"geometry":{"type":"Point","coordinates":[-73.9903116667,40.675025]}},{"type":"Feature","properties":{"id":"inat-401961436","inat_id":401961436,"observed_on":"2026-09-20","taxon_id":144047,"name":"American jumpseed","sci_name":"Persicaria virginiana","iconic_taxon":"Plantae","rank":"species","user":"noelhefele","photo":"https://inaturalist-open-data.s3.amazonaws.com/photos/737839145/medium.jpg","url":"https://www.inaturalist.org/observations/401961436"},"geometry":{"type":"Point","coordinates":[-73.886765484,40.886323426]}},{"type":"Feature","properties":{"id":"inat-401907749","inat_id":401907749,"observed_on":"2026-09-20","taxon_id":1579017,"name":"Cooper's Hawk","sci_name":"Astur cooperii","iconic_taxon":"Aves","rank":"species","user":"amani_fawaz","photo":"https://static.inaturalist.org/photos/737730371/medium.jpg","url":"https://www.inaturalist.org/observations/401907749"},"geometry":{"type":"Point","coordinates":[-73.8773716667,40.8626216667]}},{"type":"Feature","properties":{"id":"inat-401905527","inat_id":401905527,"observed_on":"2026-09-20","taxon_id":62776,"name":"autumn clematis","sci_name":"Clematis terniflora","iconic_taxon":"Plantae","rank":"species","user":"anneschoeneborn","photo":"https://inaturalist-open-data.s3.amazonaws.com/photos/737725961/medium.jpg","url":"https://www.inaturalist.org/observations/401905527"},"geometry":{"type":"Point","coordinates":[-73.9632583333,40.6498138889]}},{"type":"Feature","properties":{"id":"inat-402032161","inat_id":402032161,"observed_on":"2026-09-20","taxon_id":120005,"name":"bluestem goldenrod","sci_name":"Solidago caesia","iconic_taxon":"Plantae","rank":"species","user":"lavindertrails","photo":"https://inaturalist-open-data.s3.amazonaws.com/photos/737983670/medium.jpg","url":"https://www.inaturalist.org/observations/402032161"},"geometry":{"type":"Point","coordinates":[-73.9053033333,40.8902883333]}},{"type":"Feature","properties":{"id":"inat-402032136","inat_id":402032136,"observed_on":"2026-09-20","taxon_id":127685,"name":"White Wood Aster","sci_name":"Eurybia divaricata","iconic_taxon":"Plantae","rank":"species","user":"lavindertrails","photo":"https://inaturalist-open-data.s3.amazonaws.com/photos/737983615/medium.jpg","url":"https://www.inaturalist.org/observations/402032136"},"geometry":{"type":"Point","coordinates":[-73.9053633333,40.8903283333]}},{"type":"Feature","properties":{"id":"inat-401907890","inat_id":401907890,"observed_on":"2026-09-20","taxon_id":48662,"name":"Monarch","sci_name":"Danaus plexippus","iconic_taxon":"Insecta","rank":"species","user":"chelseasea","photo":"https://inaturalist-open-data.s3.amazonaws.com/photos/737890006/medium.jpg","url":"https://www.inaturalist.org/observations/401907890"},"geometry":{"type":"Point","coordinates":[-73.9799777919,40.6592639073]}},{"type":"Feature","properties":{"id":"inat-401897038","inat_id":401897038,"observed_on":"2026-09-20","taxon_id":5212,"name":"Red-tailed Hawk","sci_name":"Buteo jamaicensis","iconic_taxon":"Aves","rank":"species","user":"kevin_shi","photo":"https://static.inaturalist.org/photos/737709401/medium.jpg","url":"https://www.inaturalist.org/observations/401897038"},"geometry":{"type":"Point","coordinates":[-73.9931901544,40.7166223703]}},{"type":"Feature","properties":{"id":"inat-401897181","inat_id":401897181,"observed_on":"2026-09-20","taxon_id":54834,"name":"black cherry","sci_name":"Prunus serotina","iconic_taxon":"Plantae","rank":"species","user":"amani_fawaz","photo":"https://static.inaturalist.org/photos/737709580/medium.jpg","url":"https://www.inaturalist.org/observations/401897181"},"geometry":{"type":"Point","coordinates":[-73.8768418068,40.8652588063]}},{"type":"Feature","properties":{"id":"inat-401896719","inat_id":401896719,"observed_on":"2026-09-20","taxon_id":133960,"name":"Trepobates subnitidus","sci_name":"Trepobates subnitidus","iconic_taxon":"Insecta","rank":"species","user":"fullingmill","photo":"https://inaturalist-open-data.s3.amazonaws.com/photos/737708787/medium.jpg","url":"https://www.inaturalist.org/observations/401896719"},"geometry":{"type":"Point","coordinates":[-73.9753559201,40.7661434329]}},{"type":"Feature","properties":{"id":"inat-401895198","inat_id":401895198,"observed_on":"2026-09-20","taxon_id":51271,"name":"Red-eared Slider","sci_name":"Trachemys scripta elegans","iconic_taxon":"Reptilia","rank":"subspecies","user":"fullingmill","photo":"https://inaturalist-open-data.s3.amazonaws.com/photos/737705762/medium.jpg","url":"https://www.inaturalist.org/observations/401895198"},"geometry":{"type":"Point","coordinates":[-73.9753972288,40.7661416824]}},{"type":"Feature","properties":{"id":"inat-401970388","inat_id":401970388,"observed_on":"2026-09-20","taxon_id":130893,"name":"fortune's spindle","sci_name":"Euonymus fortunei","iconic_taxon":"Plantae","rank":"species","user":"loganheley","photo":"https://inaturalist-open-data.s3.amazonaws.com/photos/737857249/medium.jpg","url":"https://www.inaturalist.org/observations/401970388"},"geometry":{"type":"Point","coordinates":[-73.9749649202,40.7696638123]}},{"type":"Feature","properties":{"id":"inat-401893436","inat_id":401893436,"observed_on":"2026-09-20","taxon_id":49399,"name":"eastern redcedar","sci_name":"Juniperus virginiana","iconic_taxon":"Plantae","rank":"species","user":"ben_lucki","photo":"https://static.inaturalist.org/photos/737702856/medium.jpg","url":"https://www.inaturalist.org/observations/401893436"},"geometry":{"type":"Point","coordinates":[-73.9984578862,40.6974350935]}},{"type":"Feature","properties":{"id":"inat-402625951","inat_id":402625951,"observed_on":"2026-09-20","taxon_id":54854,"name":"basswood","sci_name":"Tilia americana","iconic_taxon":"Plantae","rank":"species","user":"amani_fawaz","photo":"https://static.inaturalist.org/photos/739152900/medium.jpg","url":"https://www.inaturalist.org/observations/402625951"},"geometry":{"type":"Point","coordinates":[-73.8780574407,40.8665205241]}},{"type":"Feature","properties":{"id":"inat-401889436","inat_id":401889436,"observed_on":"2026-09-20","taxon_id":52927,"name":"Asiatic dayflower","sci_name":"Commelina communis","iconic_taxon":"Plantae","rank":"species","user":"amani_fawaz","photo":"https://static.inaturalist.org/photos/737694673/medium.jpg","url":"https://www.inaturalist.org/observations/401889436"},"geometry":{"type":"Point","coordinates":[-73.8778795881,40.8654677042]}},{"type":"Feature","properties":{"id":"inat-401894493","inat_id":401894493,"observed_on":"2026-09-20","taxon_id":117433,"name":"winged euonymus","sci_name":"Euonymus alatus","iconic_taxon":"Plantae","rank":"species","user":"id56","photo":"https://inaturalist-open-data.s3.amazonaws.com/photos/737704626/medium.jpg","url":"https://www.inaturalist.org/observations/401894493"},"geometry":{"type":"Point","coordinates":[-73.8663096,40.6963045]}},{"type":"Feature","properties":{"id":"inat-401883559","inat_id":401883559,"observed_on":"2026-09-20","taxon_id":52927,"name":"Asiatic dayflower","sci_name":"Commelina communis","iconic_taxon":"Plantae","rank":"species","user":"mariya94435","photo":"https://inaturalist-open-data.s3.amazonaws.com/photos/737684622/medium.jpg","url":"https://www.inaturalist.org/observations/401883559"},"geometry":{"type":"Point","coordinates":[-73.9546133333,40.5777166667]}},{"type":"Feature","properties":{"id":"inat-402200200","inat_id":402200200,"observed_on":"2026-09-20","taxon_id":18236,"name":"Northern Flicker","sci_name":"Colaptes auratus","iconic_taxon":"Aves","rank":"species","user":"djringer","photo":"https://inaturalist-open-data.s3.amazonaws.com/photos/738315843/medium.jpg","url":"https://www.inaturalist.org/observations/402200200"},"geometry":{"type":"Point","coordinates":[-73.9614555475,40.7945762495]}},{"type":"Feature","properties":{"id":"inat-402200201","inat_id":402200201,"observed_on":"2026-09-20","taxon_id":14850,"name":"European Starling","sci_name":"Sturnus vulgaris","iconic_taxon":"Aves","rank":"species","user":"djringer","photo":"https://inaturalist-open-data.s3.amazonaws.com/photos/738315951/medium.jpg","url":"https://www.inaturalist.org/observations/402200201"},"geometry":{"type":"Point","coordinates":[-73.9614555475,40.7945762495]}},{"type":"Feature","properties":{"id":"inat-402200197","inat_id":402200197,"observed_on":"2026-09-20","taxon_id":12727,"name":"American Robin","sci_name":"Turdus migratorius","iconic_taxon":"Aves","rank":"species","user":"djringer","photo":"https://inaturalist-open-data.s3.amazonaws.com/photos/738315680/medium.jpg","url":"https://www.inaturalist.org/observations/402200197"},"geometry":{"type":"Point","coordinates":[-73.9614555475,40.7945762495]}},{"type":"Feature","properties":{"id":"inat-402048006","inat_id":402048006,"observed_on":"2026-09-20","taxon_id":48586,"name":"Brown-lipped Snail","sci_name":"Cepaea nemoralis","iconic_taxon":"Mollusca","rank":"species","user":"patrickhoran","photo":"https://static.inaturalist.org/photos/738016426/medium.jpg","url":"https://www.inaturalist.org/observations/402048006"},"geometry":{"type":"Point","coordinates":[-73.8270666667,40.8125833333]}},{"type":"Feature","properties":{"id":"inat-401957759","inat_id":401957759,"observed_on":"2026-09-20","taxon_id":62207,"name":"common evening-primrose","sci_name":"Oenothera biennis","iconic_taxon":"Plantae","rank":"species","user":"deniseedits","photo":"https://inaturalist-open-data.s3.amazonaws.com/photos/737831539/medium.jpg","url":"https://www.inaturalist.org/observations/401957759"},"geometry":{"type":"Point","coordinates":[-73.9871216667,40.6987416667]}},{"type":"Feature","properties":{"id":"inat-401876418","inat_id":401876418,"observed_on":"2026-09-20","taxon_id":79141,"name":"black nightshade","sci_name":"Solanum nigrum","iconic_taxon":"Plantae","rank":"species","user":"sarahant","photo":"https://inaturalist-open-data.s3.amazonaws.com/photos/737670550/medium.jpg","url":"https://www.inaturalist.org/observations/401876418"},"geometry":{"type":"Point","coordinates":[-73.9522350912,40.8090231825]}},{"type":"Feature","properties":{"id":"inat-401921704","inat_id":401921704,"observed_on":"2026-09-20","taxon_id":9602,"name":"Common Grackle","sci_name":"Quiscalus quiscula","iconic_taxon":"Aves","rank":"species","user":"lev2937","photo":"https://inaturalist-open-data.s3.amazonaws.com/photos/737759570/medium.jpg","url":"https://www.inaturalist.org/observations/401921704"},"geometry":{"type":"Point","coordinates":[-73.7848120395,40.844173885]}},{"type":"Feature","properties":{"id":"inat-401874364","inat_id":401874364,"observed_on":"2026-09-20","taxon_id":48484,"name":"Asian Lady Beetle","sci_name":"Harmonia axyridis","iconic_taxon":"Insecta","rank":"species","user":"weevilgenius","photo":"https://inaturalist-open-data.s3.amazonaws.com/photos/737665819/medium.jpg","url":"https://www.inaturalist.org/observations/401874364"},"geometry":{"type":"Point","coordinates":[-74.0028685705,40.7391422941]}},{"type":"Feature","properties":{"id":"inat-401872762","inat_id":401872762,"observed_on":"2026-09-20","taxon_id":82342,"name":"Amur honeysuckle","sci_name":"Lonicera maackii","iconic_taxon":"Plantae","rank":"species","user":"science_cartoonist","photo":"https://inaturalist-open-data.s3.amazonaws.com/photos/737662763/medium.jpg","url":"https://www.inaturalist.org/observations/401872762"},"geometry":{"type":"Point","coordinates":[-73.9189897758,40.8696892206]}},{"type":"Feature","properties":{"id":"inat-401882056","inat_id":401882056,"observed_on":"2026-09-20","taxon_id":56832,"name":"Mourning Cloak","sci_name":"Nymphalis antiopa","iconic_taxon":"Insecta","rank":"species","user":"bnyg3","photo":"https://inaturalist-open-data.s3.amazonaws.com/photos/737681631/medium.jpg","url":"https://www.inaturalist.org/observations/401882056"},"geometry":{"type":"Point","coordinates":[-74.0455057899,40.592148701]}},{"type":"Feature","properties":{"id":"inat-401867035","inat_id":401867035,"observed_on":"2026-09-20","taxon_id":122767,"name":"Feral Pigeon","sci_name":"Columba livia domestica","iconic_taxon":"Aves","rank":"variety","user":"weevilgenius","photo":"https://inaturalist-open-data.s3.amazonaws.com/photos/737665755/medium.jpg","url":"https://www.inaturalist.org/observations/401867035"},"geometry":{"type":"Point","coordinates":[-73.9114395119,40.6997311112]}},{"type":"Feature","properties":{"id":"inat-401858060","inat_id":401858060,"observed_on":"2026-09-20","taxon_id":341143,"name":"Central European Bicolored Ant","sci_name":"Lasius emarginatus","iconic_taxon":"Insecta","rank":"species","user":"niemeyej","photo":"https://inaturalist-open-data.s3.amazonaws.com/photos/737634755/medium.jpg","url":"https://www.inaturalist.org/observations/401858060"},"geometry":{"type":"Point","coordinates":[-73.9776783333,40.7457916667]}},{"type":"Feature","properties":{"id":"inat-402310689","inat_id":402310689,"observed_on":"2026-09-20","taxon_id":54834,"name":"black cherry","sci_name":"Prunus serotina","iconic_taxon":"Plantae","rank":"species","user":"screamingpiha","photo":"https://inaturalist-open-data.s3.amazonaws.com/photos/738532988/medium.jpg","url":"https://www.inaturalist.org/observations/402310689"},"geometry":{"type":"Point","coordinates":[-73.9741361111,40.6918055556]}},{"type":"Feature","properties":{"id":"inat-402310657","inat_id":402310657,"observed_on":"2026-09-20","taxon_id":52867,"name":"Sweet Pepperbush","sci_name":"Clethra alnifolia","iconic_taxon":"Plantae","rank":"species","user":"screamingpiha","photo":"https://inaturalist-open-data.s3.amazonaws.com/photos/738532763/medium.jpg","url":"https://www.inaturalist.org/observations/402310657"},"geometry":{"type":"Point","coordinates":[-73.9740666667,40.6916888889]}},{"type":"Feature","properties":{"id":"inat-402310646","inat_id":402310646,"observed_on":"2026-09-20","taxon_id":119048,"name":"white snakeroot","sci_name":"Ageratina altissima","iconic_taxon":"Plantae","rank":"species","user":"screamingpiha","photo":"https://inaturalist-open-data.s3.amazonaws.com/photos/738532595/medium.jpg","url":"https://www.inaturalist.org/observations/402310646"},"geometry":{"type":"Point","coordinates":[-73.9743333333,40.6915777778]}},{"type":"Feature","properties":{"id":"inat-402310644","inat_id":402310644,"observed_on":"2026-09-20","taxon_id":223938,"name":"Liriope","sci_name":"Liriope muscari","iconic_taxon":"Plantae","rank":"species","user":"screamingpiha","photo":"https://inaturalist-open-data.s3.amazonaws.com/photos/738532576/medium.jpg","url":"https://www.inaturalist.org/observations/402310644"},"geometry":{"type":"Point","coordinates":[-73.9743638889,40.6915972222]}},{"type":"Feature","properties":{"id":"inat-402310642","inat_id":402310642,"observed_on":"2026-09-20","taxon_id":58127,"name":"Common Lambsquarters","sci_name":"Chenopodium album","iconic_taxon":"Plantae","rank":"species","user":"screamingpiha","photo":"https://inaturalist-open-data.s3.amazonaws.com/photos/738532542/medium.jpg","url":"https://www.inaturalist.org/observations/402310642"},"geometry":{"type":"Point","coordinates":[-73.9742972222,40.6916611111]}},{"type":"Feature","properties":{"id":"inat-402310635","inat_id":402310635,"observed_on":"2026-09-20","taxon_id":55882,"name":"common ivy","sci_name":"Hedera helix","iconic_taxon":"Plantae","rank":"species","user":"screamingpiha","photo":"https://inaturalist-open-data.s3.amazonaws.com/photos/738532452/medium.jpg","url":"https://www.inaturalist.org/observations/402310635"},"geometry":{"type":"Point","coordinates":[-73.9742888889,40.6917027778]}},{"type":"Feature","properties":{"id":"inat-402310633","inat_id":402310633,"observed_on":"2026-09-20","taxon_id":52867,"name":"Sweet Pepperbush","sci_name":"Clethra alnifolia","iconic_taxon":"Plantae","rank":"species","user":"screamingpiha","photo":"https://inaturalist-open-data.s3.amazonaws.com/photos/738532442/medium.jpg","url":"https://www.inaturalist.org/observations/402310633"},"geometry":{"type":"Point","coordinates":[-73.9742888889,40.6917333333]}},{"type":"Feature","properties":{"id":"inat-402310627","inat_id":402310627,"observed_on":"2026-09-20","taxon_id":55745,"name":"white clover","sci_name":"Trifolium repens","iconic_taxon":"Plantae","rank":"species","user":"screamingpiha","photo":"https://inaturalist-open-data.s3.amazonaws.com/photos/738532409/medium.jpg","url":"https://www.inaturalist.org/observations/402310627"},"geometry":{"type":"Point","coordinates":[-73.974275,40.6916611111]}},{"type":"Feature","properties":{"id":"inat-402310625","inat_id":402310625,"observed_on":"2026-09-20","taxon_id":143803,"name":"low smartweed","sci_name":"Persicaria longiseta","iconic_taxon":"Plantae","rank":"species","user":"screamingpiha","photo":"https://inaturalist-open-data.s3.amazonaws.com/photos/738532392/medium.jpg","url":"https://www.inaturalist.org/observations/402310625"},"geometry":{"type":"Point","coordinates":[-73.9743111111,40.6916083333]}},{"type":"Feature","properties":{"id":"inat-401852943","inat_id":401852943,"observed_on":"2026-09-20","taxon_id":53547,"name":"American elm","sci_name":"Ulmus americana","iconic_taxon":"Plantae","rank":"species","user":"sarahant","photo":"https://inaturalist-open-data.s3.amazonaws.com/photos/737625056/medium.jpg","url":"https://www.inaturalist.org/observations/401852943"},"geometry":{"type":"Point","coordinates":[-73.9499890407,40.8346916009]}},{"type":"Feature","properties":{"id":"inat-401852367","inat_id":401852367,"observed_on":"2026-09-20","taxon_id":56166,"name":"spotted lady's thumb","sci_name":"Persicaria maculosa","iconic_taxon":"Plantae","rank":"species","user":"sarahant","photo":"https://inaturalist-open-data.s3.amazonaws.com/photos/737623773/medium.jpg","url":"https://www.inaturalist.org/observations/401852367"},"geometry":{"type":"Point","coordinates":[-73.9500775769,40.8346096259]}},{"type":"Feature","properties":{"id":"inat-401852287","inat_id":401852287,"observed_on":"2026-09-20","taxon_id":57920,"name":"rough cocklebur","sci_name":"Xanthium strumarium","iconic_taxon":"Plantae","rank":"species","user":"sarahant","photo":"https://inaturalist-open-data.s3.amazonaws.com/photos/737623607/medium.jpg","url":"https://www.inaturalist.org/observations/401852287"},"geometry":{"type":"Point","coordinates":[-73.9500607106,40.8345897007]}},{"type":"Feature","properties":{"id":"inat-401852211","inat_id":401852211,"observed_on":"2026-09-20","taxon_id":57356,"name":"false indigo bush","sci_name":"Amorpha fruticosa","iconic_taxon":"Plantae","rank":"species","user":"sarahant","photo":"https://inaturalist-open-data.s3.amazonaws.com/photos/737623415/medium.jpg","url":"https://www.inaturalist.org/observations/401852211"},"geometry":{"type":"Point","coordinates":[-73.9500516901,40.8346068784]}},{"type":"Feature","properties":{"id":"inat-401849439","inat_id":401849439,"observed_on":"2026-09-20","taxon_id":914922,"name":"Japanese knotweed","sci_name":"Reynoutria japonica","iconic_taxon":"Plantae","rank":"species","user":"sarahant","photo":"https://inaturalist-open-data.s3.amazonaws.com/photos/737618330/medium.jpg","url":"https://www.inaturalist.org/observations/401849439"},"geometry":{"type":"Point","coordinates":[-73.9557675701,40.8241987548]}},{"type":"Feature","properties":{"id":"inat-401849057","inat_id":401849057,"observed_on":"2026-09-20","taxon_id":52927,"name":"Asiatic dayflower","sci_name":"Commelina communis","iconic_taxon":"Plantae","rank":"species","user":"sarahant","photo":"https://inaturalist-open-data.s3.amazonaws.com/photos/737617424/medium.jpg","url":"https://www.inaturalist.org/observations/401849057"},"geometry":{"type":"Point","coordinates":[-73.955819225,40.8241572297]}},{"type":"Feature","properties":{"id":"inat-401848511","inat_id":401848511,"observed_on":"2026-09-20","taxon_id":52856,"name":"common mugwort","sci_name":"Artemisia vulgaris","iconic_taxon":"Plantae","rank":"species","user":"sarahant","photo":"https://inaturalist-open-data.s3.amazonaws.com/photos/737616335/medium.jpg","url":"https://www.inaturalist.org/observations/401848511"},"geometry":{"type":"Point","coordinates":[-73.9571214538,40.8228191182]}},{"type":"Feature","properties":{"id":"inat-401848214","inat_id":401848214,"observed_on":"2026-09-20","taxon_id":55620,"name":"bittersweet nightshade","sci_name":"Solanum dulcamara","iconic_taxon":"Plantae","rank":"species","user":"sarahant","photo":"https://inaturalist-open-data.s3.amazonaws.com/photos/737615718/medium.jpg","url":"https://www.inaturalist.org/observations/401848214"},"geometry":{"type":"Point","coordinates":[-73.9570937911,40.8227908887]}},{"type":"Feature","properties":{"id":"inat-401847825","inat_id":401847825,"observed_on":"2026-09-20","taxon_id":119048,"name":"white snakeroot","sci_name":"Ageratina altissima","iconic_taxon":"Plantae","rank":"species","user":"sarahant","photo":"https://inaturalist-open-data.s3.amazonaws.com/photos/737615101/medium.jpg","url":"https://www.inaturalist.org/observations/401847825"},"geometry":{"type":"Point","coordinates":[-73.9571485072,40.8226932027]}},{"type":"Feature","properties":{"id":"inat-401847557","inat_id":401847557,"observed_on":"2026-09-20","taxon_id":56088,"name":"black locust","sci_name":"Robinia pseudoacacia","iconic_taxon":"Plantae","rank":"species","user":"sarahant","photo":"https://inaturalist-open-data.s3.amazonaws.com/photos/737614857/medium.jpg","url":"https://www.inaturalist.org/observations/401847557"},"geometry":{"type":"Point","coordinates":[-73.9571608303,40.8226389143]}},{"type":"Feature","properties":{"id":"inat-401872533","inat_id":401872533,"observed_on":"2026-09-20","taxon_id":1188207,"name":"Northern Yellow Warbler","sci_name":"Setophaga aestiva","iconic_taxon":"Aves","rank":"species","user":"byjoetrezza","photo":"https://static.inaturalist.org/photos/737662256/medium.jpg","url":"https://www.inaturalist.org/observations/401872533"},"geometry":{"type":"Point","coordinates":[-73.9916570666,40.6518398783]}},{"type":"Feature","properties":{"id":"inat-401835478","inat_id":401835478,"observed_on":"2026-09-20","taxon_id":4956,"name":"Great Blue Heron","sci_name":"Ardea herodias","iconic_taxon":"Aves","rank":"species","user":"nonavianry","photo":"https://inaturalist-open-data.s3.amazonaws.com/photos/737591146/medium.jpg","url":"https://www.inaturalist.org/observations/401835478"},"geometry":{"type":"Point","coordinates":[-73.9610436517,40.7944322421]}},{"type":"Feature","properties":{"id":"inat-401835444","inat_id":401835444,"observed_on":"2026-09-20","taxon_id":54518,"name":"Common Duckweed","sci_name":"Lemna minor","iconic_taxon":"Plantae","rank":"species","user":"nonavianry","photo":"https://inaturalist-open-data.s3.amazonaws.com/photos/737591048/medium.jpg","url":"https://www.inaturalist.org/observations/401835444"},"geometry":{"type":"Point","coordinates":[-73.9601164958,40.7945666911]}},{"type":"Feature","properties":{"id":"inat-401835398","inat_id":401835398,"observed_on":"2026-09-20","taxon_id":4956,"name":"Great Blue Heron","sci_name":"Ardea herodias","iconic_taxon":"Aves","rank":"species","user":"nonavianry","photo":"https://inaturalist-open-data.s3.amazonaws.com/photos/737590986/medium.jpg","url":"https://www.inaturalist.org/observations/401835398"},"geometry":{"type":"Point","coordinates":[-73.9573727735,40.7944169222]}},{"type":"Feature","properties":{"id":"inat-401873069","inat_id":401873069,"observed_on":"2026-09-20","taxon_id":16100,"name":"Eastern Wood-Pewee","sci_name":"Contopus virens","iconic_taxon":"Aves","rank":"species","user":"byjoetrezza","photo":"https://static.inaturalist.org/photos/737663196/medium.jpg","url":"https://www.inaturalist.org/observations/401873069"},"geometry":{"type":"Point","coordinates":[-73.9877165035,40.6553193229]}},{"type":"Feature","properties":{"id":"inat-401872786","inat_id":401872786,"observed_on":"2026-09-20","taxon_id":145242,"name":"Palm Warbler","sci_name":"Setophaga palmarum","iconic_taxon":"Aves","rank":"species","user":"byjoetrezza","photo":"https://static.inaturalist.org/photos/737662758/medium.jpg","url":"https://www.inaturalist.org/observations/401872786"},"geometry":{"type":"Point","coordinates":[-73.9914759659,40.6545309122]}},{"type":"Feature","properties":{"id":"inat-402071857","inat_id":402071857,"observed_on":"2026-09-19","taxon_id":324726,"name":"Spotted Lanternfly","sci_name":"Lycorma delicatula","iconic_taxon":"Insecta","rank":"species","user":"jholmes","photo":"https://inaturalist-open-data.s3.amazonaws.com/photos/738066481/medium.jpg","url":"https://www.inaturalist.org/observations/402071857"},"geometry":{"type":"Point","coordinates":[-73.9480366667,40.8302]}},{"type":"Feature","properties":{"id":"inat-401733038","inat_id":401733038,"observed_on":"2026-09-19","taxon_id":142783,"name":"Long-necked Seed Bug","sci_name":"Myodocha serripes","iconic_taxon":"Insecta","rank":"species","user":"chesterl2","photo":"https://inaturalist-open-data.s3.amazonaws.com/photos/737384971/medium.jpg","url":"https://www.inaturalist.org/observations/401733038"},"geometry":{"type":"Point","coordinates":[-73.7418583507,40.7574077508]}},{"type":"Feature","properties":{"id":"inat-402066225","inat_id":402066225,"observed_on":"2026-09-19","taxon_id":126640,"name":"Forage Looper Moth","sci_name":"Caenurgina erechtea","iconic_taxon":"Insecta","rank":"species","user":"jmacmetro","photo":"https://inaturalist-open-data.s3.amazonaws.com/photos/738054381/medium.jpg","url":"https://www.inaturalist.org/observations/402066225"},"geometry":{"type":"Point","coordinates":[-74.0052255461,40.8636125817]}},{"type":"Feature","properties":{"id":"inat-401726315","inat_id":401726315,"observed_on":"2026-09-19","taxon_id":62470,"name":"Leopard Slug","sci_name":"Limax maximus","iconic_taxon":"Mollusca","rank":"species","user":"snowleopardgirl","photo":"https://inaturalist-open-data.s3.amazonaws.com/photos/737368979/medium.jpg","url":"https://www.inaturalist.org/observations/401726315"},"geometry":{"type":"Point","coordinates":[-73.72409132,40.6019536403]}},{"type":"Feature","properties":{"id":"inat-402241093","inat_id":402241093,"observed_on":"2026-09-19","taxon_id":10431,"name":"Connecticut Warbler","sci_name":"Oporornis agilis","iconic_taxon":"Aves","rank":"species","user":"birb777","photo":"https://inaturalist-open-data.s3.amazonaws.com/photos/738396625/medium.jpg","url":"https://www.inaturalist.org/observations/402241093"},"geometry":{"type":"Point","coordinates":[-73.9963161072,40.6553764066]}},{"type":"Feature","properties":{"id":"inat-402238489","inat_id":402238489,"observed_on":"2026-09-19","taxon_id":145258,"name":"Black-throated Green Warbler","sci_name":"Setophaga virens","iconic_taxon":"Aves","rank":"species","user":"birb777","photo":"https://inaturalist-open-data.s3.amazonaws.com/photos/738391568/medium.jpg","url":"https://www.inaturalist.org/observations/402238489"},"geometry":{"type":"Point","coordinates":[-73.9964888846,40.6551118314]}},{"type":"Feature","properties":{"id":"inat-401762795","inat_id":401762795,"observed_on":"2026-09-19","taxon_id":119792,"name":"princess tree","sci_name":"Paulownia tomentosa","iconic_taxon":"Plantae","rank":"species","user":"yamsammich","photo":"https://inaturalist-open-data.s3.amazonaws.com/photos/737447181/medium.jpg","url":"https://www.inaturalist.org/observations/401762795"},"geometry":{"type":"Point","coordinates":[-73.92077,40.7083866667]}},{"type":"Feature","properties":{"id":"inat-401690505","inat_id":401690505,"observed_on":"2026-09-19","taxon_id":58127,"name":"Common Lambsquarters","sci_name":"Chenopodium album","iconic_taxon":"Plantae","rank":"species","user":"jenew","photo":"https://inaturalist-open-data.s3.amazonaws.com/photos/737298449/medium.jpg","url":"https://www.inaturalist.org/observations/401690505"},"geometry":{"type":"Point","coordinates":[-73.8913269043,40.8915634155]}},{"type":"Feature","properties":{"id":"inat-401680317","inat_id":401680317,"observed_on":"2026-09-19","taxon_id":51110,"name":"Eastern Carpenter Bee","sci_name":"Xylocopa virginica","iconic_taxon":"Insecta","rank":"species","user":"alimariematthews","photo":"https://inaturalist-open-data.s3.amazonaws.com/photos/737277822/medium.jpg","url":"https://www.inaturalist.org/observations/401680317"},"geometry":{"type":"Point","coordinates":[-73.996520551,40.6560710068]}},{"type":"Feature","properties":{"id":"inat-401850986","inat_id":401850986,"observed_on":"2026-09-19","taxon_id":474149,"name":"Toadlike Bolas Spider","sci_name":"Mastophora phrynosoma","iconic_taxon":"Arachnida","rank":"species","user":"zitserm","photo":"https://static.inaturalist.org/photos/737621171/medium.jpg","url":"https://www.inaturalist.org/observations/401850986"},"geometry":{"type":"Point","coordinates":[-73.7526424737,40.673197921]}},{"type":"Feature","properties":{"id":"inat-401680275","inat_id":401680275,"observed_on":"2026-09-19","taxon_id":9083,"name":"Northern Cardinal","sci_name":"Cardinalis cardinalis","iconic_taxon":"Aves","rank":"species","user":"haseebw","photo":"https://inaturalist-open-data.s3.amazonaws.com/photos/738290232/medium.jpg","url":"https://www.inaturalist.org/observations/401680275"},"geometry":{"type":"Point","coordinates":[-74.01469445,40.7019916667]}},{"type":"Feature","properties":{"id":"inat-401679952","inat_id":401679952,"observed_on":"2026-09-19","taxon_id":62776,"name":"autumn clematis","sci_name":"Clematis terniflora","iconic_taxon":"Plantae","rank":"species","user":"jenew","photo":"https://inaturalist-open-data.s3.amazonaws.com/photos/737276989/medium.jpg","url":"https://www.inaturalist.org/observations/401679952"},"geometry":{"type":"Point","coordinates":[-73.8896026611,40.8923683167]}},{"type":"Feature","properties":{"id":"inat-401678176","inat_id":401678176,"observed_on":"2026-09-19","taxon_id":129278,"name":"white vervain","sci_name":"Verbena urticifolia","iconic_taxon":"Plantae","rank":"species","user":"jenew","photo":"https://inaturalist-open-data.s3.amazonaws.com/photos/737273546/medium.jpg","url":"https://www.inaturalist.org/observations/401678176"},"geometry":{"type":"Point","coordinates":[-73.8935470581,40.8914375305]}},{"type":"Feature","properties":{"id":"inat-401738909","inat_id":401738909,"observed_on":"2026-09-19","taxon_id":350821,"name":"Ganoderma sessile","sci_name":"Ganoderma sessile","iconic_taxon":"Fungi","rank":"species","user":"irag","photo":"https://inaturalist-open-data.s3.amazonaws.com/photos/737397304/medium.jpg","url":"https://www.inaturalist.org/observations/401738909"},"geometry":{"type":"Point","coordinates":[-73.962321,40.802404]}},{"type":"Feature","properties":{"id":"inat-401800213","inat_id":401800213,"observed_on":"2026-09-19","taxon_id":68142,"name":"American Winter Ant","sci_name":"Prenolepis imparis","iconic_taxon":"Insecta","rank":"species","user":"beniiiii","photo":"https://inaturalist-open-data.s3.amazonaws.com/photos/737503660/medium.jpg","url":"https://www.inaturalist.org/observations/401800213"},"geometry":{"type":"Point","coordinates":[-73.8908253212,40.8903661218]}},{"type":"Feature","properties":{"id":"inat-401800212","inat_id":401800212,"observed_on":"2026-09-19","taxon_id":68142,"name":"American Winter Ant","sci_name":"Prenolepis imparis","iconic_taxon":"Insecta","rank":"species","user":"beniiiii","photo":"https://inaturalist-open-data.s3.amazonaws.com/photos/737503654/medium.jpg","url":"https://www.inaturalist.org/observations/401800212"},"geometry":{"type":"Point","coordinates":[-73.8908199568,40.8903620665]}},{"type":"Feature","properties":{"id":"inat-401800209","inat_id":401800209,"observed_on":"2026-09-19","taxon_id":68142,"name":"American Winter Ant","sci_name":"Prenolepis imparis","iconic_taxon":"Insecta","rank":"species","user":"beniiiii","photo":"https://inaturalist-open-data.s3.amazonaws.com/photos/737503621/medium.jpg","url":"https://www.inaturalist.org/observations/401800209"},"geometry":{"type":"Point","coordinates":[-73.890809441,40.8903701771]}},{"type":"Feature","properties":{"id":"inat-401738908","inat_id":401738908,"observed_on":"2026-09-19","taxon_id":350821,"name":"Ganoderma sessile","sci_name":"Ganoderma sessile","iconic_taxon":"Fungi","rank":"species","user":"irag","photo":"https://inaturalist-open-data.s3.amazonaws.com/photos/737397303/medium.jpg","url":"https://www.inaturalist.org/observations/401738908"},"geometry":{"type":"Point","coordinates":[-73.9626489722,40.8024089722]}},{"type":"Feature","properties":{"id":"inat-401738907","inat_id":401738907,"observed_on":"2026-09-19","taxon_id":350821,"name":"Ganoderma sessile","sci_name":"Ganoderma sessile","iconic_taxon":"Fungi","rank":"species","user":"irag","photo":"https://inaturalist-open-data.s3.amazonaws.com/photos/737397302/medium.jpg","url":"https://www.inaturalist.org/observations/401738907"},"geometry":{"type":"Point","coordinates":[-73.9626489722,40.8024089722]}},{"type":"Feature","properties":{"id":"inat-401851330","inat_id":401851330,"observed_on":"2026-09-19","taxon_id":83456,"name":"swamp loosestrife","sci_name":"Decodon verticillatus","iconic_taxon":"Plantae","rank":"species","user":"zitserm","photo":"https://static.inaturalist.org/photos/737621876/medium.jpg","url":"https://www.inaturalist.org/observations/401851330"},"geometry":{"type":"Point","coordinates":[-73.7529520075,40.7316871295]}},{"type":"Feature","properties":{"id":"inat-401676150","inat_id":401676150,"observed_on":"2026-09-19","taxon_id":119048,"name":"white snakeroot","sci_name":"Ageratina altissima","iconic_taxon":"Plantae","rank":"species","user":"jenew","photo":"https://inaturalist-open-data.s3.amazonaws.com/photos/737269070/medium.jpg","url":"https://www.inaturalist.org/observations/401676150"},"geometry":{"type":"Point","coordinates":[-73.8921356201,40.8890914917]}},{"type":"Feature","properties":{"id":"inat-401704841","inat_id":401704841,"observed_on":"2026-09-19","taxon_id":146717,"name":"silverrod","sci_name":"Solidago bicolor","iconic_taxon":"Plantae","rank":"species","user":"noelhefele","photo":"https://inaturalist-open-data.s3.amazonaws.com/photos/737327447/medium.jpg","url":"https://www.inaturalist.org/observations/401704841"},"geometry":{"type":"Point","coordinates":[-73.8909812032,40.8903232083]}},{"type":"Feature","properties":{"id":"inat-401800196","inat_id":401800196,"observed_on":"2026-09-19","taxon_id":68142,"name":"American Winter Ant","sci_name":"Prenolepis imparis","iconic_taxon":"Insecta","rank":"species","user":"beniiiii","photo":"https://inaturalist-open-data.s3.amazonaws.com/photos/737503521/medium.jpg","url":"https://www.inaturalist.org/observations/401800196"},"geometry":{"type":"Point","coordinates":[-73.8908038635,40.8903661218]}},{"type":"Feature","properties":{"id":"inat-401800189","inat_id":401800189,"observed_on":"2026-09-19","taxon_id":68142,"name":"American Winter Ant","sci_name":"Prenolepis imparis","iconic_taxon":"Insecta","rank":"species","user":"beniiiii","photo":"https://inaturalist-open-data.s3.amazonaws.com/photos/737503513/medium.jpg","url":"https://www.inaturalist.org/observations/401800189"},"geometry":{"type":"Point","coordinates":[-73.8908219459,40.8903459594]}},{"type":"Feature","properties":{"id":"inat-402239799","inat_id":402239799,"observed_on":"2026-09-19","taxon_id":199916,"name":"Black-throated Blue Warbler","sci_name":"Setophaga caerulescens","iconic_taxon":"Aves","rank":"species","user":"birb777","photo":"https://inaturalist-open-data.s3.amazonaws.com/photos/738394772/medium.jpg","url":"https://www.inaturalist.org/observations/402239799"},"geometry":{"type":"Point","coordinates":[-73.9961046112,40.6554482035]}},{"type":"Feature","properties":{"id":"inat-401671775","inat_id":401671775,"observed_on":"2026-09-19","taxon_id":65979,"name":"American Bullfrog","sci_name":"Lithobates catesbeianus","iconic_taxon":"Amphibia","rank":"species","user":"fullingmill","photo":"https://inaturalist-open-data.s3.amazonaws.com/photos/737663099/medium.jpg","url":"https://www.inaturalist.org/observations/401671775"},"geometry":{"type":"Point","coordinates":[-73.9686883333,40.7655616667]}},{"type":"Feature","properties":{"id":"inat-402239437","inat_id":402239437,"observed_on":"2026-09-19","taxon_id":10286,"name":"Black-and-white Warbler","sci_name":"Mniotilta varia","iconic_taxon":"Aves","rank":"species","user":"birb777","photo":"https://inaturalist-open-data.s3.amazonaws.com/photos/738393274/medium.jpg","url":"https://www.inaturalist.org/observations/402239437"},"geometry":{"type":"Point","coordinates":[-73.9965057367,40.6568350303]}},{"type":"Feature","properties":{"id":"inat-401670543","inat_id":401670543,"observed_on":"2026-09-19","taxon_id":169900,"name":"Water caltrop","sci_name":"Trapa natans","iconic_taxon":"Plantae","rank":"species","user":"acarcione","photo":"https://inaturalist-open-data.s3.amazonaws.com/photos/737259096/medium.jpg","url":"https://www.inaturalist.org/observations/401670543"},"geometry":{"type":"Point","coordinates":[-73.841017725,40.5772507834]}},{"type":"Feature","properties":{"id":"inat-401682888","inat_id":401682888,"observed_on":"2026-09-19","taxon_id":10286,"name":"Black-and-white Warbler","sci_name":"Mniotilta varia","iconic_taxon":"Aves","rank":"species","user":"krdandrea","photo":"https://inaturalist-open-data.s3.amazonaws.com/photos/740219320/medium.jpg","url":"https://www.inaturalist.org/observations/401682888"},"geometry":{"type":"Point","coordinates":[-73.9805916667,40.7683633333]}},{"type":"Feature","properties":{"id":"inat-401677145","inat_id":401677145,"observed_on":"2026-09-19","taxon_id":10247,"name":"American Redstart","sci_name":"Setophaga ruticilla","iconic_taxon":"Aves","rank":"species","user":"michelecaracapp","photo":"https://inaturalist-open-data.s3.amazonaws.com/photos/737271108/medium.jpg","url":"https://www.inaturalist.org/observations/401677145"},"geometry":{"type":"Point","coordinates":[-73.9618083333,40.7948333333]}},{"type":"Feature","properties":{"id":"inat-401669578","inat_id":401669578,"observed_on":"2026-09-19","taxon_id":145240,"name":"Blackpoll Warbler","sci_name":"Setophaga striata","iconic_taxon":"Aves","rank":"species","user":"graywyatt","photo":"https://inaturalist-open-data.s3.amazonaws.com/photos/737266642/medium.jpg","url":"https://www.inaturalist.org/observations/401669578"},"geometry":{"type":"Point","coordinates":[-73.965995,40.6588633333]}},{"type":"Feature","properties":{"id":"inat-401668783","inat_id":401668783,"observed_on":"2026-09-19","taxon_id":1454382,"name":"Double-crested Cormorant","sci_name":"Nannopterum auritum","iconic_taxon":"Aves","rank":"species","user":"rjhawk","photo":"https://inaturalist-open-data.s3.amazonaws.com/photos/737255322/medium.jpg","url":"https://www.inaturalist.org/observations/401668783"},"geometry":{"type":"Point","coordinates":[-73.8382116667,40.752995]}},{"type":"Feature","properties":{"id":"inat-401750939","inat_id":401750939,"observed_on":"2026-09-19","taxon_id":51062,"name":"Solomon's plume","sci_name":"Maianthemum racemosum","iconic_taxon":"Plantae","rank":"species","user":"cailinloesch","photo":"https://inaturalist-open-data.s3.amazonaws.com/photos/737421943/medium.jpg","url":"https://www.inaturalist.org/observations/401750939"},"geometry":{"type":"Point","coordinates":[-73.8901010749,40.8914217613]}},{"type":"Feature","properties":{"id":"inat-401727577","inat_id":401727577,"observed_on":"2026-09-19","taxon_id":118968,"name":"Oblique Streaktail","sci_name":"Allograpta obliqua","iconic_taxon":"Insecta","rank":"species","user":"emfras","photo":"https://inaturalist-open-data.s3.amazonaws.com/photos/737374494/medium.jpg","url":"https://www.inaturalist.org/observations/401727577"},"geometry":{"type":"Point","coordinates":[-74.0166048263,40.7123290333]}},{"type":"Feature","properties":{"id":"inat-401667283","inat_id":401667283,"observed_on":"2026-09-19","taxon_id":127685,"name":"White Wood Aster","sci_name":"Eurybia divaricata","iconic_taxon":"Plantae","rank":"species","user":"cailinloesch","photo":"https://inaturalist-open-data.s3.amazonaws.com/photos/737252887/medium.jpg","url":"https://www.inaturalist.org/observations/401667283"},"geometry":{"type":"Point","coordinates":[-73.889992369,40.8915707167]}},{"type":"Feature","properties":{"id":"inat-401724677","inat_id":401724677,"observed_on":"2026-09-19","taxon_id":133280,"name":"Versute Sharpshooter","sci_name":"Graphocephala versuta","iconic_taxon":"Insecta","rank":"species","user":"emfras","photo":"https://inaturalist-open-data.s3.amazonaws.com/photos/737367372/medium.jpg","url":"https://www.inaturalist.org/observations/401724677"},"geometry":{"type":"Point","coordinates":[-74.0166048263,40.7123290333]}},{"type":"Feature","properties":{"id":"inat-401724458","inat_id":401724458,"observed_on":"2026-09-19","taxon_id":48484,"name":"Asian Lady Beetle","sci_name":"Harmonia axyridis","iconic_taxon":"Insecta","rank":"species","user":"emfras","photo":"https://inaturalist-open-data.s3.amazonaws.com/photos/737366893/medium.jpg","url":"https://www.inaturalist.org/observations/401724458"},"geometry":{"type":"Point","coordinates":[-74.0166048263,40.7123290333]}},{"type":"Feature","properties":{"id":"inat-402054952","inat_id":402054952,"observed_on":"2026-09-19","taxon_id":1271693,"name":"Burnt-orange Bolete","sci_name":"Tylopilus balloui","iconic_taxon":"Fungi","rank":"species","user":"sea_lemon","photo":"https://inaturalist-open-data.s3.amazonaws.com/photos/738029983/medium.jpg","url":"https://www.inaturalist.org/observations/402054952"},"geometry":{"type":"Point","coordinates":[-73.8546938408,40.6993349491]}},{"type":"Feature","properties":{"id":"inat-401723789","inat_id":401723789,"observed_on":"2026-09-19","taxon_id":48484,"name":"Asian Lady Beetle","sci_name":"Harmonia axyridis","iconic_taxon":"Insecta","rank":"species","user":"emfras","photo":"https://inaturalist-open-data.s3.amazonaws.com/photos/737365533/medium.jpg","url":"https://www.inaturalist.org/observations/401723789"},"geometry":{"type":"Point","coordinates":[-74.0166048263,40.7123290333]}},{"type":"Feature","properties":{"id":"inat-401704814","inat_id":401704814,"observed_on":"2026-09-19","taxon_id":142979,"name":"New York ironweed","sci_name":"Vernonia noveboracensis","iconic_taxon":"Plantae","rank":"species","user":"noelhefele","photo":"https://inaturalist-open-data.s3.amazonaws.com/photos/737327384/medium.jpg","url":"https://www.inaturalist.org/observations/401704814"},"geometry":{"type":"Point","coordinates":[-73.8950813713,40.8904682435]}},{"type":"Feature","properties":{"id":"inat-401666866","inat_id":401666866,"observed_on":"2026-09-19","taxon_id":13858,"name":"House Sparrow","sci_name":"Passer domesticus","iconic_taxon":"Aves","rank":"species","user":"tracy_yu","photo":"https://inaturalist-open-data.s3.amazonaws.com/photos/737252067/medium.jpg","url":"https://www.inaturalist.org/observations/401666866"},"geometry":{"type":"Point","coordinates":[-73.9944139746,40.7027346928]}},{"type":"Feature","properties":{"id":"inat-401666784","inat_id":401666784,"observed_on":"2026-09-19","taxon_id":145249,"name":"Prairie Warbler","sci_name":"Setophaga discolor","iconic_taxon":"Aves","rank":"species","user":"fullingmill","photo":"https://inaturalist-open-data.s3.amazonaws.com/photos/737251876/medium.jpg","url":"https://www.inaturalist.org/observations/401666784"},"geometry":{"type":"Point","coordinates":[-73.96968,40.7660116667]}},{"type":"Feature","properties":{"id":"inat-401750914","inat_id":401750914,"observed_on":"2026-09-19","taxon_id":1145488,"name":"Cracked Cap Polypore","sci_name":"Fulvifomes robiniae","iconic_taxon":"Fungi","rank":"species","user":"cailinloesch","photo":"https://inaturalist-open-data.s3.amazonaws.com/photos/737421850/medium.jpg","url":"https://www.inaturalist.org/observations/401750914"},"geometry":{"type":"Point","coordinates":[-73.8904280375,40.8926040197]}},{"type":"Feature","properties":{"id":"inat-402170063","inat_id":402170063,"observed_on":"2026-09-19","taxon_id":52763,"name":"buttonbush","sci_name":"Cephalanthus occidentalis","iconic_taxon":"Plantae","rank":"species","user":"lowellnoel","photo":"https://inaturalist-open-data.s3.amazonaws.com/photos/738259853/medium.jpg","url":"https://www.inaturalist.org/observations/402170063"},"geometry":{"type":"Point","coordinates":[-73.9726033333,40.7754033333]}},{"type":"Feature","properties":{"id":"inat-401668096","inat_id":401668096,"observed_on":"2026-09-19","taxon_id":119791,"name":"sycamore maple","sci_name":"Acer pseudoplatanus","iconic_taxon":"Plantae","rank":"species","user":"qtrees","photo":"https://inaturalist-open-data.s3.amazonaws.com/photos/737254203/medium.jpg","url":"https://www.inaturalist.org/observations/401668096"},"geometry":{"type":"Point","coordinates":[-73.9300359408,40.8633257789]}},{"type":"Feature","properties":{"id":"inat-402299440","inat_id":402299440,"observed_on":"2026-09-19","taxon_id":603361,"name":"Clover Powdery Mildew","sci_name":"Erysiphe trifoliorum","iconic_taxon":"Fungi","rank":"species","user":"markarron","photo":"https://inaturalist-open-data.s3.amazonaws.com/photos/738511578/medium.jpg","url":"https://www.inaturalist.org/observations/402299440"},"geometry":{"type":"Point","coordinates":[-73.9924339392,40.825483189]}},{"type":"Feature","properties":{"id":"inat-402170083","inat_id":402170083,"observed_on":"2026-09-19","taxon_id":143803,"name":"low smartweed","sci_name":"Persicaria longiseta","iconic_taxon":"Plantae","rank":"species","user":"lowellnoel","photo":"https://inaturalist-open-data.s3.amazonaws.com/photos/738259908/medium.jpg","url":"https://www.inaturalist.org/observations/402170083"},"geometry":{"type":"Point","coordinates":[-73.9722366667,40.775425]}},{"type":"Feature","properties":{"id":"inat-402170128","inat_id":402170128,"observed_on":"2026-09-19","taxon_id":47888,"name":"common jewelweed","sci_name":"Impatiens capensis","iconic_taxon":"Plantae","rank":"species","user":"lowellnoel","photo":"https://inaturalist-open-data.s3.amazonaws.com/photos/738260010/medium.jpg","url":"https://www.inaturalist.org/observations/402170128"},"geometry":{"type":"Point","coordinates":[-73.9722283333,40.7754283333]}},{"type":"Feature","properties":{"id":"inat-401745437","inat_id":401745437,"observed_on":"2026-09-19","taxon_id":118967,"name":"Twenty-spotted Lady Beetle","sci_name":"Psyllobora vigintimaculata","iconic_taxon":"Insecta","rank":"species","user":"johnsbarelyhome","photo":"https://inaturalist-open-data.s3.amazonaws.com/photos/737409940/medium.jpg","url":"https://www.inaturalist.org/observations/401745437"},"geometry":{"type":"Point","coordinates":[-73.7682033333,40.7682083333]}},{"type":"Feature","properties":{"id":"inat-401713370","inat_id":401713370,"observed_on":"2026-09-19","taxon_id":56083,"name":"Common Pill Woodlouse","sci_name":"Armadillidium vulgare","iconic_taxon":"Animalia","rank":"species","user":"emfras","photo":"https://inaturalist-open-data.s3.amazonaws.com/photos/737347209/medium.jpg","url":"https://www.inaturalist.org/observations/401713370"},"geometry":{"type":"Point","coordinates":[-74.0166048263,40.7123290333]}},{"type":"Feature","properties":{"id":"inat-401662032","inat_id":401662032,"observed_on":"2026-09-19","taxon_id":5212,"name":"Red-tailed Hawk","sci_name":"Buteo jamaicensis","iconic_taxon":"Aves","rank":"species","user":"michelecaracapp","photo":"https://inaturalist-open-data.s3.amazonaws.com/photos/737241833/medium.jpg","url":"https://www.inaturalist.org/observations/401662032"},"geometry":{"type":"Point","coordinates":[-73.959275,40.7982166667]}},{"type":"Feature","properties":{"id":"inat-401661559","inat_id":401661559,"observed_on":"2026-09-19","taxon_id":53713,"name":"chicken of the woods","sci_name":"Laetiporus sulphureus","iconic_taxon":"Fungi","rank":"species","user":"cailinloesch","photo":"https://inaturalist-open-data.s3.amazonaws.com/photos/737240806/medium.jpg","url":"https://www.inaturalist.org/observations/401661559"},"geometry":{"type":"Point","coordinates":[-73.8919569903,40.894138742]}},{"type":"Feature","properties":{"id":"inat-401850912","inat_id":401850912,"observed_on":"2026-09-19","taxon_id":120005,"name":"bluestem goldenrod","sci_name":"Solidago caesia","iconic_taxon":"Plantae","rank":"species","user":"zitserm","photo":"https://static.inaturalist.org/photos/737620962/medium.jpg","url":"https://www.inaturalist.org/observations/401850912"},"geometry":{"type":"Point","coordinates":[-73.7104433488,40.7707161313]}},{"type":"Feature","properties":{"id":"inat-402312921","inat_id":402312921,"observed_on":"2026-09-19","taxon_id":10247,"name":"American Redstart","sci_name":"Setophaga ruticilla","iconic_taxon":"Aves","rank":"species","user":"devadans","photo":"https://inaturalist-open-data.s3.amazonaws.com/photos/738538566/medium.jpg","url":"https://www.inaturalist.org/observations/402312921"},"geometry":{"type":"Point","coordinates":[-73.9574407,40.7275889]}},{"type":"Feature","properties":{"id":"inat-401666937","inat_id":401666937,"observed_on":"2026-09-19","taxon_id":119792,"name":"princess tree","sci_name":"Paulownia tomentosa","iconic_taxon":"Plantae","rank":"species","user":"fullingmill","photo":"https://inaturalist-open-data.s3.amazonaws.com/photos/737252233/medium.jpg","url":"https://www.inaturalist.org/observations/401666937"},"geometry":{"type":"Point","coordinates":[-73.9717866667,40.7689333333]}},{"type":"Feature","properties":{"id":"inat-402724720","inat_id":402724720,"observed_on":"2026-09-19","taxon_id":119048,"name":"white snakeroot","sci_name":"Ageratina altissima","iconic_taxon":"Plantae","rank":"species","user":"jc2019","photo":"https://inaturalist-open-data.s3.amazonaws.com/photos/739348678/medium.jpg","url":"https://www.inaturalist.org/observations/402724720"},"geometry":{"type":"Point","coordinates":[-74.0259028333,40.68622]}},{"type":"Feature","properties":{"id":"inat-401896331","inat_id":401896331,"observed_on":"2026-09-19","taxon_id":53744,"name":"Summer Flounder","sci_name":"Paralichthys dentatus","iconic_taxon":"Actinopterygii","rank":"species","user":"christianlui","photo":"https://inaturalist-open-data.s3.amazonaws.com/photos/737707972/medium.jpg","url":"https://www.inaturalist.org/observations/401896331"},"geometry":{"type":"Point","coordinates":[-73.7669216667,40.779945]}},{"type":"Feature","properties":{"id":"inat-401708152","inat_id":401708152,"observed_on":"2026-09-19","taxon_id":48484,"name":"Asian Lady Beetle","sci_name":"Harmonia axyridis","iconic_taxon":"Insecta","rank":"species","user":"emfras","photo":"https://inaturalist-open-data.s3.amazonaws.com/photos/737336725/medium.jpg","url":"https://www.inaturalist.org/observations/401708152"},"geometry":{"type":"Point","coordinates":[-74.0166048263,40.7123290333]}},{"type":"Feature","properties":{"id":"inat-401707928","inat_id":401707928,"observed_on":"2026-09-19","taxon_id":48484,"name":"Asian Lady Beetle","sci_name":"Harmonia axyridis","iconic_taxon":"Insecta","rank":"species","user":"emfras","photo":"https://inaturalist-open-data.s3.amazonaws.com/photos/737336781/medium.jpg","url":"https://www.inaturalist.org/observations/401707928"},"geometry":{"type":"Point","coordinates":[-74.0166048263,40.7123290333]}},{"type":"Feature","properties":{"id":"inat-401707153","inat_id":401707153,"observed_on":"2026-09-19","taxon_id":48484,"name":"Asian Lady Beetle","sci_name":"Harmonia axyridis","iconic_taxon":"Insecta","rank":"species","user":"emfras","photo":"https://inaturalist-open-data.s3.amazonaws.com/photos/737332331/medium.jpg","url":"https://www.inaturalist.org/observations/401707153"},"geometry":{"type":"Point","coordinates":[-74.0166048263,40.7123290333]}},{"type":"Feature","properties":{"id":"inat-401662711","inat_id":401662711,"observed_on":"2026-09-19","taxon_id":204237,"name":"Porcelain Berry","sci_name":"Ampelopsis glandulosa","iconic_taxon":"Plantae","rank":"species","user":"qtrees","photo":"https://inaturalist-open-data.s3.amazonaws.com/photos/737254065/medium.jpg","url":"https://www.inaturalist.org/observations/401662711"},"geometry":{"type":"Point","coordinates":[-73.9320592874,40.8628143815]}},{"type":"Feature","properties":{"id":"inat-401706904","inat_id":401706904,"observed_on":"2026-09-19","taxon_id":48484,"name":"Asian Lady Beetle","sci_name":"Harmonia axyridis","iconic_taxon":"Insecta","rank":"species","user":"emfras","photo":"https://inaturalist-open-data.s3.amazonaws.com/photos/737335000/medium.jpg","url":"https://www.inaturalist.org/observations/401706904"},"geometry":{"type":"Point","coordinates":[-74.0166048263,40.7123290333]}},{"type":"Feature","properties":{"id":"inat-401706551","inat_id":401706551,"observed_on":"2026-09-19","taxon_id":781602,"name":"oak flake gall wasp","sci_name":"Neuroterus quercusverrucarum","iconic_taxon":"Insecta","rank":"species","user":"emfras","photo":"https://inaturalist-open-data.s3.amazonaws.com/photos/737331012/medium.jpg","url":"https://www.inaturalist.org/observations/401706551"},"geometry":{"type":"Point","coordinates":[-74.0166048263,40.7123290333]}},{"type":"Feature","properties":{"id":"inat-401659213","inat_id":401659213,"observed_on":"2026-09-19","taxon_id":58732,"name":"eastern poison ivy","sci_name":"Toxicodendron radicans","iconic_taxon":"Plantae","rank":"species","user":"qtrees","photo":"https://inaturalist-open-data.s3.amazonaws.com/photos/737256684/medium.jpg","url":"https://www.inaturalist.org/observations/401659213"},"geometry":{"type":"Point","coordinates":[-73.9320378818,40.8628113496]}},{"type":"Feature","properties":{"id":"inat-401993401","inat_id":401993401,"observed_on":"2026-09-19","taxon_id":17402,"name":"Blue-headed Vireo","sci_name":"Vireo solitarius","iconic_taxon":"Aves","rank":"species","user":"oldirtybasbird","photo":"https://inaturalist-open-data.s3.amazonaws.com/photos/737903688/medium.jpg","url":"https://www.inaturalist.org/observations/401993401"},"geometry":{"type":"Point","coordinates":[-73.8043174744,40.7460557218]}},{"type":"Feature","properties":{"id":"inat-401677060","inat_id":401677060,"observed_on":"2026-09-19","taxon_id":145310,"name":"American Goldfinch","sci_name":"Spinus tristis","iconic_taxon":"Aves","rank":"species","user":"michelecaracapp","photo":"https://inaturalist-open-data.s3.amazonaws.com/photos/737270930/medium.jpg","url":"https://www.inaturalist.org/observations/401677060"},"geometry":{"type":"Point","coordinates":[-73.9552166667,40.7961833333]}},{"type":"Feature","properties":{"id":"inat-401720185","inat_id":401720185,"observed_on":"2026-09-19","taxon_id":372712,"name":"Yellow-footed Ant","sci_name":"Nylanderia flavipes","iconic_taxon":"Insecta","rank":"species","user":"emvcano","photo":"https://inaturalist-open-data.s3.amazonaws.com/photos/737358541/medium.jpg","url":"https://www.inaturalist.org/observations/401720185"},"geometry":{"type":"Point","coordinates":[-73.962916412,40.8035318891]}},{"type":"Feature","properties":{"id":"inat-401703895","inat_id":401703895,"observed_on":"2026-09-19","taxon_id":966095,"name":"Woodland Fuzzy Ant","sci_name":"Lasius americanus","iconic_taxon":"Insecta","rank":"species","user":"emfras","photo":"https://inaturalist-open-data.s3.amazonaws.com/photos/737325187/medium.jpg","url":"https://www.inaturalist.org/observations/401703895"},"geometry":{"type":"Point","coordinates":[-74.0166048263,40.7123290333]}},{"type":"Feature","properties":{"id":"inat-402240733","inat_id":402240733,"observed_on":"2026-09-19","taxon_id":891704,"name":"Red-eyed Vireo","sci_name":"Vireo olivaceus","iconic_taxon":"Aves","rank":"species","user":"birb777","photo":"https://inaturalist-open-data.s3.amazonaws.com/photos/738395817/medium.jpg","url":"https://www.inaturalist.org/observations/402240733"},"geometry":{"type":"Point","coordinates":[-73.9912797084,40.6573751019]}},{"type":"Feature","properties":{"id":"inat-401703578","inat_id":401703578,"observed_on":"2026-09-19","taxon_id":69311,"name":"Turfgrass Ant","sci_name":"Lasius neoniger","iconic_taxon":"Insecta","rank":"species","user":"emfras","photo":"https://inaturalist-open-data.s3.amazonaws.com/photos/737324481/medium.jpg","url":"https://www.inaturalist.org/observations/401703578"},"geometry":{"type":"Point","coordinates":[-74.0166048263,40.7123290333]}},{"type":"Feature","properties":{"id":"inat-402240639","inat_id":402240639,"observed_on":"2026-09-19","taxon_id":9721,"name":"Common Yellowthroat","sci_name":"Geothlypis trichas","iconic_taxon":"Aves","rank":"species","user":"birb777","photo":"https://inaturalist-open-data.s3.amazonaws.com/photos/738395586/medium.jpg","url":"https://www.inaturalist.org/observations/402240639"},"geometry":{"type":"Point","coordinates":[-73.9934316751,40.6575578076]}},{"type":"Feature","properties":{"id":"inat-401704780","inat_id":401704780,"observed_on":"2026-09-19","taxon_id":118970,"name":"Common Eastern Bumble Bee","sci_name":"Bombus impatiens","iconic_taxon":"Insecta","rank":"species","user":"noelhefele","photo":"https://inaturalist-open-data.s3.amazonaws.com/photos/737327320/medium.jpg","url":"https://www.inaturalist.org/observations/401704780"},"geometry":{"type":"Point","coordinates":[-73.8951119487,40.8902658731]}},{"type":"Feature","properties":{"id":"inat-401653951","inat_id":401653951,"observed_on":"2026-09-19","taxon_id":47219,"name":"Western Honey Bee","sci_name":"Apis mellifera","iconic_taxon":"Insecta","rank":"species","user":"cgmonin","photo":"https://inaturalist-open-data.s3.amazonaws.com/photos/737226398/medium.jpg","url":"https://www.inaturalist.org/observations/401653951"},"geometry":{"type":"Point","coordinates":[-74.0366995237,40.7116861434]}},{"type":"Feature","properties":{"id":"inat-402527456","inat_id":402527456,"observed_on":"2026-09-19","taxon_id":119095,"name":"blue mistflower","sci_name":"Conoclinium coelestinum","iconic_taxon":"Plantae","rank":"species","user":"cameron_morris","photo":"https://inaturalist-open-data.s3.amazonaws.com/photos/738957369/medium.jpg","url":"https://www.inaturalist.org/observations/402527456"},"geometry":{"type":"Point","coordinates":[-73.9694992993,40.6755033597]}},{"type":"Feature","properties":{"id":"inat-401702607","inat_id":401702607,"observed_on":"2026-09-19","taxon_id":69311,"name":"Turfgrass Ant","sci_name":"Lasius neoniger","iconic_taxon":"Insecta","rank":"species","user":"emfras","photo":"https://inaturalist-open-data.s3.amazonaws.com/photos/737333112/medium.jpg","url":"https://www.inaturalist.org/observations/401702607"},"geometry":{"type":"Point","coordinates":[-74.0166048263,40.7123290333]}},{"type":"Feature","properties":{"id":"inat-401655235","inat_id":401655235,"observed_on":"2026-09-19","taxon_id":145233,"name":"Northern Parula","sci_name":"Setophaga americana","iconic_taxon":"Aves","rank":"species","user":"trillium21","photo":"https://static.inaturalist.org/photos/737229166/medium.jpg","url":"https://www.inaturalist.org/observations/401655235"},"geometry":{"type":"Point","coordinates":[-73.9858083333,40.6784833333]}},{"type":"Feature","properties":{"id":"inat-401652238","inat_id":401652238,"observed_on":"2026-09-19","taxon_id":51110,"name":"Eastern Carpenter Bee","sci_name":"Xylocopa virginica","iconic_taxon":"Insecta","rank":"species","user":"cameron_morris","photo":"https://inaturalist-open-data.s3.amazonaws.com/photos/737223120/medium.jpg","url":"https://www.inaturalist.org/observations/401652238"},"geometry":{"type":"Point","coordinates":[-73.9692088086,40.6751775026]}},{"type":"Feature","properties":{"id":"inat-401704751","inat_id":401704751,"observed_on":"2026-09-19","taxon_id":52856,"name":"common mugwort","sci_name":"Artemisia vulgaris","iconic_taxon":"Plantae","rank":"species","user":"noelhefele","photo":"https://inaturalist-open-data.s3.amazonaws.com/photos/737327269/medium.jpg","url":"https://www.inaturalist.org/observations/401704751"},"geometry":{"type":"Point","coordinates":[-73.8951119487,40.8902658731]}},{"type":"Feature","properties":{"id":"inat-401652159","inat_id":401652159,"observed_on":"2026-09-19","taxon_id":52934,"name":"late boneset","sci_name":"Eupatorium serotinum","iconic_taxon":"Plantae","rank":"species","user":"cameron_morris","photo":"https://inaturalist-open-data.s3.amazonaws.com/photos/737222983/medium.jpg","url":"https://www.inaturalist.org/observations/401652159"},"geometry":{"type":"Point","coordinates":[-73.9691858665,40.6751765768]}},{"type":"Feature","properties":{"id":"inat-401652226","inat_id":401652226,"observed_on":"2026-09-19","taxon_id":48662,"name":"Monarch","sci_name":"Danaus plexippus","iconic_taxon":"Insecta","rank":"species","user":"dougnaturalist","photo":"https://static.inaturalist.org/photos/737245105/medium.jpg","url":"https://www.inaturalist.org/observations/401652226"},"geometry":{"type":"Point","coordinates":[-74.0005470028,40.6982319294]}},{"type":"Feature","properties":{"id":"inat-401652083","inat_id":401652083,"observed_on":"2026-09-19","taxon_id":48662,"name":"Monarch","sci_name":"Danaus plexippus","iconic_taxon":"Insecta","rank":"species","user":"dougnaturalist","photo":"https://static.inaturalist.org/photos/737222924/medium.jpg","url":"https://www.inaturalist.org/observations/401652083"},"geometry":{"type":"Point","coordinates":[-74.0005543457,40.6982400177]}},{"type":"Feature","properties":{"id":"inat-401699554","inat_id":401699554,"observed_on":"2026-09-19","taxon_id":155106,"name":"Black-shouldered Drone Fly","sci_name":"Eristalis dimidiata","iconic_taxon":"Insecta","rank":"species","user":"emfras","photo":"https://inaturalist-open-data.s3.amazonaws.com/photos/737316951/medium.jpg","url":"https://www.inaturalist.org/observations/401699554"},"geometry":{"type":"Point","coordinates":[-74.0166048263,40.7123290333]}},{"type":"Feature","properties":{"id":"inat-401651807","inat_id":401651807,"observed_on":"2026-09-19","taxon_id":7107,"name":"Wood Duck","sci_name":"Aix sponsa","iconic_taxon":"Aves","rank":"species","user":"atummino","photo":"https://inaturalist-open-data.s3.amazonaws.com/photos/737222267/medium.jpg","url":"https://www.inaturalist.org/observations/401651807"},"geometry":{"type":"Point","coordinates":[-73.9601883333,40.7832116667]}},{"type":"Feature","properties":{"id":"inat-402573768","inat_id":402573768,"observed_on":"2026-09-19","taxon_id":85333,"name":"Spined Micrathena","sci_name":"Micrathena gracilis","iconic_taxon":"Arachnida","rank":"species","user":"anisognathus","photo":"https://inaturalist-open-data.s3.amazonaws.com/photos/739046943/medium.jpg","url":"https://www.inaturalist.org/observations/402573768"},"geometry":{"type":"Point","coordinates":[-73.8202004,40.8571355997]}},{"type":"Feature","properties":{"id":"inat-401697753","inat_id":401697753,"observed_on":"2026-09-19","taxon_id":69311,"name":"Turfgrass Ant","sci_name":"Lasius neoniger","iconic_taxon":"Insecta","rank":"species","user":"emfras","photo":"https://inaturalist-open-data.s3.amazonaws.com/photos/737313330/medium.jpg","url":"https://www.inaturalist.org/observations/401697753"},"geometry":{"type":"Point","coordinates":[-74.0166048263,40.7123290333]}},{"type":"Feature","properties":{"id":"inat-401649209","inat_id":401649209,"observed_on":"2026-09-19","taxon_id":84813,"name":"groundsel tree","sci_name":"Baccharis halimifolia","iconic_taxon":"Plantae","rank":"species","user":"m_m_ferraro","photo":"https://inaturalist-open-data.s3.amazonaws.com/photos/737216791/medium.jpg","url":"https://www.inaturalist.org/observations/401649209"},"geometry":{"type":"Point","coordinates":[-74.025352478,40.6861686707]}},{"type":"Feature","properties":{"id":"inat-402505181","inat_id":402505181,"observed_on":"2026-09-19","taxon_id":122767,"name":"Feral Pigeon","sci_name":"Columba livia domestica","iconic_taxon":"Aves","rank":"variety","user":"sofiabalonso","photo":"https://inaturalist-open-data.s3.amazonaws.com/photos/738953656/medium.jpg","url":"https://www.inaturalist.org/observations/402505181"},"geometry":{"type":"Point","coordinates":[-73.9840783333,40.734275]}},{"type":"Feature","properties":{"id":"inat-401696731","inat_id":401696731,"observed_on":"2026-09-19","taxon_id":47340,"name":"Odorous House Ant","sci_name":"Tapinoma sessile","iconic_taxon":"Insecta","rank":"species","user":"emfras","photo":"https://inaturalist-open-data.s3.amazonaws.com/photos/737311650/medium.jpg","url":"https://www.inaturalist.org/observations/401696731"},"geometry":{"type":"Point","coordinates":[-74.0166048263,40.7123290333]}},{"type":"Feature","properties":{"id":"inat-402564674","inat_id":402564674,"observed_on":"2026-09-19","taxon_id":145242,"name":"Palm Warbler","sci_name":"Setophaga palmarum","iconic_taxon":"Aves","rank":"species","user":"oldirtybasbird","photo":"https://inaturalist-open-data.s3.amazonaws.com/photos/739028587/medium.jpg","url":"https://www.inaturalist.org/observations/402564674"},"geometry":{"type":"Point","coordinates":[-73.8043174744,40.7460557218]}},{"type":"Feature","properties":{"id":"inat-401722474","inat_id":401722474,"observed_on":"2026-09-19","taxon_id":41663,"name":"Common Raccoon","sci_name":"Procyon lotor","iconic_taxon":"Mammalia","rank":"species","user":"natejens","photo":"https://inaturalist-open-data.s3.amazonaws.com/photos/737363421/medium.jpg","url":"https://www.inaturalist.org/observations/401722474"},"geometry":{"type":"Point","coordinates":[-73.87735,40.863205]}},{"type":"Feature","properties":{"id":"inat-401647393","inat_id":401647393,"observed_on":"2026-09-19","taxon_id":56925,"name":"Red-banded Leafhopper","sci_name":"Graphocephala coccinea","iconic_taxon":"Insecta","rank":"species","user":"marthalazar","photo":"https://static.inaturalist.org/photos/737213140/medium.jpg","url":"https://www.inaturalist.org/observations/401647393"},"geometry":{"type":"Point","coordinates":[-73.907625684,40.6448520599]}},{"type":"Feature","properties":{"id":"inat-402317674","inat_id":402317674,"observed_on":"2026-09-19","taxon_id":51453,"name":"purple passionflower","sci_name":"Passiflora incarnata","iconic_taxon":"Plantae","rank":"species","user":"amado43826","photo":"https://static.inaturalist.org/photos/738548108/medium.jpg","url":"https://www.inaturalist.org/observations/402317674"},"geometry":{"type":"Point","coordinates":[-73.9047595071,40.6982419478]}},{"type":"Feature","properties":{"id":"inat-401646446","inat_id":401646446,"observed_on":"2026-09-19","taxon_id":52344,"name":"common morning-glory","sci_name":"Ipomoea purpurea","iconic_taxon":"Plantae","rank":"species","user":"happyaxolotl","photo":"https://inaturalist-open-data.s3.amazonaws.com/photos/737211308/medium.jpg","url":"https://www.inaturalist.org/observations/401646446"},"geometry":{"type":"Point","coordinates":[-73.8053365044,40.7564121365]}},{"type":"Feature","properties":{"id":"inat-401722733","inat_id":401722733,"observed_on":"2026-09-19","taxon_id":127685,"name":"White Wood Aster","sci_name":"Eurybia divaricata","iconic_taxon":"Plantae","rank":"species","user":"natejens","photo":"https://inaturalist-open-data.s3.amazonaws.com/photos/737363939/medium.jpg","url":"https://www.inaturalist.org/observations/401722733"},"geometry":{"type":"Point","coordinates":[-73.8767166667,40.86438]}},{"type":"Feature","properties":{"id":"inat-401650044","inat_id":401650044,"observed_on":"2026-09-19","taxon_id":119048,"name":"white snakeroot","sci_name":"Ageratina altissima","iconic_taxon":"Plantae","rank":"species","user":"tz72743","photo":"https://inaturalist-open-data.s3.amazonaws.com/photos/737218384/medium.jpg","url":"https://www.inaturalist.org/observations/401650044"},"geometry":{"type":"Point","coordinates":[-73.8601694444,40.7239333333]}},{"type":"Feature","properties":{"id":"inat-401962804","inat_id":401962804,"observed_on":"2026-09-19","taxon_id":55556,"name":"Large Milkweed Bug","sci_name":"Oncopeltus fasciatus","iconic_taxon":"Insecta","rank":"species","user":"aecace","photo":"https://inaturalist-open-data.s3.amazonaws.com/photos/737841829/medium.jpg","url":"https://www.inaturalist.org/observations/401962804"},"geometry":{"type":"Point","coordinates":[-73.9524136926,40.6469257554]}},{"type":"Feature","properties":{"id":"inat-401666155","inat_id":401666155,"observed_on":"2026-09-19","taxon_id":47230,"name":"Atlantic Crevalle Jack","sci_name":"Caranx hippos","iconic_taxon":"Actinopterygii","rank":"species","user":"michael_zambardino","photo":"https://inaturalist-open-data.s3.amazonaws.com/photos/737250357/medium.jpg","url":"https://www.inaturalist.org/observations/401666155"},"geometry":{"type":"Point","coordinates":[-73.7185981277,40.6178834448]}},{"type":"Feature","properties":{"id":"inat-401644038","inat_id":401644038,"observed_on":"2026-09-19","taxon_id":157889,"name":"Asian Copperleaf","sci_name":"Acalypha australis","iconic_taxon":"Plantae","rank":"species","user":"natasha-h13","photo":"https://static.inaturalist.org/photos/737206204/medium.jpg","url":"https://www.inaturalist.org/observations/401644038"},"geometry":{"type":"Point","coordinates":[-73.8239883333,40.5849416667]}},{"type":"Feature","properties":{"id":"inat-401800185","inat_id":401800185,"observed_on":"2026-09-19","taxon_id":228320,"name":"Cinnamon Rove Beetle","sci_name":"Platydracus cinnamopterus","iconic_taxon":"Insecta","rank":"species","user":"beniiiii","photo":"https://inaturalist-open-data.s3.amazonaws.com/photos/737503461/medium.jpg","url":"https://www.inaturalist.org/observations/401800185"},"geometry":{"type":"Point","coordinates":[-73.895071523,40.8902998327]}},{"type":"Feature","properties":{"id":"inat-402564898","inat_id":402564898,"observed_on":"2026-09-19","taxon_id":10271,"name":"Rose-breasted Grosbeak","sci_name":"Pheucticus ludovicianus","iconic_taxon":"Aves","rank":"species","user":"oldirtybasbird","photo":"https://inaturalist-open-data.s3.amazonaws.com/photos/739029032/medium.jpg","url":"https://www.inaturalist.org/observations/402564898"},"geometry":{"type":"Point","coordinates":[-73.8043174744,40.7460557218]}},{"type":"Feature","properties":{"id":"inat-401642558","inat_id":401642558,"observed_on":"2026-09-19","taxon_id":47219,"name":"Western Honey Bee","sci_name":"Apis mellifera","iconic_taxon":"Insecta","rank":"species","user":"pennycentury","photo":"https://inaturalist-open-data.s3.amazonaws.com/photos/737203049/medium.jpg","url":"https://www.inaturalist.org/observations/401642558"},"geometry":{"type":"Point","coordinates":[-73.9974666667,40.701545]}},{"type":"Feature","properties":{"id":"inat-401642365","inat_id":401642365,"observed_on":"2026-09-19","taxon_id":55620,"name":"bittersweet nightshade","sci_name":"Solanum dulcamara","iconic_taxon":"Plantae","rank":"species","user":"sogger","photo":"https://inaturalist-open-data.s3.amazonaws.com/photos/737202633/medium.jpg","url":"https://www.inaturalist.org/observations/401642365"},"geometry":{"type":"Point","coordinates":[-73.9758424982,40.7760055547]}},{"type":"Feature","properties":{"id":"inat-401641544","inat_id":401641544,"observed_on":"2026-09-19","taxon_id":54797,"name":"honey locust","sci_name":"Gleditsia triacanthos","iconic_taxon":"Plantae","rank":"species","user":"sogger","photo":"https://inaturalist-open-data.s3.amazonaws.com/photos/737201339/medium.jpg","url":"https://www.inaturalist.org/observations/401641544"},"geometry":{"type":"Point","coordinates":[-73.9737185868,40.7775280378]}},{"type":"Feature","properties":{"id":"inat-401640803","inat_id":401640803,"observed_on":"2026-09-19","taxon_id":39782,"name":"Pond Slider","sci_name":"Trachemys scripta","iconic_taxon":"Reptilia","rank":"species","user":"sogger","photo":"https://inaturalist-open-data.s3.amazonaws.com/photos/737200226/medium.jpg","url":"https://www.inaturalist.org/observations/401640803"},"geometry":{"type":"Point","coordinates":[-73.9731731326,40.77759482]}},{"type":"Feature","properties":{"id":"inat-401748091","inat_id":401748091,"observed_on":"2026-09-19","taxon_id":47219,"name":"Western Honey Bee","sci_name":"Apis mellifera","iconic_taxon":"Insecta","rank":"species","user":"angrycha1r","photo":"https://inaturalist-open-data.s3.amazonaws.com/photos/737415597/medium.jpg","url":"https://www.inaturalist.org/observations/401748091"},"geometry":{"type":"Point","coordinates":[-74.0112594997,40.7419153]}},{"type":"Feature","properties":{"id":"inat-401722696","inat_id":401722696,"observed_on":"2026-09-19","taxon_id":46017,"name":"Eastern Gray Squirrel","sci_name":"Sciurus carolinensis","iconic_taxon":"Mammalia","rank":"species","user":"natejens","photo":"https://inaturalist-open-data.s3.amazonaws.com/photos/737363889/medium.jpg","url":"https://www.inaturalist.org/observations/401722696"},"geometry":{"type":"Point","coordinates":[-73.8819416667,40.8646666667]}},{"type":"Feature","properties":{"id":"inat-401639340","inat_id":401639340,"observed_on":"2026-09-19","taxon_id":127609,"name":"jetbead","sci_name":"Rhodotypos scandens","iconic_taxon":"Plantae","rank":"species","user":"sogger","photo":"https://inaturalist-open-data.s3.amazonaws.com/photos/737197418/medium.jpg","url":"https://www.inaturalist.org/observations/401639340"},"geometry":{"type":"Point","coordinates":[-73.9722856578,40.7805943843]}},{"type":"Feature","properties":{"id":"inat-401638727","inat_id":401638727,"observed_on":"2026-09-19","taxon_id":133280,"name":"Versute Sharpshooter","sci_name":"Graphocephala versuta","iconic_taxon":"Insecta","rank":"species","user":"sogger","photo":"https://inaturalist-open-data.s3.amazonaws.com/photos/737195863/medium.jpg","url":"https://www.inaturalist.org/observations/401638727"},"geometry":{"type":"Point","coordinates":[-73.9706820533,40.7793574257]}},{"type":"Feature","properties":{"id":"inat-401679396","inat_id":401679396,"observed_on":"2026-09-19","taxon_id":84813,"name":"groundsel tree","sci_name":"Baccharis halimifolia","iconic_taxon":"Plantae","rank":"species","user":"screamingpiha","photo":"https://inaturalist-open-data.s3.amazonaws.com/photos/737274291/medium.jpg","url":"https://www.inaturalist.org/observations/401679396"},"geometry":{"type":"Point","coordinates":[-73.9233027778,40.6027305556]}},{"type":"Feature","properties":{"id":"inat-401679383","inat_id":401679383,"observed_on":"2026-09-19","taxon_id":64237,"name":"common reed","sci_name":"Phragmites australis","iconic_taxon":"Plantae","rank":"species","user":"screamingpiha","photo":"https://inaturalist-open-data.s3.amazonaws.com/photos/737274260/medium.jpg","url":"https://www.inaturalist.org/observations/401679383"},"geometry":{"type":"Point","coordinates":[-73.9234166667,40.6026277778]}},{"type":"Feature","properties":{"id":"inat-402310615","inat_id":402310615,"observed_on":"2026-09-19","taxon_id":118970,"name":"Common Eastern Bumble Bee","sci_name":"Bombus impatiens","iconic_taxon":"Insecta","rank":"species","user":"screamingpiha","photo":"https://inaturalist-open-data.s3.amazonaws.com/photos/738532366/medium.jpg","url":"https://www.inaturalist.org/observations/402310615"},"geometry":{"type":"Point","coordinates":[-73.9231861111,40.6026388889]}},{"type":"Feature","properties":{"id":"inat-401679408","inat_id":401679408,"observed_on":"2026-09-19","taxon_id":54764,"name":"smooth sumac","sci_name":"Rhus glabra","iconic_taxon":"Plantae","rank":"species","user":"screamingpiha","photo":"https://inaturalist-open-data.s3.amazonaws.com/photos/737274394/medium.jpg","url":"https://www.inaturalist.org/observations/401679408"},"geometry":{"type":"Point","coordinates":[-73.9232111111,40.6027111111]}},{"type":"Feature","properties":{"id":"inat-401638131","inat_id":401638131,"observed_on":"2026-09-19","taxon_id":144514,"name":"Laughing Gull","sci_name":"Leucophaeus atricilla","iconic_taxon":"Aves","rank":"species","user":"alysha6760","photo":"https://inaturalist-open-data.s3.amazonaws.com/photos/737194805/medium.jpg","url":"https://www.inaturalist.org/observations/401638131"},"geometry":{"type":"Point","coordinates":[-73.9821083333,40.5720133333]}},{"type":"Feature","properties":{"id":"inat-401679425","inat_id":401679425,"observed_on":"2026-09-19","taxon_id":52856,"name":"common mugwort","sci_name":"Artemisia vulgaris","iconic_taxon":"Plantae","rank":"species","user":"screamingpiha","photo":"https://inaturalist-open-data.s3.amazonaws.com/photos/737274540/medium.jpg","url":"https://www.inaturalist.org/observations/401679425"},"geometry":{"type":"Point","coordinates":[-73.9233333333,40.6027055556]}},{"type":"Feature","properties":{"id":"inat-401679417","inat_id":401679417,"observed_on":"2026-09-19","taxon_id":54764,"name":"smooth sumac","sci_name":"Rhus glabra","iconic_taxon":"Plantae","rank":"species","user":"screamingpiha","photo":"https://inaturalist-open-data.s3.amazonaws.com/photos/737274484/medium.jpg","url":"https://www.inaturalist.org/observations/401679417"},"geometry":{"type":"Point","coordinates":[-73.9232027778,40.6026194444]}},{"type":"Feature","properties":{"id":"inat-401679442","inat_id":401679442,"observed_on":"2026-09-19","taxon_id":47570,"name":"white poplar","sci_name":"Populus alba","iconic_taxon":"Plantae","rank":"species","user":"screamingpiha","photo":"https://inaturalist-open-data.s3.amazonaws.com/photos/737274680/medium.jpg","url":"https://www.inaturalist.org/observations/401679442"},"geometry":{"type":"Point","coordinates":[-73.9231805556,40.6026888889]}},{"type":"Feature","properties":{"id":"inat-401679440","inat_id":401679440,"observed_on":"2026-09-19","taxon_id":85320,"name":"wild bergamot","sci_name":"Monarda fistulosa","iconic_taxon":"Plantae","rank":"species","user":"screamingpiha","photo":"https://inaturalist-open-data.s3.amazonaws.com/photos/737274629/medium.jpg","url":"https://www.inaturalist.org/observations/401679440"},"geometry":{"type":"Point","coordinates":[-73.9231555556,40.6026611111]}},{"type":"Feature","properties":{"id":"inat-401679427","inat_id":401679427,"observed_on":"2026-09-19","taxon_id":125727,"name":"switchgrass","sci_name":"Panicum virgatum","iconic_taxon":"Plantae","rank":"species","user":"screamingpiha","photo":"https://inaturalist-open-data.s3.amazonaws.com/photos/737274582/medium.jpg","url":"https://www.inaturalist.org/observations/401679427"},"geometry":{"type":"Point","coordinates":[-73.9231805556,40.6026388889]}},{"type":"Feature","properties":{"id":"inat-401679426","inat_id":401679426,"observed_on":"2026-09-19","taxon_id":64237,"name":"common reed","sci_name":"Phragmites australis","iconic_taxon":"Plantae","rank":"species","user":"screamingpiha","photo":"https://inaturalist-open-data.s3.amazonaws.com/photos/737274560/medium.jpg","url":"https://www.inaturalist.org/observations/401679426"},"geometry":{"type":"Point","coordinates":[-73.9233333333,40.6027027778]}},{"type":"Feature","properties":{"id":"inat-401748036","inat_id":401748036,"observed_on":"2026-09-19","taxon_id":55556,"name":"Large Milkweed Bug","sci_name":"Oncopeltus fasciatus","iconic_taxon":"Insecta","rank":"species","user":"angrycha1r","photo":"https://inaturalist-open-data.s3.amazonaws.com/photos/737415461/medium.jpg","url":"https://www.inaturalist.org/observations/401748036"},"geometry":{"type":"Point","coordinates":[-74.0105666,40.7423386997]}},{"type":"Feature","properties":{"id":"inat-401747938","inat_id":401747938,"observed_on":"2026-09-19","taxon_id":55556,"name":"Large Milkweed Bug","sci_name":"Oncopeltus fasciatus","iconic_taxon":"Insecta","rank":"species","user":"angrycha1r","photo":"https://inaturalist-open-data.s3.amazonaws.com/photos/737415417/medium.jpg","url":"https://www.inaturalist.org/observations/401747938"},"geometry":{"type":"Point","coordinates":[-74.0106461997,40.7423799]}},{"type":"Feature","properties":{"id":"inat-401679460","inat_id":401679460,"observed_on":"2026-09-19","taxon_id":52856,"name":"common mugwort","sci_name":"Artemisia vulgaris","iconic_taxon":"Plantae","rank":"species","user":"screamingpiha","photo":"https://inaturalist-open-data.s3.amazonaws.com/photos/737274761/medium.jpg","url":"https://www.inaturalist.org/observations/401679460"},"geometry":{"type":"Point","coordinates":[-73.923225,40.6026916667]}},{"type":"Feature","properties":{"id":"inat-401679453","inat_id":401679453,"observed_on":"2026-09-19","taxon_id":54764,"name":"smooth sumac","sci_name":"Rhus glabra","iconic_taxon":"Plantae","rank":"species","user":"screamingpiha","photo":"https://inaturalist-open-data.s3.amazonaws.com/photos/737274748/medium.jpg","url":"https://www.inaturalist.org/observations/401679453"},"geometry":{"type":"Point","coordinates":[-73.9232111111,40.6026944444]}},{"type":"Feature","properties":{"id":"inat-402310613","inat_id":402310613,"observed_on":"2026-09-19","taxon_id":118970,"name":"Common Eastern Bumble Bee","sci_name":"Bombus impatiens","iconic_taxon":"Insecta","rank":"species","user":"screamingpiha","photo":"https://inaturalist-open-data.s3.amazonaws.com/photos/738532237/medium.jpg","url":"https://www.inaturalist.org/observations/402310613"},"geometry":{"type":"Point","coordinates":[-73.9232111111,40.6026944444]}},{"type":"Feature","properties":{"id":"inat-401680399","inat_id":401680399,"observed_on":"2026-09-19","taxon_id":51875,"name":"Red Clover","sci_name":"Trifolium pratense","iconic_taxon":"Plantae","rank":"species","user":"pigeon_appreciator","photo":"https://inaturalist-open-data.s3.amazonaws.com/photos/737277983/medium.jpg","url":"https://www.inaturalist.org/observations/401680399"},"geometry":{"type":"Point","coordinates":[-73.89052,40.6018366667]}},{"type":"Feature","properties":{"id":"inat-401711125","inat_id":401711125,"observed_on":"2026-09-19","taxon_id":73155,"name":"Blue Grosbeak","sci_name":"Passerina caerulea","iconic_taxon":"Aves","rank":"species","user":"urbanwoods","photo":"https://inaturalist-open-data.s3.amazonaws.com/photos/737340592/medium.jpg","url":"https://www.inaturalist.org/observations/401711125"},"geometry":{"type":"Point","coordinates":[-73.9968771573,40.6563887407]}},{"type":"Feature","properties":{"id":"inat-402608345","inat_id":402608345,"observed_on":"2026-09-19","taxon_id":13858,"name":"House Sparrow","sci_name":"Passer domesticus","iconic_taxon":"Aves","rank":"species","user":"starrrlou","photo":"https://inaturalist-open-data.s3.amazonaws.com/photos/739115993/medium.jpg","url":"https://www.inaturalist.org/observations/402608345"},"geometry":{"type":"Point","coordinates":[-73.8420630991,40.6810394977]}},{"type":"Feature","properties":{"id":"inat-401664833","inat_id":401664833,"observed_on":"2026-09-19","taxon_id":914922,"name":"Japanese knotweed","sci_name":"Reynoutria japonica","iconic_taxon":"Plantae","rank":"species","user":"darfio","photo":"https://inaturalist-open-data.s3.amazonaws.com/photos/737243376/medium.jpg","url":"https://www.inaturalist.org/observations/401664833"},"geometry":{"type":"Point","coordinates":[-73.9728611111,40.7790083333]}},{"type":"Feature","properties":{"id":"inat-401664832","inat_id":401664832,"observed_on":"2026-09-19","taxon_id":891704,"name":"Red-eyed Vireo","sci_name":"Vireo olivaceus","iconic_taxon":"Aves","rank":"species","user":"darfio","photo":"https://inaturalist-open-data.s3.amazonaws.com/photos/737243313/medium.jpg","url":"https://www.inaturalist.org/observations/401664832"},"geometry":{"type":"Point","coordinates":[-73.9728555556,40.7790138889]}},{"type":"Feature","properties":{"id":"inat-402240235","inat_id":402240235,"observed_on":"2026-09-19","taxon_id":145249,"name":"Prairie Warbler","sci_name":"Setophaga discolor","iconic_taxon":"Aves","rank":"species","user":"birb777","photo":"https://inaturalist-open-data.s3.amazonaws.com/photos/738394816/medium.jpg","url":"https://www.inaturalist.org/observations/402240235"},"geometry":{"type":"Point","coordinates":[-73.9964258892,40.6555900418]}},{"type":"Feature","properties":{"id":"inat-401665875","inat_id":401665875,"observed_on":"2026-09-19","taxon_id":46017,"name":"Eastern Gray Squirrel","sci_name":"Sciurus carolinensis","iconic_taxon":"Mammalia","rank":"species","user":"lilybloom200","photo":"https://inaturalist-open-data.s3.amazonaws.com/photos/737249702/medium.jpg","url":"https://www.inaturalist.org/observations/401665875"},"geometry":{"type":"Point","coordinates":[-74.0172348022,40.6053352356]}},{"type":"Feature","properties":{"id":"inat-402631189","inat_id":402631189,"observed_on":"2026-09-19","taxon_id":48662,"name":"Monarch","sci_name":"Danaus plexippus","iconic_taxon":"Insecta","rank":"species","user":"deniseedits","photo":"https://inaturalist-open-data.s3.amazonaws.com/photos/739163270/medium.jpg","url":"https://www.inaturalist.org/observations/402631189"},"geometry":{"type":"Point","coordinates":[-73.98738,40.6979116667]}},{"type":"Feature","properties":{"id":"inat-401633925","inat_id":401633925,"observed_on":"2026-09-19","taxon_id":9083,"name":"Northern Cardinal","sci_name":"Cardinalis cardinalis","iconic_taxon":"Aves","rank":"species","user":"tracy_yu","photo":"https://inaturalist-open-data.s3.amazonaws.com/photos/737191552/medium.jpg","url":"https://www.inaturalist.org/observations/401633925"},"geometry":{"type":"Point","coordinates":[-73.9930074667,40.7036858717]}},{"type":"Feature","properties":{"id":"inat-401633474","inat_id":401633474,"observed_on":"2026-09-19","taxon_id":51271,"name":"Red-eared Slider","sci_name":"Trachemys scripta elegans","iconic_taxon":"Reptilia","rank":"subspecies","user":"sogger","photo":"https://inaturalist-open-data.s3.amazonaws.com/photos/737185274/medium.jpg","url":"https://www.inaturalist.org/observations/401633474"},"geometry":{"type":"Point","coordinates":[-73.9720924486,40.7780977552]}},{"type":"Feature","properties":{"id":"inat-401635280","inat_id":401635280,"observed_on":"2026-09-19","taxon_id":277657,"name":"leatherleaf mahonia","sci_name":"Berberis bealei","iconic_taxon":"Plantae","rank":"species","user":"tracy_yu","photo":"https://inaturalist-open-data.s3.amazonaws.com/photos/737189245/medium.jpg","url":"https://www.inaturalist.org/observations/401635280"},"geometry":{"type":"Point","coordinates":[-73.9929003264,40.703636857]}},{"type":"Feature","properties":{"id":"inat-402033440","inat_id":402033440,"observed_on":"2026-09-19","taxon_id":46017,"name":"Eastern Gray Squirrel","sci_name":"Sciurus carolinensis","iconic_taxon":"Mammalia","rank":"species","user":"emrocha31","photo":"https://inaturalist-open-data.s3.amazonaws.com/photos/737986414/medium.jpg","url":"https://www.inaturalist.org/observations/402033440"},"geometry":{"type":"Point","coordinates":[-73.9900117877,40.735791987]}},{"type":"Feature","properties":{"id":"inat-401894575","inat_id":401894575,"observed_on":"2026-09-19","taxon_id":154500,"name":"Weakfish","sci_name":"Cynoscion regalis","iconic_taxon":"Actinopterygii","rank":"species","user":"christianlui","photo":"https://inaturalist-open-data.s3.amazonaws.com/photos/737704680/medium.jpg","url":"https://www.inaturalist.org/observations/401894575"},"geometry":{"type":"Point","coordinates":[-73.7664281888,40.6313104159]}},{"type":"Feature","properties":{"id":"inat-401894443","inat_id":401894443,"observed_on":"2026-09-19","taxon_id":154500,"name":"Weakfish","sci_name":"Cynoscion regalis","iconic_taxon":"Actinopterygii","rank":"species","user":"christianlui","photo":"https://inaturalist-open-data.s3.amazonaws.com/photos/737704399/medium.jpg","url":"https://www.inaturalist.org/observations/401894443"},"geometry":{"type":"Point","coordinates":[-73.7755993148,40.6643426798]}},{"type":"Feature","properties":{"id":"inat-401894686","inat_id":401894686,"observed_on":"2026-09-19","taxon_id":154500,"name":"Weakfish","sci_name":"Cynoscion regalis","iconic_taxon":"Actinopterygii","rank":"species","user":"christianlui","photo":"https://inaturalist-open-data.s3.amazonaws.com/photos/737704760/medium.jpg","url":"https://www.inaturalist.org/observations/401894686"},"geometry":{"type":"Point","coordinates":[-73.706211818,40.6639958575]}},{"type":"Feature","properties":{"id":"inat-401630949","inat_id":401630949,"observed_on":"2026-09-19","taxon_id":58738,"name":"fragrant sumac","sci_name":"Rhus aromatica","iconic_taxon":"Plantae","rank":"species","user":"leoscheideman","photo":"https://inaturalist-open-data.s3.amazonaws.com/photos/737180921/medium.jpg","url":"https://www.inaturalist.org/observations/401630949"},"geometry":{"type":"Point","coordinates":[-74.00960555,40.7488966667]}},{"type":"Feature","properties":{"id":"inat-401680146","inat_id":401680146,"observed_on":"2026-09-19","taxon_id":52521,"name":"Ocellate Lady Crab","sci_name":"Ovalipes ocellatus","iconic_taxon":"Animalia","rank":"species","user":"pigeon_appreciator","photo":"https://inaturalist-open-data.s3.amazonaws.com/photos/737277389/medium.jpg","url":"https://www.inaturalist.org/observations/401680146"},"geometry":{"type":"Point","coordinates":[-73.8843833333,40.6052883333]}},{"type":"Feature","properties":{"id":"inat-401637573","inat_id":401637573,"observed_on":"2026-09-19","taxon_id":153507,"name":"Barn Funnel Weaver","sci_name":"Tegenaria domestica","iconic_taxon":"Arachnida","rank":"species","user":"emwild","photo":"https://inaturalist-open-data.s3.amazonaws.com/photos/737193927/medium.jpg","url":"https://www.inaturalist.org/observations/401637573"},"geometry":{"type":"Point","coordinates":[-73.8144330317,40.9143669845]}},{"type":"Feature","properties":{"id":"inat-401680280","inat_id":401680280,"observed_on":"2026-09-19","taxon_id":64697,"name":"autumn olive","sci_name":"Elaeagnus umbellata","iconic_taxon":"Plantae","rank":"species","user":"pigeon_appreciator","photo":"https://inaturalist-open-data.s3.amazonaws.com/photos/737277732/medium.jpg","url":"https://www.inaturalist.org/observations/401680280"},"geometry":{"type":"Point","coordinates":[-73.8845533333,40.6051716667]}},{"type":"Feature","properties":{"id":"inat-401666490","inat_id":401666490,"observed_on":"2026-09-19","taxon_id":49750,"name":"Sheepshead","sci_name":"Archosargus probatocephalus","iconic_taxon":"Actinopterygii","rank":"species","user":"michael_zambardino","photo":"https://inaturalist-open-data.s3.amazonaws.com/photos/737251171/medium.jpg","url":"https://www.inaturalist.org/observations/401666490"},"geometry":{"type":"Point","coordinates":[-73.7608244196,40.6312218756]}},{"type":"Feature","properties":{"id":"inat-401627504","inat_id":401627504,"observed_on":"2026-09-19","taxon_id":10286,"name":"Black-and-white Warbler","sci_name":"Mniotilta varia","iconic_taxon":"Aves","rank":"species","user":"sophieh13","photo":"https://inaturalist-open-data.s3.amazonaws.com/photos/737174112/medium.jpg","url":"https://www.inaturalist.org/observations/401627504"},"geometry":{"type":"Point","coordinates":[-73.9709469625,40.7787787851]}},{"type":"Feature","properties":{"id":"inat-401626847","inat_id":401626847,"observed_on":"2026-09-19","taxon_id":199916,"name":"Black-throated Blue Warbler","sci_name":"Setophaga caerulescens","iconic_taxon":"Aves","rank":"species","user":"sophieh13","photo":"https://inaturalist-open-data.s3.amazonaws.com/photos/737173130/medium.jpg","url":"https://www.inaturalist.org/observations/401626847"},"geometry":{"type":"Point","coordinates":[-73.9712035864,40.7783170776]}},{"type":"Feature","properties":{"id":"inat-401624750","inat_id":401624750,"observed_on":"2026-09-19","taxon_id":51875,"name":"Red Clover","sci_name":"Trifolium pratense","iconic_taxon":"Plantae","rank":"species","user":"deepabhargava","photo":"https://inaturalist-open-data.s3.amazonaws.com/photos/737169810/medium.jpg","url":"https://www.inaturalist.org/observations/401624750"},"geometry":{"type":"Point","coordinates":[-74.0156478882,40.6925354004]}},{"type":"Feature","properties":{"id":"inat-401747570","inat_id":401747570,"observed_on":"2026-09-19","taxon_id":55556,"name":"Large Milkweed Bug","sci_name":"Oncopeltus fasciatus","iconic_taxon":"Insecta","rank":"species","user":"jraylm","photo":"https://inaturalist-open-data.s3.amazonaws.com/photos/737414371/medium.jpg","url":"https://www.inaturalist.org/observations/401747570"},"geometry":{"type":"Point","coordinates":[-73.9661166667,40.6788583333]}},{"type":"Feature","properties":{"id":"inat-401743839","inat_id":401743839,"observed_on":"2026-09-19","taxon_id":55556,"name":"Large Milkweed Bug","sci_name":"Oncopeltus fasciatus","iconic_taxon":"Insecta","rank":"species","user":"jraylm","photo":"https://inaturalist-open-data.s3.amazonaws.com/photos/737406370/medium.jpg","url":"https://www.inaturalist.org/observations/401743839"},"geometry":{"type":"Point","coordinates":[-73.9661166667,40.6788583333]}},{"type":"Feature","properties":{"id":"inat-401624197","inat_id":401624197,"observed_on":"2026-09-19","taxon_id":56154,"name":"common soapwort","sci_name":"Saponaria officinalis","iconic_taxon":"Plantae","rank":"species","user":"mrpinknose","photo":"https://static.inaturalist.org/photos/739677398/medium.jpg","url":"https://www.inaturalist.org/observations/401624197"},"geometry":{"type":"Point","coordinates":[-73.8886842847,40.5793817149]}},{"type":"Feature","properties":{"id":"inat-401633086","inat_id":401633086,"observed_on":"2026-09-19","taxon_id":1439808,"name":"Largemouth Bass","sci_name":"Micropterus nigricans","iconic_taxon":"Actinopterygii","rank":"species","user":"joel_rhee","photo":"https://inaturalist-open-data.s3.amazonaws.com/photos/737184727/medium.jpg","url":"https://www.inaturalist.org/observations/401633086"},"geometry":{"type":"Point","coordinates":[-73.8066416667,40.74732]}},{"type":"Feature","properties":{"id":"inat-401623254","inat_id":401623254,"observed_on":"2026-09-19","taxon_id":324726,"name":"Spotted Lanternfly","sci_name":"Lycorma delicatula","iconic_taxon":"Insecta","rank":"species","user":"toddparsnick","photo":"https://static.inaturalist.org/photos/737166569/medium.jpg","url":"https://www.inaturalist.org/observations/401623254"},"geometry":{"type":"Point","coordinates":[-73.9822174183,40.6907072728]}},{"type":"Feature","properties":{"id":"inat-401634325","inat_id":401634325,"observed_on":"2026-09-19","taxon_id":153441,"name":"Common Blue Wood Aster","sci_name":"Symphyotrichum cordifolium","iconic_taxon":"Plantae","rank":"species","user":"taylorjoanne","photo":"https://inaturalist-open-data.s3.amazonaws.com/photos/737187229/medium.jpg","url":"https://www.inaturalist.org/observations/401634325"},"geometry":{"type":"Point","coordinates":[-73.9696416667,40.7745466667]}},{"type":"Feature","properties":{"id":"inat-401623033","inat_id":401623033,"observed_on":"2026-09-19","taxon_id":58205,"name":"Osage-orange","sci_name":"Maclura pomifera","iconic_taxon":"Plantae","rank":"species","user":"yi86542","photo":"https://inaturalist-open-data.s3.amazonaws.com/photos/737166172/medium.jpg","url":"https://www.inaturalist.org/observations/401623033"},"geometry":{"type":"Point","coordinates":[-73.9301722222,40.8679888889]}},{"type":"Feature","properties":{"id":"inat-402059941","inat_id":402059941,"observed_on":"2026-09-19","taxon_id":48662,"name":"Monarch","sci_name":"Danaus plexippus","iconic_taxon":"Insecta","rank":"species","user":"pataconpisao","photo":"https://inaturalist-open-data.s3.amazonaws.com/photos/738039614/medium.jpg","url":"https://www.inaturalist.org/observations/402059941"},"geometry":{"type":"Point","coordinates":[-73.8620508711,40.650955051]}},{"type":"Feature","properties":{"id":"inat-401622590","inat_id":401622590,"observed_on":"2026-09-19","taxon_id":56154,"name":"common soapwort","sci_name":"Saponaria officinalis","iconic_taxon":"Plantae","rank":"species","user":"cmanias","photo":"https://inaturalist-open-data.s3.amazonaws.com/photos/737165305/medium.jpg","url":"https://www.inaturalist.org/observations/401622590"},"geometry":{"type":"Point","coordinates":[-73.9174873827,40.5980200974]}},{"type":"Feature","properties":{"id":"inat-401620764","inat_id":401620764,"observed_on":"2026-09-19","taxon_id":84227,"name":"wineberry","sci_name":"Rubus phoenicolasius","iconic_taxon":"Plantae","rank":"species","user":"drg8971","photo":"https://inaturalist-open-data.s3.amazonaws.com/photos/737161915/medium.jpg","url":"https://www.inaturalist.org/observations/401620764"},"geometry":{"type":"Point","coordinates":[-74.0659602344,40.8654270065]}},{"type":"Feature","properties":{"id":"inat-401899123","inat_id":401899123,"observed_on":"2026-09-19","taxon_id":58532,"name":"Orange Sulphur","sci_name":"Colias eurytheme","iconic_taxon":"Insecta","rank":"species","user":"antoutside","photo":"https://inaturalist-open-data.s3.amazonaws.com/photos/737711548/medium.jpg","url":"https://www.inaturalist.org/observations/401899123"},"geometry":{"type":"Point","coordinates":[-73.9680264868,40.6610871255]}},{"type":"Feature","properties":{"id":"inat-401641946","inat_id":401641946,"observed_on":"2026-09-19","taxon_id":13270,"name":"Wood Thrush","sci_name":"Hylocichla mustelina","iconic_taxon":"Aves","rank":"species","user":"taylorjoanne","photo":"https://inaturalist-open-data.s3.amazonaws.com/photos/737193323/medium.jpg","url":"https://www.inaturalist.org/observations/401641946"},"geometry":{"type":"Point","coordinates":[-73.9694825344,40.7764704332]}},{"type":"Feature","properties":{"id":"inat-401620095","inat_id":401620095,"observed_on":"2026-09-19","taxon_id":119048,"name":"white snakeroot","sci_name":"Ageratina altissima","iconic_taxon":"Plantae","rank":"species","user":"kjohn","photo":"https://inaturalist-open-data.s3.amazonaws.com/photos/737160535/medium.jpg","url":"https://www.inaturalist.org/observations/401620095"},"geometry":{"type":"Point","coordinates":[-73.9563421146,40.7986473621]}},{"type":"Feature","properties":{"id":"inat-401754904","inat_id":401754904,"observed_on":"2026-09-19","taxon_id":53582,"name":"American tuliptree","sci_name":"Liriodendron tulipifera","iconic_taxon":"Plantae","rank":"species","user":"gmck456","photo":"https://inaturalist-open-data.s3.amazonaws.com/photos/737430652/medium.jpg","url":"https://www.inaturalist.org/observations/401754904"},"geometry":{"type":"Point","coordinates":[-73.9559019314,40.7917784201]}},{"type":"Feature","properties":{"id":"inat-401757321","inat_id":401757321,"observed_on":"2026-09-19","taxon_id":52913,"name":"chicory","sci_name":"Cichorium intybus","iconic_taxon":"Plantae","rank":"species","user":"andombcommando","photo":"https://inaturalist-open-data.s3.amazonaws.com/photos/737435409/medium.jpg","url":"https://www.inaturalist.org/observations/401757321"},"geometry":{"type":"Point","coordinates":[-73.8587361111,40.6982916667]}},{"type":"Feature","properties":{"id":"inat-401641943","inat_id":401641943,"observed_on":"2026-09-19","taxon_id":10271,"name":"Rose-breasted Grosbeak","sci_name":"Pheucticus ludovicianus","iconic_taxon":"Aves","rank":"species","user":"taylorjoanne","photo":"https://inaturalist-open-data.s3.amazonaws.com/photos/737191079/medium.jpg","url":"https://www.inaturalist.org/observations/401641943"},"geometry":{"type":"Point","coordinates":[-73.9692293621,40.7766979528]}},{"type":"Feature","properties":{"id":"inat-401757330","inat_id":401757330,"observed_on":"2026-09-19","taxon_id":127685,"name":"White Wood Aster","sci_name":"Eurybia divaricata","iconic_taxon":"Plantae","rank":"species","user":"andombcommando","photo":"https://inaturalist-open-data.s3.amazonaws.com/photos/737435451/medium.jpg","url":"https://www.inaturalist.org/observations/401757330"},"geometry":{"type":"Point","coordinates":[-73.8619694444,40.696775]}},{"type":"Feature","properties":{"id":"inat-401757343","inat_id":401757343,"observed_on":"2026-09-19","taxon_id":54795,"name":"sassafras","sci_name":"Sassafras albidum","iconic_taxon":"Plantae","rank":"species","user":"andombcommando","photo":"https://inaturalist-open-data.s3.amazonaws.com/photos/737435498/medium.jpg","url":"https://www.inaturalist.org/observations/401757343"},"geometry":{"type":"Point","coordinates":[-73.8619972222,40.6965638889]}},{"type":"Feature","properties":{"id":"inat-401618068","inat_id":401618068,"observed_on":"2026-09-19","taxon_id":127685,"name":"White Wood Aster","sci_name":"Eurybia divaricata","iconic_taxon":"Plantae","rank":"species","user":"kjohn","photo":"https://inaturalist-open-data.s3.amazonaws.com/photos/737156336/medium.jpg","url":"https://www.inaturalist.org/observations/401618068"},"geometry":{"type":"Point","coordinates":[-73.9573324656,40.7997516145]}},{"type":"Feature","properties":{"id":"inat-401623658","inat_id":401623658,"observed_on":"2026-09-19","taxon_id":174482,"name":"Pale Mottled Willow Moth","sci_name":"Caradrina clavipalpis","iconic_taxon":"Insecta","rank":"species","user":"forestpark","photo":"https://inaturalist-open-data.s3.amazonaws.com/photos/737167401/medium.jpg","url":"https://www.inaturalist.org/observations/401623658"},"geometry":{"type":"Point","coordinates":[-73.8398325294,40.664019991]}},{"type":"Feature","properties":{"id":"inat-401912176","inat_id":401912176,"observed_on":"2026-09-19","taxon_id":410641,"name":"Lumpy Bracket","sci_name":"Trametes gibbosa","iconic_taxon":"Fungi","rank":"species","user":"drjammy","photo":"https://inaturalist-open-data.s3.amazonaws.com/photos/737740239/medium.jpg","url":"https://www.inaturalist.org/observations/401912176"},"geometry":{"type":"Point","coordinates":[-73.9211,40.8756611111]}},{"type":"Feature","properties":{"id":"inat-401887843","inat_id":401887843,"observed_on":"2026-09-19","taxon_id":158252,"name":"Seabeach Amaranth","sci_name":"Amaranthus pumilus","iconic_taxon":"Plantae","rank":"species","user":"averycunningham","photo":"https://inaturalist-open-data.s3.amazonaws.com/photos/737691841/medium.jpg","url":"https://www.inaturalist.org/observations/401887843"},"geometry":{"type":"Point","coordinates":[-73.890220611,40.5996058038]}},{"type":"Feature","properties":{"id":"inat-401616728","inat_id":401616728,"observed_on":"2026-09-19","taxon_id":84813,"name":"groundsel tree","sci_name":"Baccharis halimifolia","iconic_taxon":"Plantae","rank":"species","user":"lastnightsky","photo":"https://inaturalist-open-data.s3.amazonaws.com/photos/737153537/medium.jpg","url":"https://www.inaturalist.org/observations/401616728"},"geometry":{"type":"Point","coordinates":[-73.9165202994,40.5978576886]}},{"type":"Feature","properties":{"id":"inat-401641942","inat_id":401641942,"observed_on":"2026-09-19","taxon_id":19893,"name":"Barred Owl","sci_name":"Strix varia","iconic_taxon":"Aves","rank":"species","user":"taylorjoanne","photo":"https://inaturalist-open-data.s3.amazonaws.com/photos/737203798/medium.jpg","url":"https://www.inaturalist.org/observations/401641942"},"geometry":{"type":"Point","coordinates":[-73.9708214932,40.7778516534]}},{"type":"Feature","properties":{"id":"inat-401864236","inat_id":401864236,"observed_on":"2026-09-19","taxon_id":81681,"name":"Pale Beauty","sci_name":"Campaea perlata","iconic_taxon":"Insecta","rank":"species","user":"djringer","photo":"https://inaturalist-open-data.s3.amazonaws.com/photos/737646648/medium.jpg","url":"https://www.inaturalist.org/observations/401864236"},"geometry":{"type":"Point","coordinates":[-73.9670333333,40.79385]}},{"type":"Feature","properties":{"id":"inat-401703639","inat_id":401703639,"observed_on":"2026-09-19","taxon_id":39566,"name":"Florida Softshell Turtle","sci_name":"Apalone ferox","iconic_taxon":"Reptilia","rank":"species","user":"amynewyork","photo":"https://static.inaturalist.org/photos/737324259/medium.jpg","url":"https://www.inaturalist.org/observations/401703639"},"geometry":{"type":"Point","coordinates":[-73.9689813889,40.7795680556]}},{"type":"Feature","properties":{"id":"inat-403534300","inat_id":403534300,"observed_on":"2026-09-19","taxon_id":119048,"name":"white snakeroot","sci_name":"Ageratina altissima","iconic_taxon":"Plantae","rank":"species","user":"knitfiction","photo":"https://inaturalist-open-data.s3.amazonaws.com/photos/740929129/medium.jpg","url":"https://www.inaturalist.org/observations/403534300"},"geometry":{"type":"Point","coordinates":[-73.9750539933,40.7915146173]}},{"type":"Feature","properties":{"id":"inat-402064374","inat_id":402064374,"observed_on":"2026-09-19","taxon_id":51110,"name":"Eastern Carpenter Bee","sci_name":"Xylocopa virginica","iconic_taxon":"Insecta","rank":"species","user":"pataconpisao","photo":"https://inaturalist-open-data.s3.amazonaws.com/photos/738050634/medium.jpg","url":"https://www.inaturalist.org/observations/402064374"},"geometry":{"type":"Point","coordinates":[-73.869900817,40.6469712757]}},{"type":"Feature","properties":{"id":"inat-401707168","inat_id":401707168,"observed_on":"2026-09-19","taxon_id":17364,"name":"Philadelphia Vireo","sci_name":"Vireo philadelphicus","iconic_taxon":"Aves","rank":"species","user":"urbanwoods","photo":"https://inaturalist-open-data.s3.amazonaws.com/photos/737332400/medium.jpg","url":"https://www.inaturalist.org/observations/401707168"},"geometry":{"type":"Point","coordinates":[-73.9971807352,40.6555570948]}},{"type":"Feature","properties":{"id":"inat-401641226","inat_id":401641226,"observed_on":"2026-09-19","taxon_id":6432,"name":"Ruby-throated Hummingbird","sci_name":"Archilochus colubris","iconic_taxon":"Aves","rank":"species","user":"taylorjoanne","photo":"https://inaturalist-open-data.s3.amazonaws.com/photos/737200865/medium.jpg","url":"https://www.inaturalist.org/observations/401641226"},"geometry":{"type":"Point","coordinates":[-73.9699383333,40.7762416667]}},{"type":"Feature","properties":{"id":"inat-401641346","inat_id":401641346,"observed_on":"2026-09-19","taxon_id":10271,"name":"Rose-breasted Grosbeak","sci_name":"Pheucticus ludovicianus","iconic_taxon":"Aves","rank":"species","user":"taylorjoanne","photo":"https://inaturalist-open-data.s3.amazonaws.com/photos/737201078/medium.jpg","url":"https://www.inaturalist.org/observations/401641346"},"geometry":{"type":"Point","coordinates":[-73.96997,40.7762716667]}},{"type":"Feature","properties":{"id":"inat-401646924","inat_id":401646924,"observed_on":"2026-09-19","taxon_id":51363,"name":"Atlantic Menhaden","sci_name":"Brevoortia tyrannus","iconic_taxon":"Actinopterygii","rank":"species","user":"dummisauce","photo":"https://inaturalist-open-data.s3.amazonaws.com/photos/737212167/medium.jpg","url":"https://www.inaturalist.org/observations/401646924"},"geometry":{"type":"Point","coordinates":[-73.9318439997,40.6023464]}},{"type":"Feature","properties":{"id":"inat-401688219","inat_id":401688219,"observed_on":"2026-09-19","taxon_id":6930,"name":"Mallard","sci_name":"Anas platyrhynchos","iconic_taxon":"Aves","rank":"species","user":"jennyleafp","photo":"https://inaturalist-open-data.s3.amazonaws.com/photos/737293756/medium.jpg","url":"https://www.inaturalist.org/observations/401688219"},"geometry":{"type":"Point","coordinates":[-73.967641946,40.7741710637]}},{"type":"Feature","properties":{"id":"inat-402066684","inat_id":402066684,"observed_on":"2026-09-19","taxon_id":47219,"name":"Western Honey Bee","sci_name":"Apis mellifera","iconic_taxon":"Insecta","rank":"species","user":"pataconpisao","photo":"https://inaturalist-open-data.s3.amazonaws.com/photos/738054960/medium.jpg","url":"https://www.inaturalist.org/observations/402066684"},"geometry":{"type":"Point","coordinates":[-73.8671236563,40.6477023913]}},{"type":"Feature","properties":{"id":"inat-401647743","inat_id":401647743,"observed_on":"2026-09-19","taxon_id":1546004,"name":"Northern Mummichog","sci_name":"Fundulus heteroclitus macrolepidotus","iconic_taxon":"Actinopterygii","rank":"subspecies","user":"dummisauce","photo":"https://inaturalist-open-data.s3.amazonaws.com/photos/737213982/medium.jpg","url":"https://www.inaturalist.org/observations/401647743"},"geometry":{"type":"Point","coordinates":[-73.9317759,40.6024059]}},{"type":"Feature","properties":{"id":"inat-401646442","inat_id":401646442,"observed_on":"2026-09-19","taxon_id":180788,"name":"Sea Walnut","sci_name":"Mnemiopsis leidyi","iconic_taxon":"Animalia","rank":"species","user":"dummisauce","photo":"https://inaturalist-open-data.s3.amazonaws.com/photos/737211324/medium.jpg","url":"https://www.inaturalist.org/observations/401646442"},"geometry":{"type":"Point","coordinates":[-73.931837,40.6023652]}},{"type":"Feature","properties":{"id":"inat-401616347","inat_id":401616347,"observed_on":"2026-09-19","taxon_id":78891,"name":"Cutleaf Blackberry","sci_name":"Rubus laciniatus","iconic_taxon":"Plantae","rank":"species","user":"lastnightsky","photo":"https://inaturalist-open-data.s3.amazonaws.com/photos/737152727/medium.jpg","url":"https://www.inaturalist.org/observations/401616347"},"geometry":{"type":"Point","coordinates":[-73.9170222997,40.5982164997]}},{"type":"Feature","properties":{"id":"inat-401617742","inat_id":401617742,"observed_on":"2026-09-19","taxon_id":82177,"name":"Black Soldier Fly","sci_name":"Hermetia illucens","iconic_taxon":"Insecta","rank":"species","user":"pedunclen","photo":"https://inaturalist-open-data.s3.amazonaws.com/photos/737155679/medium.jpg","url":"https://www.inaturalist.org/observations/401617742"},"geometry":{"type":"Point","coordinates":[-73.9868466667,40.6880383333]}},{"type":"Feature","properties":{"id":"inat-401607237","inat_id":401607237,"observed_on":"2026-09-19","taxon_id":4956,"name":"Great Blue Heron","sci_name":"Ardea herodias","iconic_taxon":"Aves","rank":"species","user":"naturalist154230","photo":"https://inaturalist-open-data.s3.amazonaws.com/photos/737429779/medium.jpg","url":"https://www.inaturalist.org/observations/401607237"},"geometry":{"type":"Point","coordinates":[-73.9522752738,40.7974949885]}},{"type":"Feature","properties":{"id":"inat-401754433","inat_id":401754433,"observed_on":"2026-09-19","taxon_id":39782,"name":"Pond Slider","sci_name":"Trachemys scripta","iconic_taxon":"Reptilia","rank":"species","user":"naturalist154230","photo":"https://inaturalist-open-data.s3.amazonaws.com/photos/737429839/medium.jpg","url":"https://www.inaturalist.org/observations/401754433"},"geometry":{"type":"Point","coordinates":[-73.9522763957,40.7974882279]}},{"type":"Feature","properties":{"id":"inat-401663031","inat_id":401663031,"observed_on":"2026-09-19","taxon_id":158763,"name":"green comet milkweed","sci_name":"Asclepias viridiflora","iconic_taxon":"Plantae","rank":"species","user":"maxim92929","photo":"https://inaturalist-open-data.s3.amazonaws.com/photos/737243761/medium.jpg","url":"https://www.inaturalist.org/observations/401663031"},"geometry":{"type":"Point","coordinates":[-74.0666513531,40.7349283344]}},{"type":"Feature","properties":{"id":"inat-401662510","inat_id":401662510,"observed_on":"2026-09-19","taxon_id":47443,"name":"Persian silk tree","sci_name":"Albizia julibrissin","iconic_taxon":"Plantae","rank":"species","user":"maxim92929","photo":"https://inaturalist-open-data.s3.amazonaws.com/photos/737242578/medium.jpg","url":"https://www.inaturalist.org/observations/401662510"},"geometry":{"type":"Point","coordinates":[-74.084079501,40.6250684793]}},{"type":"Feature","properties":{"id":"inat-401692990","inat_id":401692990,"observed_on":"2026-09-19","taxon_id":17408,"name":"White-eyed Vireo","sci_name":"Vireo griseus","iconic_taxon":"Aves","rank":"species","user":"louiswongphotos","photo":"https://static.inaturalist.org/photos/737303078/medium.jpg","url":"https://www.inaturalist.org/observations/401692990"},"geometry":{"type":"Point","coordinates":[-73.9689102876,40.6574203631]}},{"type":"Feature","properties":{"id":"inat-401662306","inat_id":401662306,"observed_on":"2026-09-19","taxon_id":158763,"name":"green comet milkweed","sci_name":"Asclepias viridiflora","iconic_taxon":"Plantae","rank":"species","user":"maxim92929","photo":"https://inaturalist-open-data.s3.amazonaws.com/photos/737242254/medium.jpg","url":"https://www.inaturalist.org/observations/401662306"},"geometry":{"type":"Point","coordinates":[-74.022103732,40.7314731577]}},{"type":"Feature","properties":{"id":"inat-401604078","inat_id":401604078,"observed_on":"2026-09-19","taxon_id":1649482,"name":"Wrinkly Stinkhorn","sci_name":"Satyrus rugulosus","iconic_taxon":"Fungi","rank":"species","user":"chelseasea","photo":"https://inaturalist-open-data.s3.amazonaws.com/photos/737128453/medium.jpg","url":"https://www.inaturalist.org/observations/401604078"},"geometry":{"type":"Point","coordinates":[-73.9965951352,40.6553831475]}},{"type":"Feature","properties":{"id":"inat-401662214","inat_id":401662214,"observed_on":"2026-09-19","taxon_id":130377,"name":"field goldenrod","sci_name":"Solidago nemoralis","iconic_taxon":"Plantae","rank":"species","user":"maxim92929","photo":"https://inaturalist-open-data.s3.amazonaws.com/photos/737242085/medium.jpg","url":"https://www.inaturalist.org/observations/401662214"},"geometry":{"type":"Point","coordinates":[-74.084332798,40.6250690367]}},{"type":"Feature","properties":{"id":"inat-401747093","inat_id":401747093,"observed_on":"2026-09-19","taxon_id":122767,"name":"Feral Pigeon","sci_name":"Columba livia domestica","iconic_taxon":"Aves","rank":"variety","user":"angrycha1r","photo":"https://inaturalist-open-data.s3.amazonaws.com/photos/737413814/medium.jpg","url":"https://www.inaturalist.org/observations/401747093"},"geometry":{"type":"Point","coordinates":[-74.0078254997,40.7421238]}},{"type":"Feature","properties":{"id":"inat-401661996","inat_id":401661996,"observed_on":"2026-09-19","taxon_id":125186,"name":"round-headed bush clover","sci_name":"Lespedeza capitata","iconic_taxon":"Plantae","rank":"species","user":"maxim92929","photo":"https://inaturalist-open-data.s3.amazonaws.com/photos/737241784/medium.jpg","url":"https://www.inaturalist.org/observations/401661996"},"geometry":{"type":"Point","coordinates":[-74.085551055,40.6255575932]}},{"type":"Feature","properties":{"id":"inat-401661954","inat_id":401661954,"observed_on":"2026-09-19","taxon_id":58727,"name":"Japanese barberry","sci_name":"Berberis thunbergii","iconic_taxon":"Plantae","rank":"species","user":"maxim92929","photo":"https://inaturalist-open-data.s3.amazonaws.com/photos/737241722/medium.jpg","url":"https://www.inaturalist.org/observations/401661954"},"geometry":{"type":"Point","coordinates":[-74.0856099409,40.6255849405]}},{"type":"Feature","properties":{"id":"inat-402079574","inat_id":402079574,"observed_on":"2026-09-19","taxon_id":1454382,"name":"Double-crested Cormorant","sci_name":"Nannopterum auritum","iconic_taxon":"Aves","rank":"species","user":"djringer","photo":"https://inaturalist-open-data.s3.amazonaws.com/photos/738081526/medium.jpg","url":"https://www.inaturalist.org/observations/402079574"},"geometry":{"type":"Point","coordinates":[-73.965805,40.784428]}},{"type":"Feature","properties":{"id":"inat-401653342","inat_id":401653342,"observed_on":"2026-09-19","taxon_id":52925,"name":"Pearl Crescent","sci_name":"Phyciodes tharos","iconic_taxon":"Insecta","rank":"species","user":"mel0114","photo":"https://inaturalist-open-data.s3.amazonaws.com/photos/737225238/medium.jpg","url":"https://www.inaturalist.org/observations/401653342"},"geometry":{"type":"Point","coordinates":[-73.9673216667,40.7779366667]}},{"type":"Feature","properties":{"id":"inat-401671626","inat_id":401671626,"observed_on":"2026-09-19","taxon_id":84224,"name":"Berkeley's Polypore","sci_name":"Bondarzewia berkeleyi","iconic_taxon":"Fungi","rank":"species","user":"monikastangel","photo":"https://inaturalist-open-data.s3.amazonaws.com/photos/737260682/medium.jpg","url":"https://www.inaturalist.org/observations/401671626"},"geometry":{"type":"Point","coordinates":[-74.0140916667,40.689545]}},{"type":"Feature","properties":{"id":"inat-401601894","inat_id":401601894,"observed_on":"2026-09-19","taxon_id":56406,"name":"Common Liverwort","sci_name":"Marchantia polymorpha","iconic_taxon":"Plantae","rank":"species","user":"ishachowdhry","photo":"https://inaturalist-open-data.s3.amazonaws.com/photos/737124807/medium.jpg","url":"https://www.inaturalist.org/observations/401601894"},"geometry":{"type":"Point","coordinates":[-73.7674897055,40.7486634919]}},{"type":"Feature","properties":{"id":"inat-401601350","inat_id":401601350,"observed_on":"2026-09-19","taxon_id":121484,"name":"Furry Snake Millipede","sci_name":"Ophyiulus pilosus","iconic_taxon":"Animalia","rank":"species","user":"sogger","photo":"https://inaturalist-open-data.s3.amazonaws.com/photos/737123828/medium.jpg","url":"https://www.inaturalist.org/observations/401601350"},"geometry":{"type":"Point","coordinates":[-73.9753756577,40.7766767698]}},{"type":"Feature","properties":{"id":"inat-401679629","inat_id":401679629,"observed_on":"2026-09-19","taxon_id":55620,"name":"bittersweet nightshade","sci_name":"Solanum dulcamara","iconic_taxon":"Plantae","rank":"species","user":"pigeon_appreciator","photo":"https://inaturalist-open-data.s3.amazonaws.com/photos/737276318/medium.jpg","url":"https://www.inaturalist.org/observations/401679629"},"geometry":{"type":"Point","coordinates":[-73.839905,40.6613366667]}},{"type":"Feature","properties":{"id":"inat-401601141","inat_id":401601141,"observed_on":"2026-09-19","taxon_id":9602,"name":"Common Grackle","sci_name":"Quiscalus quiscula","iconic_taxon":"Aves","rank":"species","user":"pigeon_appreciator","photo":"https://inaturalist-open-data.s3.amazonaws.com/photos/737123536/medium.jpg","url":"https://www.inaturalist.org/observations/401601141"},"geometry":{"type":"Point","coordinates":[-73.8399116667,40.6613]}},{"type":"Feature","properties":{"id":"inat-401600566","inat_id":401600566,"observed_on":"2026-09-19","taxon_id":62470,"name":"Leopard Slug","sci_name":"Limax maximus","iconic_taxon":"Mollusca","rank":"species","user":"sogger","photo":"https://inaturalist-open-data.s3.amazonaws.com/photos/737123980/medium.jpg","url":"https://www.inaturalist.org/observations/401600566"},"geometry":{"type":"Point","coordinates":[-73.9751540583,40.7765824605]}},{"type":"Feature","properties":{"id":"inat-401600919","inat_id":401600919,"observed_on":"2026-09-19","taxon_id":46017,"name":"Eastern Gray Squirrel","sci_name":"Sciurus carolinensis","iconic_taxon":"Mammalia","rank":"species","user":"ishachowdhry","photo":"https://inaturalist-open-data.s3.amazonaws.com/photos/737123148/medium.jpg","url":"https://www.inaturalist.org/observations/401600919"},"geometry":{"type":"Point","coordinates":[-73.7677401231,40.748538552]}},{"type":"Feature","properties":{"id":"inat-401600482","inat_id":401600482,"observed_on":"2026-09-19","taxon_id":49594,"name":"Black Crappie","sci_name":"Pomoxis nigromaculatus","iconic_taxon":"Actinopterygii","rank":"species","user":"joel_rhee","photo":"https://inaturalist-open-data.s3.amazonaws.com/photos/737122185/medium.jpg","url":"https://www.inaturalist.org/observations/401600482"},"geometry":{"type":"Point","coordinates":[-73.8066116667,40.74728]}},{"type":"Feature","properties":{"id":"inat-401642651","inat_id":401642651,"observed_on":"2026-09-19","taxon_id":48662,"name":"Monarch","sci_name":"Danaus plexippus","iconic_taxon":"Insecta","rank":"species","user":"frederica","photo":"https://static.inaturalist.org/photos/737203261/medium.jpg","url":"https://www.inaturalist.org/observations/401642651"},"geometry":{"type":"Point","coordinates":[-73.9581083333,40.759145]}},{"type":"Feature","properties":{"id":"inat-401883589","inat_id":401883589,"observed_on":"2026-09-19","taxon_id":337045,"name":"Italian Wall Lizard","sci_name":"Podarcis siculus","iconic_taxon":"Reptilia","rank":"species","user":"camillianne","photo":"https://inaturalist-open-data.s3.amazonaws.com/photos/737684760/medium.jpg","url":"https://www.inaturalist.org/observations/401883589"},"geometry":{"type":"Point","coordinates":[-73.9629216667,40.6646166667]}},{"type":"Feature","properties":{"id":"inat-401598871","inat_id":401598871,"observed_on":"2026-09-19","taxon_id":337045,"name":"Italian Wall Lizard","sci_name":"Podarcis siculus","iconic_taxon":"Reptilia","rank":"species","user":"imcoyote","photo":"https://inaturalist-open-data.s3.amazonaws.com/photos/737119217/medium.jpg","url":"https://www.inaturalist.org/observations/401598871"},"geometry":{"type":"Point","coordinates":[-73.8855736142,40.6895060689]}},{"type":"Feature","properties":{"id":"inat-401598318","inat_id":401598318,"observed_on":"2026-09-19","taxon_id":16602,"name":"Least Flycatcher","sci_name":"Empidonax minimus","iconic_taxon":"Aves","rank":"species","user":"patrickhoran","photo":"https://static.inaturalist.org/photos/737118184/medium.jpg","url":"https://www.inaturalist.org/observations/401598318"},"geometry":{"type":"Point","coordinates":[-73.8115777778,40.8704555556]}},{"type":"Feature","properties":{"id":"inat-401726898","inat_id":401726898,"observed_on":"2026-09-19","taxon_id":58586,"name":"Viceroy","sci_name":"Limenitis archippus","iconic_taxon":"Insecta","rank":"species","user":"zihaowang","photo":"https://inaturalist-open-data.s3.amazonaws.com/photos/737371826/medium.jpg","url":"https://www.inaturalist.org/observations/401726898"},"geometry":{"type":"Point","coordinates":[-74.0918287262,40.5804764423]}},{"type":"Feature","properties":{"id":"inat-402985772","inat_id":402985772,"observed_on":"2026-09-19","taxon_id":12727,"name":"American Robin","sci_name":"Turdus migratorius","iconic_taxon":"Aves","rank":"species","user":"savannahbug","photo":"https://static.inaturalist.org/photos/739855923/medium.jpg","url":"https://www.inaturalist.org/observations/402985772"},"geometry":{"type":"Point","coordinates":[-73.97168,40.77843]}},{"type":"Feature","properties":{"id":"inat-401719567","inat_id":401719567,"observed_on":"2026-09-19","taxon_id":16100,"name":"Eastern Wood-Pewee","sci_name":"Contopus virens","iconic_taxon":"Aves","rank":"species","user":"pilcrow","photo":"https://inaturalist-open-data.s3.amazonaws.com/photos/737357627/medium.jpg","url":"https://www.inaturalist.org/observations/401719567"},"geometry":{"type":"Point","coordinates":[-73.9995175167,40.5844674122]}},{"type":"Feature","properties":{"id":"inat-401719565","inat_id":401719565,"observed_on":"2026-09-19","taxon_id":145242,"name":"Palm Warbler","sci_name":"Setophaga palmarum","iconic_taxon":"Aves","rank":"species","user":"pilcrow","photo":"https://inaturalist-open-data.s3.amazonaws.com/photos/737357595/medium.jpg","url":"https://www.inaturalist.org/observations/401719565"},"geometry":{"type":"Point","coordinates":[-73.9991473718,40.5847428178]}},{"type":"Feature","properties":{"id":"inat-401595272","inat_id":401595272,"observed_on":"2026-09-19","taxon_id":14850,"name":"European Starling","sci_name":"Sturnus vulgaris","iconic_taxon":"Aves","rank":"species","user":"greenhouseleafnibbler","photo":"https://inaturalist-open-data.s3.amazonaws.com/photos/737112994/medium.jpg","url":"https://www.inaturalist.org/observations/401595272"},"geometry":{"type":"Point","coordinates":[-73.9665073716,40.8042674186]}},{"type":"Feature","properties":{"id":"inat-401597833","inat_id":401597833,"observed_on":"2026-09-19","taxon_id":57278,"name":"tree-of-heaven","sci_name":"Ailanthus altissima","iconic_taxon":"Plantae","rank":"species","user":"emwild","photo":"https://inaturalist-open-data.s3.amazonaws.com/photos/737117341/medium.jpg","url":"https://www.inaturalist.org/observations/401597833"},"geometry":{"type":"Point","coordinates":[-73.8959828903,40.8207216235]}},{"type":"Feature","properties":{"id":"inat-401719560","inat_id":401719560,"observed_on":"2026-09-19","taxon_id":10286,"name":"Black-and-white Warbler","sci_name":"Mniotilta varia","iconic_taxon":"Aves","rank":"species","user":"pilcrow","photo":"https://inaturalist-open-data.s3.amazonaws.com/photos/737357573/medium.jpg","url":"https://www.inaturalist.org/observations/401719560"},"geometry":{"type":"Point","coordinates":[-73.9970472022,40.5855286795]}},{"type":"Feature","properties":{"id":"inat-401647396","inat_id":401647396,"observed_on":"2026-09-19","taxon_id":48302,"name":"Atlantic Horseshoe Crab","sci_name":"Limulus polyphemus","iconic_taxon":"Animalia","rank":"species","user":"dummisauce","photo":"https://inaturalist-open-data.s3.amazonaws.com/photos/737213216/medium.jpg","url":"https://www.inaturalist.org/observations/401647396"},"geometry":{"type":"Point","coordinates":[-73.9318616,40.6025038]}},{"type":"Feature","properties":{"id":"inat-402258777","inat_id":402258777,"observed_on":"2026-09-19","taxon_id":143803,"name":"low smartweed","sci_name":"Persicaria longiseta","iconic_taxon":"Plantae","rank":"species","user":"emisterdouglas","photo":"https://inaturalist-open-data.s3.amazonaws.com/photos/738430528/medium.jpg","url":"https://www.inaturalist.org/observations/402258777"},"geometry":{"type":"Point","coordinates":[-73.9322451,40.8657066]}},{"type":"Feature","properties":{"id":"inat-402258516","inat_id":402258516,"observed_on":"2026-09-19","taxon_id":52927,"name":"Asiatic dayflower","sci_name":"Commelina communis","iconic_taxon":"Plantae","rank":"species","user":"emisterdouglas","photo":"https://inaturalist-open-data.s3.amazonaws.com/photos/738429405/medium.jpg","url":"https://www.inaturalist.org/observations/402258516"},"geometry":{"type":"Point","coordinates":[-73.9322456,40.8656876]}},{"type":"Feature","properties":{"id":"inat-401769940","inat_id":401769940,"observed_on":"2026-09-19","taxon_id":54900,"name":"Eastern Black Swallowtail","sci_name":"Papilio polyxenes asterius","iconic_taxon":"Insecta","rank":"subspecies","user":"lunaspider","photo":"https://inaturalist-open-data.s3.amazonaws.com/photos/737461196/medium.jpg","url":"https://www.inaturalist.org/observations/401769940"},"geometry":{"type":"Point","coordinates":[-73.9916395088,40.7627627604]}},{"type":"Feature","properties":{"id":"inat-401719554","inat_id":401719554,"observed_on":"2026-09-19","taxon_id":16100,"name":"Eastern Wood-Pewee","sci_name":"Contopus virens","iconic_taxon":"Aves","rank":"species","user":"pilcrow","photo":"https://inaturalist-open-data.s3.amazonaws.com/photos/737357571/medium.jpg","url":"https://www.inaturalist.org/observations/401719554"},"geometry":{"type":"Point","coordinates":[-73.9970052664,40.5856183736]}},{"type":"Feature","properties":{"id":"inat-402237349","inat_id":402237349,"observed_on":"2026-09-19","taxon_id":19349,"name":"Monk Parakeet","sci_name":"Myiopsitta monachus","iconic_taxon":"Aves","rank":"species","user":"birb777","photo":"https://inaturalist-open-data.s3.amazonaws.com/photos/738389057/medium.jpg","url":"https://www.inaturalist.org/observations/402237349"},"geometry":{"type":"Point","coordinates":[-73.9955638215,40.658869039]}},{"type":"Feature","properties":{"id":"inat-402072384","inat_id":402072384,"observed_on":"2026-09-19","taxon_id":48484,"name":"Asian Lady Beetle","sci_name":"Harmonia axyridis","iconic_taxon":"Insecta","rank":"species","user":"pataconpisao","photo":"https://inaturalist-open-data.s3.amazonaws.com/photos/738066907/medium.jpg","url":"https://www.inaturalist.org/observations/402072384"},"geometry":{"type":"Point","coordinates":[-73.874163146,40.6417424008]}},{"type":"Feature","properties":{"id":"inat-401652528","inat_id":401652528,"observed_on":"2026-09-19","taxon_id":119806,"name":"great blue lobelia","sci_name":"Lobelia siphilitica","iconic_taxon":"Plantae","rank":"species","user":"mel0114","photo":"https://inaturalist-open-data.s3.amazonaws.com/photos/737223761/medium.jpg","url":"https://www.inaturalist.org/observations/401652528"},"geometry":{"type":"Point","coordinates":[-73.96985,40.7755616667]}},{"type":"Feature","properties":{"id":"inat-402074150","inat_id":402074150,"observed_on":"2026-09-19","taxon_id":48484,"name":"Asian Lady Beetle","sci_name":"Harmonia axyridis","iconic_taxon":"Insecta","rank":"species","user":"pataconpisao","photo":"https://inaturalist-open-data.s3.amazonaws.com/photos/738070401/medium.jpg","url":"https://www.inaturalist.org/observations/402074150"},"geometry":{"type":"Point","coordinates":[-73.8744635529,40.6417098147]}},{"type":"Feature","properties":{"id":"inat-401588902","inat_id":401588902,"observed_on":"2026-09-19","taxon_id":75916,"name":"Butterfly bush","sci_name":"Buddleja davidii","iconic_taxon":"Plantae","rank":"species","user":"barclaymorrison","photo":"https://inaturalist-open-data.s3.amazonaws.com/photos/737101990/medium.jpg","url":"https://www.inaturalist.org/observations/401588902"},"geometry":{"type":"Point","coordinates":[-73.95575084,40.81027222]}},{"type":"Feature","properties":{"id":"inat-401594096","inat_id":401594096,"observed_on":"2026-09-19","taxon_id":144455,"name":"Great Egret","sci_name":"Ardea alba","iconic_taxon":"Aves","rank":"species","user":"oludamola","photo":"https://inaturalist-open-data.s3.amazonaws.com/photos/737122129/medium.jpg","url":"https://www.inaturalist.org/observations/401594096"},"geometry":{"type":"Point","coordinates":[-74.0534401,40.6980271997]}},{"type":"Feature","properties":{"id":"inat-401714027","inat_id":401714027,"observed_on":"2026-09-19","taxon_id":1455248,"name":"Huron Skipper","sci_name":"Atalopedes huron","iconic_taxon":"Insecta","rank":"species","user":"brigdh","photo":"https://static.inaturalist.org/photos/737346967/medium.jpg","url":"https://www.inaturalist.org/observations/401714027"},"geometry":{"type":"Point","coordinates":[-73.9308472222,40.6752805556]}},{"type":"Feature","properties":{"id":"inat-401713299","inat_id":401713299,"observed_on":"2026-09-19","taxon_id":55626,"name":"Small White","sci_name":"Pieris rapae","iconic_taxon":"Insecta","rank":"species","user":"brigdh","photo":"https://static.inaturalist.org/photos/737345211/medium.jpg","url":"https://www.inaturalist.org/observations/401713299"},"geometry":{"type":"Point","coordinates":[-73.9308472222,40.6752805556]}},{"type":"Feature","properties":{"id":"inat-401652842","inat_id":401652842,"observed_on":"2026-09-19","taxon_id":39782,"name":"Pond Slider","sci_name":"Trachemys scripta","iconic_taxon":"Reptilia","rank":"species","user":"mel0114","photo":"https://inaturalist-open-data.s3.amazonaws.com/photos/737224353/medium.jpg","url":"https://www.inaturalist.org/observations/401652842"},"geometry":{"type":"Point","coordinates":[-73.9701083333,40.7755783333]}},{"type":"Feature","properties":{"id":"inat-402074669","inat_id":402074669,"observed_on":"2026-09-19","taxon_id":116681,"name":"Ailanthus Webworm Moth","sci_name":"Atteva aurea","iconic_taxon":"Insecta","rank":"species","user":"pataconpisao","photo":"https://inaturalist-open-data.s3.amazonaws.com/photos/738071298/medium.jpg","url":"https://www.inaturalist.org/observations/402074669"},"geometry":{"type":"Point","coordinates":[-73.8745493787,40.6411887844]}},{"type":"Feature","properties":{"id":"inat-401719553","inat_id":401719553,"observed_on":"2026-09-19","taxon_id":199916,"name":"Black-throated Blue Warbler","sci_name":"Setophaga caerulescens","iconic_taxon":"Aves","rank":"species","user":"pilcrow","photo":"https://inaturalist-open-data.s3.amazonaws.com/photos/737357544/medium.jpg","url":"https://www.inaturalist.org/observations/401719553"},"geometry":{"type":"Point","coordinates":[-73.9966941301,40.5854660015]}},{"type":"Feature","properties":{"id":"inat-401589486","inat_id":401589486,"observed_on":"2026-09-19","taxon_id":49591,"name":"Bluegill","sci_name":"Lepomis macrochirus","iconic_taxon":"Actinopterygii","rank":"species","user":"joel_rhee","photo":"https://inaturalist-open-data.s3.amazonaws.com/photos/737102873/medium.jpg","url":"https://www.inaturalist.org/observations/401589486"},"geometry":{"type":"Point","coordinates":[-73.8033,40.7493633333]}},{"type":"Feature","properties":{"id":"inat-402075061","inat_id":402075061,"observed_on":"2026-09-19","taxon_id":48586,"name":"Brown-lipped Snail","sci_name":"Cepaea nemoralis","iconic_taxon":"Mollusca","rank":"species","user":"pataconpisao","photo":"https://inaturalist-open-data.s3.amazonaws.com/photos/738072133/medium.jpg","url":"https://www.inaturalist.org/observations/402075061"},"geometry":{"type":"Point","coordinates":[-73.8740773116,40.6416121463]}},{"type":"Feature","properties":{"id":"inat-401588341","inat_id":401588341,"observed_on":"2026-09-19","taxon_id":155106,"name":"Black-shouldered Drone Fly","sci_name":"Eristalis dimidiata","iconic_taxon":"Insecta","rank":"species","user":"sogger","photo":"https://inaturalist-open-data.s3.amazonaws.com/photos/737100944/medium.jpg","url":"https://www.inaturalist.org/observations/401588341"},"geometry":{"type":"Point","coordinates":[-73.9768955592,40.7739155261]}},{"type":"Feature","properties":{"id":"inat-402598863","inat_id":402598863,"observed_on":"2026-09-19","taxon_id":4364,"name":"Ring-billed Gull","sci_name":"Larus delawarensis","iconic_taxon":"Aves","rank":"species","user":"ni2plus","photo":"https://inaturalist-open-data.s3.amazonaws.com/photos/739097374/medium.jpg","url":"https://www.inaturalist.org/observations/402598863"},"geometry":{"type":"Point","coordinates":[-74.0931627,40.57149]}},{"type":"Feature","properties":{"id":"inat-402076368","inat_id":402076368,"observed_on":"2026-09-19","taxon_id":324726,"name":"Spotted Lanternfly","sci_name":"Lycorma delicatula","iconic_taxon":"Insecta","rank":"species","user":"pataconpisao","photo":"https://inaturalist-open-data.s3.amazonaws.com/photos/738075395/medium.jpg","url":"https://www.inaturalist.org/observations/402076368"},"geometry":{"type":"Point","coordinates":[-73.8738434843,40.6416233071]}},{"type":"Feature","properties":{"id":"inat-401632637","inat_id":401632637,"observed_on":"2026-09-19","taxon_id":324726,"name":"Spotted Lanternfly","sci_name":"Lycorma delicatula","iconic_taxon":"Insecta","rank":"species","user":"endoblue","photo":"https://inaturalist-open-data.s3.amazonaws.com/photos/737183838/medium.jpg","url":"https://www.inaturalist.org/observations/401632637"},"geometry":{"type":"Point","coordinates":[-73.9518018639,40.7729162861]}},{"type":"Feature","properties":{"id":"inat-402075583","inat_id":402075583,"observed_on":"2026-09-19","taxon_id":324726,"name":"Spotted Lanternfly","sci_name":"Lycorma delicatula","iconic_taxon":"Insecta","rank":"species","user":"pataconpisao","photo":"https://inaturalist-open-data.s3.amazonaws.com/photos/738073308/medium.jpg","url":"https://www.inaturalist.org/observations/402075583"},"geometry":{"type":"Point","coordinates":[-73.8740773112,40.6414492949]}},{"type":"Feature","properties":{"id":"inat-401952836","inat_id":401952836,"observed_on":"2026-09-19","taxon_id":53713,"name":"chicken of the woods","sci_name":"Laetiporus sulphureus","iconic_taxon":"Fungi","rank":"species","user":"drjammy","photo":"https://inaturalist-open-data.s3.amazonaws.com/photos/737822438/medium.jpg","url":"https://www.inaturalist.org/observations/401952836"},"geometry":{"type":"Point","coordinates":[-73.9238916667,40.8711638889]}},{"type":"Feature","properties":{"id":"inat-401685506","inat_id":401685506,"observed_on":"2026-09-19","taxon_id":1454382,"name":"Double-crested Cormorant","sci_name":"Nannopterum auritum","iconic_taxon":"Aves","rank":"species","user":"elharo","photo":"https://static.inaturalist.org/photos/737287212/medium.jpg","url":"https://www.inaturalist.org/observations/401685506"},"geometry":{"type":"Point","coordinates":[-73.9721683333,40.6597516667]}},{"type":"Feature","properties":{"id":"inat-402598862","inat_id":402598862,"observed_on":"2026-09-19","taxon_id":53875,"name":"Atlantic Ghost Crab","sci_name":"Ocypode quadrata","iconic_taxon":"Animalia","rank":"species","user":"ni2plus","photo":"https://inaturalist-open-data.s3.amazonaws.com/photos/739097350/medium.jpg","url":"https://www.inaturalist.org/observations/402598862"},"geometry":{"type":"Point","coordinates":[-74.0931627,40.57149]}},{"type":"Feature","properties":{"id":"inat-401586148","inat_id":401586148,"observed_on":"2026-09-19","taxon_id":119048,"name":"white snakeroot","sci_name":"Ageratina altissima","iconic_taxon":"Plantae","rank":"species","user":"rewater","photo":"https://inaturalist-open-data.s3.amazonaws.com/photos/739872695/medium.jpg","url":"https://www.inaturalist.org/observations/401586148"},"geometry":{"type":"Point","coordinates":[-73.9307091098,40.8638585189]}},{"type":"Feature","properties":{"id":"inat-402060703","inat_id":402060703,"observed_on":"2026-09-19","taxon_id":9083,"name":"Northern Cardinal","sci_name":"Cardinalis cardinalis","iconic_taxon":"Aves","rank":"species","user":"pyta","photo":"https://inaturalist-open-data.s3.amazonaws.com/photos/738043057/medium.jpg","url":"https://www.inaturalist.org/observations/402060703"},"geometry":{"type":"Point","coordinates":[-73.971145,40.77947]}},{"type":"Feature","properties":{"id":"inat-402598859","inat_id":402598859,"observed_on":"2026-09-19","taxon_id":4368,"name":"Great Black-backed Gull","sci_name":"Larus marinus","iconic_taxon":"Aves","rank":"species","user":"ni2plus","photo":"https://inaturalist-open-data.s3.amazonaws.com/photos/739097345/medium.jpg","url":"https://www.inaturalist.org/observations/402598859"},"geometry":{"type":"Point","coordinates":[-74.0931627,40.57149]}},{"type":"Feature","properties":{"id":"inat-401704731","inat_id":401704731,"observed_on":"2026-09-19","taxon_id":48618,"name":"prickly cucumber","sci_name":"Echinocystis lobata","iconic_taxon":"Plantae","rank":"species","user":"noelhefele","photo":"https://inaturalist-open-data.s3.amazonaws.com/photos/737327200/medium.jpg","url":"https://www.inaturalist.org/observations/401704731"},"geometry":{"type":"Point","coordinates":[-73.8866698543,40.900702559]}},{"type":"Feature","properties":{"id":"inat-401585323","inat_id":401585323,"observed_on":"2026-09-19","taxon_id":122767,"name":"Feral Pigeon","sci_name":"Columba livia domestica","iconic_taxon":"Aves","rank":"variety","user":"rainbowj","photo":"https://inaturalist-open-data.s3.amazonaws.com/photos/737320607/medium.jpg","url":"https://www.inaturalist.org/observations/401585323"},"geometry":{"type":"Point","coordinates":[-73.94885391,40.7439626428]}},{"type":"Feature","properties":{"id":"inat-402328992","inat_id":402328992,"observed_on":"2026-09-19","taxon_id":6432,"name":"Ruby-throated Hummingbird","sci_name":"Archilochus colubris","iconic_taxon":"Aves","rank":"species","user":"gavin55699","photo":"https://inaturalist-open-data.s3.amazonaws.com/photos/738570723/medium.jpg","url":"https://www.inaturalist.org/observations/402328992"},"geometry":{"type":"Point","coordinates":[-73.9693037339,40.7784227625]}},{"type":"Feature","properties":{"id":"inat-402061129","inat_id":402061129,"observed_on":"2026-09-19","taxon_id":46017,"name":"Eastern Gray Squirrel","sci_name":"Sciurus carolinensis","iconic_taxon":"Mammalia","rank":"species","user":"pyta","photo":"https://inaturalist-open-data.s3.amazonaws.com/photos/738043974/medium.jpg","url":"https://www.inaturalist.org/observations/402061129"},"geometry":{"type":"Point","coordinates":[-73.9699166667,40.7786333333]}},{"type":"Feature","properties":{"id":"inat-402598857","inat_id":402598857,"observed_on":"2026-09-19","taxon_id":4364,"name":"Ring-billed Gull","sci_name":"Larus delawarensis","iconic_taxon":"Aves","rank":"species","user":"ni2plus","photo":"https://inaturalist-open-data.s3.amazonaws.com/photos/739097340/medium.jpg","url":"https://www.inaturalist.org/observations/402598857"},"geometry":{"type":"Point","coordinates":[-74.0931627,40.57149]}},{"type":"Feature","properties":{"id":"inat-402598856","inat_id":402598856,"observed_on":"2026-09-19","taxon_id":122767,"name":"Feral Pigeon","sci_name":"Columba livia domestica","iconic_taxon":"Aves","rank":"variety","user":"ni2plus","photo":"https://inaturalist-open-data.s3.amazonaws.com/photos/739097311/medium.jpg","url":"https://www.inaturalist.org/observations/402598856"},"geometry":{"type":"Point","coordinates":[-74.0931627,40.57149]}},{"type":"Feature","properties":{"id":"inat-402598854","inat_id":402598854,"observed_on":"2026-09-19","taxon_id":4364,"name":"Ring-billed Gull","sci_name":"Larus delawarensis","iconic_taxon":"Aves","rank":"species","user":"ni2plus","photo":"https://inaturalist-open-data.s3.amazonaws.com/photos/739097312/medium.jpg","url":"https://www.inaturalist.org/observations/402598854"},"geometry":{"type":"Point","coordinates":[-74.0931627,40.57149]}},{"type":"Feature","properties":{"id":"inat-401666197","inat_id":401666197,"observed_on":"2026-09-19","taxon_id":371940,"name":"Ouachita Map Turtle","sci_name":"Graptemys ouachitensis","iconic_taxon":"Reptilia","rank":"species","user":"antoutside","photo":"https://inaturalist-open-data.s3.amazonaws.com/photos/737249241/medium.jpg","url":"https://www.inaturalist.org/observations/401666197"},"geometry":{"type":"Point","coordinates":[-73.9691575823,40.656298668]}},{"type":"Feature","properties":{"id":"inat-401583865","inat_id":401583865,"observed_on":"2026-09-19","taxon_id":52344,"name":"common morning-glory","sci_name":"Ipomoea purpurea","iconic_taxon":"Plantae","rank":"species","user":"tannyboyy","photo":"https://inaturalist-open-data.s3.amazonaws.com/photos/737092428/medium.jpg","url":"https://www.inaturalist.org/observations/401583865"},"geometry":{"type":"Point","coordinates":[-73.9344100952,40.7945671082]}},{"type":"Feature","properties":{"id":"inat-402598853","inat_id":402598853,"observed_on":"2026-09-19","taxon_id":1578489,"name":"American Herring Gull","sci_name":"Larus smithsonianus","iconic_taxon":"Aves","rank":"species","user":"ni2plus","photo":"https://inaturalist-open-data.s3.amazonaws.com/photos/739097306/medium.jpg","url":"https://www.inaturalist.org/observations/402598853"},"geometry":{"type":"Point","coordinates":[-74.0931627,40.57149]}},{"type":"Feature","properties":{"id":"inat-401627033","inat_id":401627033,"observed_on":"2026-09-19","taxon_id":130989,"name":"flat-topped goldenrod","sci_name":"Euthamia graminifolia","iconic_taxon":"Plantae","rank":"species","user":"marieviljoen","photo":"https://inaturalist-open-data.s3.amazonaws.com/photos/737173439/medium.jpg","url":"https://www.inaturalist.org/observations/401627033"},"geometry":{"type":"Point","coordinates":[-73.89408125,40.56136277]}},{"type":"Feature","properties":{"id":"inat-402236570","inat_id":402236570,"observed_on":"2026-09-19","taxon_id":55830,"name":"ground-ivy","sci_name":"Glechoma hederacea","iconic_taxon":"Plantae","rank":"species","user":"elharo","photo":"https://static.inaturalist.org/photos/738387539/medium.jpg","url":"https://www.inaturalist.org/observations/402236570"},"geometry":{"type":"Point","coordinates":[-73.9718827497,40.6597301742]}},{"type":"Feature","properties":{"id":"inat-402598852","inat_id":402598852,"observed_on":"2026-09-19","taxon_id":144539,"name":"Royal Tern","sci_name":"Thalasseus maximus","iconic_taxon":"Aves","rank":"species","user":"ni2plus","photo":"https://inaturalist-open-data.s3.amazonaws.com/photos/739096720/medium.jpg","url":"https://www.inaturalist.org/observations/402598852"},"geometry":{"type":"Point","coordinates":[-74.0931627,40.57149]}},{"type":"Feature","properties":{"id":"inat-401583468","inat_id":401583468,"observed_on":"2026-09-19","taxon_id":4956,"name":"Great Blue Heron","sci_name":"Ardea herodias","iconic_taxon":"Aves","rank":"species","user":"oludamola","photo":"https://inaturalist-open-data.s3.amazonaws.com/photos/737091794/medium.jpg","url":"https://www.inaturalist.org/observations/401583468"},"geometry":{"type":"Point","coordinates":[-74.0577798997,40.6939502997]}},{"type":"Feature","properties":{"id":"inat-401633433","inat_id":401633433,"observed_on":"2026-09-19","taxon_id":68334,"name":"Chinese Softshell Turtle","sci_name":"Pelodiscus sinensis","iconic_taxon":"Reptilia","rank":"species","user":"joel_rhee","photo":"https://inaturalist-open-data.s3.amazonaws.com/photos/737185218/medium.jpg","url":"https://www.inaturalist.org/observations/401633433"},"geometry":{"type":"Point","coordinates":[-73.8059916667,40.749695]}},{"type":"Feature","properties":{"id":"inat-401899121","inat_id":401899121,"observed_on":"2026-09-19","taxon_id":81495,"name":"Twelve-spotted Skimmer","sci_name":"Libellula pulchella","iconic_taxon":"Insecta","rank":"species","user":"antoutside","photo":"https://inaturalist-open-data.s3.amazonaws.com/photos/737710054/medium.jpg","url":"https://www.inaturalist.org/observations/401899121"},"geometry":{"type":"Point","coordinates":[-73.9689672509,40.6562812718]}},{"type":"Feature","properties":{"id":"inat-401582251","inat_id":401582251,"observed_on":"2026-09-19","taxon_id":324726,"name":"Spotted Lanternfly","sci_name":"Lycorma delicatula","iconic_taxon":"Insecta","rank":"species","user":"umevelvets","photo":"https://inaturalist-open-data.s3.amazonaws.com/photos/737105520/medium.jpg","url":"https://www.inaturalist.org/observations/401582251"},"geometry":{"type":"Point","coordinates":[-73.9696121216,40.7769546509]}},{"type":"Feature","properties":{"id":"inat-401899117","inat_id":401899117,"observed_on":"2026-09-19","taxon_id":84549,"name":"Common Whitetail","sci_name":"Plathemis lydia","iconic_taxon":"Insecta","rank":"species","user":"antoutside","photo":"https://inaturalist-open-data.s3.amazonaws.com/photos/737712647/medium.jpg","url":"https://www.inaturalist.org/observations/401899117"},"geometry":{"type":"Point","coordinates":[-73.9690073332,40.6562851123]}},{"type":"Feature","properties":{"id":"inat-401586605","inat_id":401586605,"observed_on":"2026-09-19","taxon_id":555968,"name":"Atlantic Sand Fiddler Crab","sci_name":"Leptuca pugilator","iconic_taxon":"Animalia","rank":"species","user":"vinny_herpenthusiast","photo":"https://inaturalist-open-data.s3.amazonaws.com/photos/737097620/medium.jpg","url":"https://www.inaturalist.org/observations/401586605"},"geometry":{"type":"Point","coordinates":[-73.7882,40.8708333333]}},{"type":"Feature","properties":{"id":"inat-401664876","inat_id":401664876,"observed_on":"2026-09-19","taxon_id":47888,"name":"common jewelweed","sci_name":"Impatiens capensis","iconic_taxon":"Plantae","rank":"species","user":"darfio","photo":"https://inaturalist-open-data.s3.amazonaws.com/photos/737245317/medium.jpg","url":"https://www.inaturalist.org/observations/401664876"},"geometry":{"type":"Point","coordinates":[-73.9694326241,40.7777572083]}},{"type":"Feature","properties":{"id":"inat-401581462","inat_id":401581462,"observed_on":"2026-09-19","taxon_id":10286,"name":"Black-and-white Warbler","sci_name":"Mniotilta varia","iconic_taxon":"Aves","rank":"species","user":"fiddlingabout","photo":"https://static.inaturalist.org/photos/737087674/medium.jpg","url":"https://www.inaturalist.org/observations/401581462"},"geometry":{"type":"Point","coordinates":[-73.9228624665,40.7471154957]}},{"type":"Feature","properties":{"id":"inat-401586606","inat_id":401586606,"observed_on":"2026-09-19","taxon_id":555970,"name":"Mud Fiddler Crab","sci_name":"Minuca pugnax","iconic_taxon":"Animalia","rank":"species","user":"vinny_herpenthusiast","photo":"https://inaturalist-open-data.s3.amazonaws.com/photos/737097628/medium.jpg","url":"https://www.inaturalist.org/observations/401586606"},"geometry":{"type":"Point","coordinates":[-73.7882216667,40.87085]}},{"type":"Feature","properties":{"id":"inat-401586539","inat_id":401586539,"observed_on":"2026-09-19","taxon_id":555970,"name":"Mud Fiddler Crab","sci_name":"Minuca pugnax","iconic_taxon":"Animalia","rank":"species","user":"vinny_herpenthusiast","photo":"https://inaturalist-open-data.s3.amazonaws.com/photos/737097528/medium.jpg","url":"https://www.inaturalist.org/observations/401586539"},"geometry":{"type":"Point","coordinates":[-73.7882083333,40.8708916667]}},{"type":"Feature","properties":{"id":"inat-403134186","inat_id":403134186,"observed_on":"2026-09-19","taxon_id":79141,"name":"black nightshade","sci_name":"Solanum nigrum","iconic_taxon":"Plantae","rank":"species","user":"jerise","photo":"https://inaturalist-open-data.s3.amazonaws.com/photos/740138380/medium.jpg","url":"https://www.inaturalist.org/observations/403134186"},"geometry":{"type":"Point","coordinates":[-73.9448454,40.8290164]}},{"type":"Feature","properties":{"id":"inat-402061342","inat_id":402061342,"observed_on":"2026-09-19","taxon_id":47888,"name":"common jewelweed","sci_name":"Impatiens capensis","iconic_taxon":"Plantae","rank":"species","user":"pyta","photo":"https://inaturalist-open-data.s3.amazonaws.com/photos/738044320/medium.jpg","url":"https://www.inaturalist.org/observations/402061342"},"geometry":{"type":"Point","coordinates":[-73.9691866667,40.7778083333]}},{"type":"Feature","properties":{"id":"inat-401584212","inat_id":401584212,"observed_on":"2026-09-19","taxon_id":47912,"name":"butterfly milkweed","sci_name":"Asclepias tuberosa","iconic_taxon":"Plantae","rank":"species","user":"cappycollins","photo":"https://inaturalist-open-data.s3.amazonaws.com/photos/737092913/medium.jpg","url":"https://www.inaturalist.org/observations/401584212"},"geometry":{"type":"Point","coordinates":[-73.9562042997,40.7548098997]}},{"type":"Feature","properties":{"id":"inat-401586527","inat_id":401586527,"observed_on":"2026-09-19","taxon_id":555968,"name":"Atlantic Sand Fiddler Crab","sci_name":"Leptuca pugilator","iconic_taxon":"Animalia","rank":"species","user":"vinny_herpenthusiast","photo":"https://inaturalist-open-data.s3.amazonaws.com/photos/737097507/medium.jpg","url":"https://www.inaturalist.org/observations/401586527"},"geometry":{"type":"Point","coordinates":[-73.786805,40.869245]}},{"type":"Feature","properties":{"id":"inat-401580251","inat_id":401580251,"observed_on":"2026-09-19","taxon_id":52925,"name":"Pearl Crescent","sci_name":"Phyciodes tharos","iconic_taxon":"Insecta","rank":"species","user":"megan1809","photo":"https://static.inaturalist.org/photos/737085166/medium.jpg","url":"https://www.inaturalist.org/observations/401580251"},"geometry":{"type":"Point","coordinates":[-74.0881400988,40.5782405961]}},{"type":"Feature","properties":{"id":"inat-401861531","inat_id":401861531,"observed_on":"2026-09-19","taxon_id":52925,"name":"Pearl Crescent","sci_name":"Phyciodes tharos","iconic_taxon":"Insecta","rank":"species","user":"achillesachillesachilles","photo":"https://static.inaturalist.org/photos/737641912/medium.jpg","url":"https://www.inaturalist.org/observations/401861531"},"geometry":{"type":"Point","coordinates":[-74.0881583333,40.5782666667]}},{"type":"Feature","properties":{"id":"inat-402319553","inat_id":402319553,"observed_on":"2026-09-19","taxon_id":47914,"name":"Pandorus Sphinx","sci_name":"Eumorpha pandorus","iconic_taxon":"Insecta","rank":"species","user":"ellie426","photo":"https://static.inaturalist.org/photos/738551868/medium.jpg","url":"https://www.inaturalist.org/observations/402319553"},"geometry":{"type":"Point","coordinates":[-73.9641340584,40.7833949405]}},{"type":"Feature","properties":{"id":"inat-402077270","inat_id":402077270,"observed_on":"2026-09-19","taxon_id":47219,"name":"Western Honey Bee","sci_name":"Apis mellifera","iconic_taxon":"Insecta","rank":"species","user":"pataconpisao","photo":"https://inaturalist-open-data.s3.amazonaws.com/photos/738077069/medium.jpg","url":"https://www.inaturalist.org/observations/402077270"},"geometry":{"type":"Point","coordinates":[-73.874077312,40.6411562124]}},{"type":"Feature","properties":{"id":"inat-401579772","inat_id":401579772,"observed_on":"2026-09-19","taxon_id":76790,"name":"Goose Grass","sci_name":"Eleusine indica","iconic_taxon":"Plantae","rank":"species","user":"deepabhargava","photo":"https://inaturalist-open-data.s3.amazonaws.com/photos/737084284/medium.jpg","url":"https://www.inaturalist.org/observations/401579772"},"geometry":{"type":"Point","coordinates":[-74.0144195557,40.6902313232]}},{"type":"Feature","properties":{"id":"inat-401685511","inat_id":401685511,"observed_on":"2026-09-19","taxon_id":12901,"name":"Veery","sci_name":"Catharus fuscescens","iconic_taxon":"Aves","rank":"species","user":"elharo","photo":"https://static.inaturalist.org/photos/737287228/medium.jpg","url":"https://www.inaturalist.org/observations/401685511"},"geometry":{"type":"Point","coordinates":[-73.9721683333,40.6597516667]}},{"type":"Feature","properties":{"id":"inat-401579368","inat_id":401579368,"observed_on":"2026-09-19","taxon_id":891308,"name":"hornbeam copperleaf","sci_name":"Acalypha persimilis","iconic_taxon":"Plantae","rank":"species","user":"cmanias","photo":"https://inaturalist-open-data.s3.amazonaws.com/photos/737083680/medium.jpg","url":"https://www.inaturalist.org/observations/401579368"},"geometry":{"type":"Point","coordinates":[-73.9301755312,40.6041342374]}},{"type":"Feature","properties":{"id":"inat-401586871","inat_id":401586871,"observed_on":"2026-09-19","taxon_id":12727,"name":"American Robin","sci_name":"Turdus migratorius","iconic_taxon":"Aves","rank":"species","user":"maya2001","photo":"https://static.inaturalist.org/photos/737098162/medium.jpg","url":"https://www.inaturalist.org/observations/401586871"},"geometry":{"type":"Point","coordinates":[-73.9689704847,40.7811252062]}},{"type":"Feature","properties":{"id":"inat-401586739","inat_id":401586739,"observed_on":"2026-09-19","taxon_id":49504,"name":"Atlantic Blue Crab","sci_name":"Callinectes sapidus","iconic_taxon":"Animalia","rank":"species","user":"vinny_herpenthusiast","photo":"https://inaturalist-open-data.s3.amazonaws.com/photos/737097921/medium.jpg","url":"https://www.inaturalist.org/observations/401586739"},"geometry":{"type":"Point","coordinates":[-73.7868416667,40.870975]}},{"type":"Feature","properties":{"id":"inat-401685513","inat_id":401685513,"observed_on":"2026-09-19","taxon_id":12878,"name":"Swainson's Thrush","sci_name":"Catharus ustulatus","iconic_taxon":"Aves","rank":"species","user":"elharo","photo":"https://static.inaturalist.org/photos/737287232/medium.jpg","url":"https://www.inaturalist.org/observations/401685513"},"geometry":{"type":"Point","coordinates":[-73.9721683333,40.6597516667]}},{"type":"Feature","properties":{"id":"inat-401586895","inat_id":401586895,"observed_on":"2026-09-19","taxon_id":46017,"name":"Eastern Gray Squirrel","sci_name":"Sciurus carolinensis","iconic_taxon":"Mammalia","rank":"species","user":"maya2001","photo":"https://static.inaturalist.org/photos/737098224/medium.jpg","url":"https://www.inaturalist.org/observations/401586895"},"geometry":{"type":"Point","coordinates":[-73.9689791301,40.7811391215]}},{"type":"Feature","properties":{"id":"inat-401578923","inat_id":401578923,"observed_on":"2026-09-19","taxon_id":49288,"name":"mayapple","sci_name":"Podophyllum peltatum","iconic_taxon":"Plantae","rank":"species","user":"umevelvets","photo":"https://inaturalist-open-data.s3.amazonaws.com/photos/737082984/medium.jpg","url":"https://www.inaturalist.org/observations/401578923"},"geometry":{"type":"Point","coordinates":[-73.9699630737,40.7769775391]}},{"type":"Feature","properties":{"id":"inat-401626906","inat_id":401626906,"observed_on":"2026-09-19","taxon_id":324726,"name":"Spotted Lanternfly","sci_name":"Lycorma delicatula","iconic_taxon":"Insecta","rank":"species","user":"marieviljoen","photo":"https://inaturalist-open-data.s3.amazonaws.com/photos/737173257/medium.jpg","url":"https://www.inaturalist.org/observations/401626906"},"geometry":{"type":"Point","coordinates":[-73.89905493,40.55971811]}},{"type":"Feature","properties":{"id":"inat-401632239","inat_id":401632239,"observed_on":"2026-09-19","taxon_id":9135,"name":"Chipping Sparrow","sci_name":"Spizella passerina","iconic_taxon":"Aves","rank":"species","user":"tim11374","photo":"https://inaturalist-open-data.s3.amazonaws.com/photos/737183176/medium.jpg","url":"https://www.inaturalist.org/observations/401632239"},"geometry":{"type":"Point","coordinates":[-73.8793268041,40.8636851415]}},{"type":"Feature","properties":{"id":"inat-401578377","inat_id":401578377,"observed_on":"2026-09-19","taxon_id":144047,"name":"American jumpseed","sci_name":"Persicaria virginiana","iconic_taxon":"Plantae","rank":"species","user":"elharo","photo":"https://static.inaturalist.org/photos/737601543/medium.jpg","url":"https://www.inaturalist.org/observations/401578377"},"geometry":{"type":"Point","coordinates":[-73.9728032538,40.6602436719]}},{"type":"Feature","properties":{"id":"inat-401578592","inat_id":401578592,"observed_on":"2026-09-19","taxon_id":163087,"name":"Slender Snakecotton","sci_name":"Froelichia gracilis","iconic_taxon":"Plantae","rank":"species","user":"marieviljoen","photo":"https://inaturalist-open-data.s3.amazonaws.com/photos/737173127/medium.jpg","url":"https://www.inaturalist.org/observations/401578592"},"geometry":{"type":"Point","coordinates":[-73.9030974,40.5598956]}},{"type":"Feature","properties":{"id":"inat-401577774","inat_id":401577774,"observed_on":"2026-09-19","taxon_id":13858,"name":"House Sparrow","sci_name":"Passer domesticus","iconic_taxon":"Aves","rank":"species","user":"mota18","photo":"https://inaturalist-open-data.s3.amazonaws.com/photos/737080836/medium.jpg","url":"https://www.inaturalist.org/observations/401577774"},"geometry":{"type":"Point","coordinates":[-73.97135267,40.77990328]}},{"type":"Feature","properties":{"id":"inat-401630701","inat_id":401630701,"observed_on":"2026-09-19","taxon_id":48484,"name":"Asian Lady Beetle","sci_name":"Harmonia axyridis","iconic_taxon":"Insecta","rank":"species","user":"tim11374","photo":"https://inaturalist-open-data.s3.amazonaws.com/photos/737180353/medium.jpg","url":"https://www.inaturalist.org/observations/401630701"},"geometry":{"type":"Point","coordinates":[-73.8785328966,40.8627734919]}},{"type":"Feature","properties":{"id":"inat-401631078","inat_id":401631078,"observed_on":"2026-09-19","taxon_id":103498,"name":"Fragile Forktail","sci_name":"Ischnura posita","iconic_taxon":"Insecta","rank":"species","user":"tim11374","photo":"https://inaturalist-open-data.s3.amazonaws.com/photos/737181053/medium.jpg","url":"https://www.inaturalist.org/observations/401631078"},"geometry":{"type":"Point","coordinates":[-73.8782111006,40.8632564526]}},{"type":"Feature","properties":{"id":"inat-401655246","inat_id":401655246,"observed_on":"2026-09-19","taxon_id":54900,"name":"Eastern Black Swallowtail","sci_name":"Papilio polyxenes asterius","iconic_taxon":"Insecta","rank":"subspecies","user":"csegedimagyar","photo":"https://static.inaturalist.org/photos/737229167/medium.jpg","url":"https://www.inaturalist.org/observations/401655246"},"geometry":{"type":"Point","coordinates":[-73.9954656735,40.6557951673]}},{"type":"Feature","properties":{"id":"inat-402495165","inat_id":402495165,"observed_on":"2026-09-19","taxon_id":50340,"name":"Fiery Skipper","sci_name":"Hylephila phyleus","iconic_taxon":"Insecta","rank":"species","user":"aburnett3351","photo":"https://inaturalist-open-data.s3.amazonaws.com/photos/738893974/medium.jpg","url":"https://www.inaturalist.org/observations/402495165"},"geometry":{"type":"Point","coordinates":[-73.9553808732,40.7933065644]}},{"type":"Feature","properties":{"id":"inat-401575672","inat_id":401575672,"observed_on":"2026-09-19","taxon_id":19893,"name":"Barred Owl","sci_name":"Strix varia","iconic_taxon":"Aves","rank":"species","user":"nycnatureobserver","photo":"https://static.inaturalist.org/photos/737076694/medium.jpg","url":"https://www.inaturalist.org/observations/401575672"},"geometry":{"type":"Point","coordinates":[-73.9707886008,40.777456713]}},{"type":"Feature","properties":{"id":"inat-402495195","inat_id":402495195,"observed_on":"2026-09-19","taxon_id":48549,"name":"American Lady","sci_name":"Vanessa virginiensis","iconic_taxon":"Insecta","rank":"species","user":"aburnett3351","photo":"https://inaturalist-open-data.s3.amazonaws.com/photos/738894330/medium.jpg","url":"https://www.inaturalist.org/observations/402495195"},"geometry":{"type":"Point","coordinates":[-73.9553808732,40.7933065644]}},{"type":"Feature","properties":{"id":"inat-402495166","inat_id":402495166,"observed_on":"2026-09-19","taxon_id":50340,"name":"Fiery Skipper","sci_name":"Hylephila phyleus","iconic_taxon":"Insecta","rank":"species","user":"aburnett3351","photo":"https://inaturalist-open-data.s3.amazonaws.com/photos/738893576/medium.jpg","url":"https://www.inaturalist.org/observations/402495166"},"geometry":{"type":"Point","coordinates":[-73.9553808732,40.7933065644]}},{"type":"Feature","properties":{"id":"inat-401575565","inat_id":401575565,"observed_on":"2026-09-19","taxon_id":49133,"name":"Red Admiral","sci_name":"Vanessa atalanta","iconic_taxon":"Insecta","rank":"species","user":"websandflow","photo":"https://inaturalist-open-data.s3.amazonaws.com/photos/737076702/medium.jpg","url":"https://www.inaturalist.org/observations/401575565"},"geometry":{"type":"Point","coordinates":[-74.0012207031,40.6536636353]}},{"type":"Feature","properties":{"id":"inat-401628796","inat_id":401628796,"observed_on":"2026-09-19","taxon_id":141626,"name":"False Milkweed Bug","sci_name":"Lygaeus turcicus","iconic_taxon":"Insecta","rank":"species","user":"tim11374","photo":"https://inaturalist-open-data.s3.amazonaws.com/photos/737176801/medium.jpg","url":"https://www.inaturalist.org/observations/401628796"},"geometry":{"type":"Point","coordinates":[-73.8786423604,40.8634766118]}},{"type":"Feature","properties":{"id":"inat-402495163","inat_id":402495163,"observed_on":"2026-09-19","taxon_id":1455248,"name":"Huron Skipper","sci_name":"Atalopedes huron","iconic_taxon":"Insecta","rank":"species","user":"aburnett3351","photo":"https://inaturalist-open-data.s3.amazonaws.com/photos/738893577/medium.jpg","url":"https://www.inaturalist.org/observations/402495163"},"geometry":{"type":"Point","coordinates":[-73.9553808732,40.7933065644]}},{"type":"Feature","properties":{"id":"inat-401575025","inat_id":401575025,"observed_on":"2026-09-19","taxon_id":54412,"name":"Christmas fern","sci_name":"Polystichum acrostichoides","iconic_taxon":"Plantae","rank":"species","user":"umevelvets","photo":"https://inaturalist-open-data.s3.amazonaws.com/photos/737075448/medium.jpg","url":"https://www.inaturalist.org/observations/401575025"},"geometry":{"type":"Point","coordinates":[-73.9700775146,40.7769050598]}},{"type":"Feature","properties":{"id":"inat-401574842","inat_id":401574842,"observed_on":"2026-09-19","taxon_id":119048,"name":"white snakeroot","sci_name":"Ageratina altissima","iconic_taxon":"Plantae","rank":"species","user":"umevelvets","photo":"https://inaturalist-open-data.s3.amazonaws.com/photos/737075106/medium.jpg","url":"https://www.inaturalist.org/observations/401574842"},"geometry":{"type":"Point","coordinates":[-73.9703598022,40.7767677307]}},{"type":"Feature","properties":{"id":"inat-401578684","inat_id":401578684,"observed_on":"2026-09-19","taxon_id":122767,"name":"Feral Pigeon","sci_name":"Columba livia domestica","iconic_taxon":"Aves","rank":"variety","user":"mms2394","photo":"https://inaturalist-open-data.s3.amazonaws.com/photos/737082356/medium.jpg","url":"https://www.inaturalist.org/observations/401578684"},"geometry":{"type":"Point","coordinates":[-73.976930171,40.7801791745]}},{"type":"Feature","properties":{"id":"inat-401642429","inat_id":401642429,"observed_on":"2026-09-19","taxon_id":68912,"name":"Woodlouse Spider","sci_name":"Dysdera crocata","iconic_taxon":"Arachnida","rank":"species","user":"frederica","photo":"https://static.inaturalist.org/photos/737202866/medium.jpg","url":"https://www.inaturalist.org/observations/401642429"},"geometry":{"type":"Point","coordinates":[-73.9560866667,40.7604616667]}},{"type":"Feature","properties":{"id":"inat-401574530","inat_id":401574530,"observed_on":"2026-09-19","taxon_id":54785,"name":"pin oak","sci_name":"Quercus palustris","iconic_taxon":"Plantae","rank":"species","user":"websandflow","photo":"https://inaturalist-open-data.s3.amazonaws.com/photos/737074654/medium.jpg","url":"https://www.inaturalist.org/observations/401574530"},"geometry":{"type":"Point","coordinates":[-74.0012969971,40.6535224915]}},{"type":"Feature","properties":{"id":"inat-401584561","inat_id":401584561,"observed_on":"2026-09-19","taxon_id":12727,"name":"American Robin","sci_name":"Turdus migratorius","iconic_taxon":"Aves","rank":"species","user":"mota18","photo":"https://inaturalist-open-data.s3.amazonaws.com/photos/737093584/medium.jpg","url":"https://www.inaturalist.org/observations/401584561"},"geometry":{"type":"Point","coordinates":[-73.97197254,40.7812235952]}},{"type":"Feature","properties":{"id":"inat-401577852","inat_id":401577852,"observed_on":"2026-09-19","taxon_id":3454,"name":"Mourning Dove","sci_name":"Zenaida macroura","iconic_taxon":"Aves","rank":"species","user":"joel_rhee","photo":"https://inaturalist-open-data.s3.amazonaws.com/photos/737080687/medium.jpg","url":"https://www.inaturalist.org/observations/401577852"},"geometry":{"type":"Point","coordinates":[-73.8042666667,40.7469416667]}},{"type":"Feature","properties":{"id":"inat-402329740","inat_id":402329740,"observed_on":"2026-09-19","taxon_id":10271,"name":"Rose-breasted Grosbeak","sci_name":"Pheucticus ludovicianus","iconic_taxon":"Aves","rank":"species","user":"gavin55699","photo":"https://inaturalist-open-data.s3.amazonaws.com/photos/738572119/medium.jpg","url":"https://www.inaturalist.org/observations/402329740"},"geometry":{"type":"Point","coordinates":[-73.9694175357,40.7773776321]}},{"type":"Feature","properties":{"id":"inat-401664872","inat_id":401664872,"observed_on":"2026-09-19","taxon_id":6432,"name":"Ruby-throated Hummingbird","sci_name":"Archilochus colubris","iconic_taxon":"Aves","rank":"species","user":"darfio","photo":"https://inaturalist-open-data.s3.amazonaws.com/photos/737245176/medium.jpg","url":"https://www.inaturalist.org/observations/401664872"},"geometry":{"type":"Point","coordinates":[-73.9694240913,40.7777750654]}},{"type":"Feature","properties":{"id":"inat-401599093","inat_id":401599093,"observed_on":"2026-09-19","taxon_id":55556,"name":"Large Milkweed Bug","sci_name":"Oncopeltus fasciatus","iconic_taxon":"Insecta","rank":"species","user":"imcoyote","photo":"https://inaturalist-open-data.s3.amazonaws.com/photos/737119595/medium.jpg","url":"https://www.inaturalist.org/observations/401599093"},"geometry":{"type":"Point","coordinates":[-73.8856883333,40.6874383333]}},{"type":"Feature","properties":{"id":"inat-401583354","inat_id":401583354,"observed_on":"2026-09-19","taxon_id":47888,"name":"common jewelweed","sci_name":"Impatiens capensis","iconic_taxon":"Plantae","rank":"species","user":"liam82514","photo":"https://inaturalist-open-data.s3.amazonaws.com/photos/737091503/medium.jpg","url":"https://www.inaturalist.org/observations/401583354"},"geometry":{"type":"Point","coordinates":[-73.9692957291,40.7777169039]}},{"type":"Feature","properties":{"id":"inat-401651851","inat_id":401651851,"observed_on":"2026-09-19","taxon_id":143803,"name":"low smartweed","sci_name":"Persicaria longiseta","iconic_taxon":"Plantae","rank":"species","user":"amani23213","photo":"https://inaturalist-open-data.s3.amazonaws.com/photos/737222349/medium.jpg","url":"https://www.inaturalist.org/observations/401651851"},"geometry":{"type":"Point","coordinates":[-73.9692216667,40.7778083333]}},{"type":"Feature","properties":{"id":"inat-401574945","inat_id":401574945,"observed_on":"2026-09-19","taxon_id":53582,"name":"American tuliptree","sci_name":"Liriodendron tulipifera","iconic_taxon":"Plantae","rank":"species","user":"elharo","photo":"https://static.inaturalist.org/photos/737081313/medium.jpg","url":"https://www.inaturalist.org/observations/401574945"},"geometry":{"type":"Point","coordinates":[-73.97254258,40.659099626]}},{"type":"Feature","properties":{"id":"inat-401586426","inat_id":401586426,"observed_on":"2026-09-19","taxon_id":1546004,"name":"Northern Mummichog","sci_name":"Fundulus heteroclitus macrolepidotus","iconic_taxon":"Actinopterygii","rank":"subspecies","user":"vinny_herpenthusiast","photo":"https://inaturalist-open-data.s3.amazonaws.com/photos/737097364/medium.jpg","url":"https://www.inaturalist.org/observations/401586426"},"geometry":{"type":"Point","coordinates":[-73.7830116667,40.870725]}},{"type":"Feature","properties":{"id":"inat-401584015","inat_id":401584015,"observed_on":"2026-09-19","taxon_id":19893,"name":"Barred Owl","sci_name":"Strix varia","iconic_taxon":"Aves","rank":"species","user":"mota18","photo":"https://inaturalist-open-data.s3.amazonaws.com/photos/737092674/medium.jpg","url":"https://www.inaturalist.org/observations/401584015"},"geometry":{"type":"Point","coordinates":[-73.9715651816,40.7043364333]}},{"type":"Feature","properties":{"id":"inat-401573109","inat_id":401573109,"observed_on":"2026-09-19","taxon_id":83150,"name":"strawberry bush","sci_name":"Euonymus americanus","iconic_taxon":"Plantae","rank":"species","user":"umevelvets","photo":"https://inaturalist-open-data.s3.amazonaws.com/photos/737105513/medium.jpg","url":"https://www.inaturalist.org/observations/401573109"},"geometry":{"type":"Point","coordinates":[-73.9429550546,40.7162611603]}},{"type":"Feature","properties":{"id":"inat-402329421","inat_id":402329421,"observed_on":"2026-09-19","taxon_id":199916,"name":"Black-throated Blue Warbler","sci_name":"Setophaga caerulescens","iconic_taxon":"Aves","rank":"species","user":"gavin55699","photo":"https://inaturalist-open-data.s3.amazonaws.com/photos/738571658/medium.jpg","url":"https://www.inaturalist.org/observations/402329421"},"geometry":{"type":"Point","coordinates":[-73.9697899086,40.7772645482]}},{"type":"Feature","properties":{"id":"inat-401572895","inat_id":401572895,"observed_on":"2026-09-19","taxon_id":127685,"name":"White Wood Aster","sci_name":"Eurybia divaricata","iconic_taxon":"Plantae","rank":"species","user":"umevelvets","photo":"https://inaturalist-open-data.s3.amazonaws.com/photos/737071051/medium.jpg","url":"https://www.inaturalist.org/observations/401572895"},"geometry":{"type":"Point","coordinates":[-73.970123291,40.7768211365]}},{"type":"Feature","properties":{"id":"inat-401664868","inat_id":401664868,"observed_on":"2026-09-19","taxon_id":10271,"name":"Rose-breasted Grosbeak","sci_name":"Pheucticus ludovicianus","iconic_taxon":"Aves","rank":"species","user":"darfio","photo":"https://inaturalist-open-data.s3.amazonaws.com/photos/737245025/medium.jpg","url":"https://www.inaturalist.org/observations/401664868"},"geometry":{"type":"Point","coordinates":[-73.968943185,40.777300963]}},{"type":"Feature","properties":{"id":"inat-401577838","inat_id":401577838,"observed_on":"2026-09-19","taxon_id":52911,"name":"Bald-faced Hornet","sci_name":"Dolichovespula maculata","iconic_taxon":"Insecta","rank":"species","user":"joel_rhee","photo":"https://inaturalist-open-data.s3.amazonaws.com/photos/737080848/medium.jpg","url":"https://www.inaturalist.org/observations/401577838"},"geometry":{"type":"Point","coordinates":[-73.8050466667,40.7457716667]}},{"type":"Feature","properties":{"id":"inat-401645220","inat_id":401645220,"observed_on":"2026-09-19","taxon_id":49504,"name":"Atlantic Blue Crab","sci_name":"Callinectes sapidus","iconic_taxon":"Animalia","rank":"species","user":"dummisauce","photo":"https://inaturalist-open-data.s3.amazonaws.com/photos/737208697/medium.jpg","url":"https://www.inaturalist.org/observations/401645220"},"geometry":{"type":"Point","coordinates":[-73.9317977,40.6023639]}},{"type":"Feature","properties":{"id":"inat-401664866","inat_id":401664866,"observed_on":"2026-09-19","taxon_id":10286,"name":"Black-and-white Warbler","sci_name":"Mniotilta varia","iconic_taxon":"Aves","rank":"species","user":"darfio","photo":"https://inaturalist-open-data.s3.amazonaws.com/photos/737244942/medium.jpg","url":"https://www.inaturalist.org/observations/401664866"},"geometry":{"type":"Point","coordinates":[-73.9695161601,40.7769208173]}},{"type":"Feature","properties":{"id":"inat-402234012","inat_id":402234012,"observed_on":"2026-09-19","taxon_id":13270,"name":"Wood Thrush","sci_name":"Hylocichla mustelina","iconic_taxon":"Aves","rank":"species","user":"bloopfactory","photo":"https://inaturalist-open-data.s3.amazonaws.com/photos/738382547/medium.jpg","url":"https://www.inaturalist.org/observations/402234012"},"geometry":{"type":"Point","coordinates":[-73.9697174728,40.7778736413]}},{"type":"Feature","properties":{"id":"inat-401571458","inat_id":401571458,"observed_on":"2026-09-19","taxon_id":6930,"name":"Mallard","sci_name":"Anas platyrhynchos","iconic_taxon":"Aves","rank":"species","user":"lucy76367","photo":"https://static.inaturalist.org/photos/737068610/medium.jpg","url":"https://www.inaturalist.org/observations/401571458"},"geometry":{"type":"Point","coordinates":[-74.0881277778,40.5783583333]}},{"type":"Feature","properties":{"id":"inat-401896382","inat_id":401896382,"observed_on":"2026-09-19","taxon_id":141626,"name":"False Milkweed Bug","sci_name":"Lygaeus turcicus","iconic_taxon":"Insecta","rank":"species","user":"kenchaya","photo":"https://static.inaturalist.org/photos/737708195/medium.jpg","url":"https://www.inaturalist.org/observations/401896382"},"geometry":{"type":"Point","coordinates":[-73.8789721876,40.8634948237]}},{"type":"Feature","properties":{"id":"inat-401823687","inat_id":401823687,"observed_on":"2026-09-19","taxon_id":141626,"name":"False Milkweed Bug","sci_name":"Lygaeus turcicus","iconic_taxon":"Insecta","rank":"species","user":"busch_laura","photo":"https://inaturalist-open-data.s3.amazonaws.com/photos/737568172/medium.jpg","url":"https://www.inaturalist.org/observations/401823687"},"geometry":{"type":"Point","coordinates":[-73.8786915822,40.8636913836]}},{"type":"Feature","properties":{"id":"inat-401570363","inat_id":401570363,"observed_on":"2026-09-19","taxon_id":53582,"name":"American tuliptree","sci_name":"Liriodendron tulipifera","iconic_taxon":"Plantae","rank":"species","user":"john_virzi_hort","photo":"https://static.inaturalist.org/photos/737066816/medium.jpg","url":"https://www.inaturalist.org/observations/401570363"},"geometry":{"type":"Point","coordinates":[-73.7584535313,40.7600155799]}},{"type":"Feature","properties":{"id":"inat-401632926","inat_id":401632926,"observed_on":"2026-09-19","taxon_id":119048,"name":"white snakeroot","sci_name":"Ageratina altissima","iconic_taxon":"Plantae","rank":"species","user":"endoblue","photo":"https://inaturalist-open-data.s3.amazonaws.com/photos/737184432/medium.jpg","url":"https://www.inaturalist.org/observations/401632926"},"geometry":{"type":"Point","coordinates":[-73.9691061606,40.7759782764]}}]}